energy	raw_row	raw_index	raw_basis_element	bv_variable	field_redefinition	conventional_bv_ghost_number	antifield_number	local_tangent_degree	compact_degree	primary_weight	polynomial_level	so4_content	differential_image	differential_target	image_nnz	equality_certificate
2	G_n	0	c_mu_0[P3^3]	diffeomorphism ghost c_mu	c_raw=c	1	0	-1	2	-1	3	(1/2,1/2) tensor Sym^3(1/2,1/2)	K_0 c	M_n:h_0	1	exact
2	G_n	1	c_mu_0[P2*P3^2]	diffeomorphism ghost c_mu	c_raw=c	1	0	-1	2	-1	3	(1/2,1/2) tensor Sym^3(1/2,1/2)	K_0 c	M_n:h_0	2	exact
2	G_n	2	c_mu_0[P2^2*P3]	diffeomorphism ghost c_mu	c_raw=c	1	0	-1	2	-1	3	(1/2,1/2) tensor Sym^3(1/2,1/2)	K_0 c	M_n:h_0	2	exact
2	G_n	3	c_mu_0[P2^3]	diffeomorphism ghost c_mu	c_raw=c	1	0	-1	2	-1	3	(1/2,1/2) tensor Sym^3(1/2,1/2)	K_0 c	M_n:h_0	1	exact
2	G_n	4	c_mu_0[P1*P3^2]	diffeomorphism ghost c_mu	c_raw=c	1	0	-1	2	-1	3	(1/2,1/2) tensor Sym^3(1/2,1/2)	K_0 c	M_n:h_0	2	exact
2	G_n	5	c_mu_0[P1*P2*P3]	diffeomorphism ghost c_mu	c_raw=c	1	0	-1	2	-1	3	(1/2,1/2) tensor Sym^3(1/2,1/2)	K_0 c	M_n:h_0	3	exact
2	G_n	6	c_mu_0[P1*P2^2]	diffeomorphism ghost c_mu	c_raw=c	1	0	-1	2	-1	3	(1/2,1/2) tensor Sym^3(1/2,1/2)	K_0 c	M_n:h_0	2	exact
2	G_n	7	c_mu_0[P1^2*P3]	diffeomorphism ghost c_mu	c_raw=c	1	0	-1	2	-1	3	(1/2,1/2) tensor Sym^3(1/2,1/2)	K_0 c	M_n:h_0	2	exact
2	G_n	8	c_mu_0[P1^2*P2]	diffeomorphism ghost c_mu	c_raw=c	1	0	-1	2	-1	3	(1/2,1/2) tensor Sym^3(1/2,1/2)	K_0 c	M_n:h_0	2	exact
2	G_n	9	c_mu_0[P1^3]	diffeomorphism ghost c_mu	c_raw=c	1	0	-1	2	-1	3	(1/2,1/2) tensor Sym^3(1/2,1/2)	K_0 c	M_n:h_0	1	exact
2	G_n	10	c_mu_0[P0*P3^2]	diffeomorphism ghost c_mu	c_raw=c	1	0	-1	2	-1	3	(1/2,1/2) tensor Sym^3(1/2,1/2)	K_0 c	M_n:h_0	4	exact
2	G_n	11	c_mu_0[P0*P2*P3]	diffeomorphism ghost c_mu	c_raw=c	1	0	-1	2	-1	3	(1/2,1/2) tensor Sym^3(1/2,1/2)	K_0 c	M_n:h_0	5	exact
2	G_n	12	c_mu_0[P0*P2^2]	diffeomorphism ghost c_mu	c_raw=c	1	0	-1	2	-1	3	(1/2,1/2) tensor Sym^3(1/2,1/2)	K_0 c	M_n:h_0	4	exact
2	G_n	13	c_mu_0[P0*P1*P3]	diffeomorphism ghost c_mu	c_raw=c	1	0	-1	2	-1	3	(1/2,1/2) tensor Sym^3(1/2,1/2)	K_0 c	M_n:h_0	5	exact
2	G_n	14	c_mu_0[P0*P1*P2]	diffeomorphism ghost c_mu	c_raw=c	1	0	-1	2	-1	3	(1/2,1/2) tensor Sym^3(1/2,1/2)	K_0 c	M_n:h_0	5	exact
2	G_n	15	c_mu_0[P0*P1^2]	diffeomorphism ghost c_mu	c_raw=c	1	0	-1	2	-1	3	(1/2,1/2) tensor Sym^3(1/2,1/2)	K_0 c	M_n:h_0	4	exact
2	G_n	16	c_mu_0[P0^2*P3]	diffeomorphism ghost c_mu	c_raw=c	1	0	-1	2	-1	3	(1/2,1/2) tensor Sym^3(1/2,1/2)	K_0 c	M_n:h_0	4	exact
2	G_n	17	c_mu_0[P0^2*P2]	diffeomorphism ghost c_mu	c_raw=c	1	0	-1	2	-1	3	(1/2,1/2) tensor Sym^3(1/2,1/2)	K_0 c	M_n:h_0	4	exact
2	G_n	18	c_mu_0[P0^2*P1]	diffeomorphism ghost c_mu	c_raw=c	1	0	-1	2	-1	3	(1/2,1/2) tensor Sym^3(1/2,1/2)	K_0 c	M_n:h_0	4	exact
2	G_n	19	c_mu_0[P0^3]	diffeomorphism ghost c_mu	c_raw=c	1	0	-1	2	-1	3	(1/2,1/2) tensor Sym^3(1/2,1/2)	K_0 c	M_n:h_0	3	exact
2	G_n	20	c_mu_1[P3^3]	diffeomorphism ghost c_mu	c_raw=c	1	0	-1	2	-1	3	(1/2,1/2) tensor Sym^3(1/2,1/2)	K_0 c	M_n:h_0	1	exact
2	G_n	21	c_mu_1[P2*P3^2]	diffeomorphism ghost c_mu	c_raw=c	1	0	-1	2	-1	3	(1/2,1/2) tensor Sym^3(1/2,1/2)	K_0 c	M_n:h_0	2	exact
2	G_n	22	c_mu_1[P2^2*P3]	diffeomorphism ghost c_mu	c_raw=c	1	0	-1	2	-1	3	(1/2,1/2) tensor Sym^3(1/2,1/2)	K_0 c	M_n:h_0	2	exact
2	G_n	23	c_mu_1[P2^3]	diffeomorphism ghost c_mu	c_raw=c	1	0	-1	2	-1	3	(1/2,1/2) tensor Sym^3(1/2,1/2)	K_0 c	M_n:h_0	1	exact
2	G_n	24	c_mu_1[P1*P3^2]	diffeomorphism ghost c_mu	c_raw=c	1	0	-1	2	-1	3	(1/2,1/2) tensor Sym^3(1/2,1/2)	K_0 c	M_n:h_0	4	exact
2	G_n	25	c_mu_1[P1*P2*P3]	diffeomorphism ghost c_mu	c_raw=c	1	0	-1	2	-1	3	(1/2,1/2) tensor Sym^3(1/2,1/2)	K_0 c	M_n:h_0	5	exact
2	G_n	26	c_mu_1[P1*P2^2]	diffeomorphism ghost c_mu	c_raw=c	1	0	-1	2	-1	3	(1/2,1/2) tensor Sym^3(1/2,1/2)	K_0 c	M_n:h_0	4	exact
2	G_n	27	c_mu_1[P1^2*P3]	diffeomorphism ghost c_mu	c_raw=c	1	0	-1	2	-1	3	(1/2,1/2) tensor Sym^3(1/2,1/2)	K_0 c	M_n:h_0	4	exact
2	G_n	28	c_mu_1[P1^2*P2]	diffeomorphism ghost c_mu	c_raw=c	1	0	-1	2	-1	3	(1/2,1/2) tensor Sym^3(1/2,1/2)	K_0 c	M_n:h_0	4	exact
2	G_n	29	c_mu_1[P1^3]	diffeomorphism ghost c_mu	c_raw=c	1	0	-1	2	-1	3	(1/2,1/2) tensor Sym^3(1/2,1/2)	K_0 c	M_n:h_0	3	exact
2	G_n	30	c_mu_1[P0*P3^2]	diffeomorphism ghost c_mu	c_raw=c	1	0	-1	2	-1	3	(1/2,1/2) tensor Sym^3(1/2,1/2)	K_0 c	M_n:h_0	2	exact
2	G_n	31	c_mu_1[P0*P2*P3]	diffeomorphism ghost c_mu	c_raw=c	1	0	-1	2	-1	3	(1/2,1/2) tensor Sym^3(1/2,1/2)	K_0 c	M_n:h_0	3	exact
2	G_n	32	c_mu_1[P0*P2^2]	diffeomorphism ghost c_mu	c_raw=c	1	0	-1	2	-1	3	(1/2,1/2) tensor Sym^3(1/2,1/2)	K_0 c	M_n:h_0	2	exact
2	G_n	33	c_mu_1[P0*P1*P3]	diffeomorphism ghost c_mu	c_raw=c	1	0	-1	2	-1	3	(1/2,1/2) tensor Sym^3(1/2,1/2)	K_0 c	M_n:h_0	5	exact
2	G_n	34	c_mu_1[P0*P1*P2]	diffeomorphism ghost c_mu	c_raw=c	1	0	-1	2	-1	3	(1/2,1/2) tensor Sym^3(1/2,1/2)	K_0 c	M_n:h_0	5	exact
2	G_n	35	c_mu_1[P0*P1^2]	diffeomorphism ghost c_mu	c_raw=c	1	0	-1	2	-1	3	(1/2,1/2) tensor Sym^3(1/2,1/2)	K_0 c	M_n:h_0	4	exact
2	G_n	36	c_mu_1[P0^2*P3]	diffeomorphism ghost c_mu	c_raw=c	1	0	-1	2	-1	3	(1/2,1/2) tensor Sym^3(1/2,1/2)	K_0 c	M_n:h_0	2	exact
2	G_n	37	c_mu_1[P0^2*P2]	diffeomorphism ghost c_mu	c_raw=c	1	0	-1	2	-1	3	(1/2,1/2) tensor Sym^3(1/2,1/2)	K_0 c	M_n:h_0	2	exact
2	G_n	38	c_mu_1[P0^2*P1]	diffeomorphism ghost c_mu	c_raw=c	1	0	-1	2	-1	3	(1/2,1/2) tensor Sym^3(1/2,1/2)	K_0 c	M_n:h_0	4	exact
2	G_n	39	c_mu_1[P0^3]	diffeomorphism ghost c_mu	c_raw=c	1	0	-1	2	-1	3	(1/2,1/2) tensor Sym^3(1/2,1/2)	K_0 c	M_n:h_0	1	exact
2	G_n	40	c_mu_2[P3^3]	diffeomorphism ghost c_mu	c_raw=c	1	0	-1	2	-1	3	(1/2,1/2) tensor Sym^3(1/2,1/2)	K_0 c	M_n:h_0	1	exact
2	G_n	41	c_mu_2[P2*P3^2]	diffeomorphism ghost c_mu	c_raw=c	1	0	-1	2	-1	3	(1/2,1/2) tensor Sym^3(1/2,1/2)	K_0 c	M_n:h_0	4	exact
2	G_n	42	c_mu_2[P2^2*P3]	diffeomorphism ghost c_mu	c_raw=c	1	0	-1	2	-1	3	(1/2,1/2) tensor Sym^3(1/2,1/2)	K_0 c	M_n:h_0	4	exact
2	G_n	43	c_mu_2[P2^3]	diffeomorphism ghost c_mu	c_raw=c	1	0	-1	2	-1	3	(1/2,1/2) tensor Sym^3(1/2,1/2)	K_0 c	M_n:h_0	3	exact
2	G_n	44	c_mu_2[P1*P3^2]	diffeomorphism ghost c_mu	c_raw=c	1	0	-1	2	-1	3	(1/2,1/2) tensor Sym^3(1/2,1/2)	K_0 c	M_n:h_0	2	exact
2	G_n	45	c_mu_2[P1*P2*P3]	diffeomorphism ghost c_mu	c_raw=c	1	0	-1	2	-1	3	(1/2,1/2) tensor Sym^3(1/2,1/2)	K_0 c	M_n:h_0	5	exact
2	G_n	46	c_mu_2[P1*P2^2]	diffeomorphism ghost c_mu	c_raw=c	1	0	-1	2	-1	3	(1/2,1/2) tensor Sym^3(1/2,1/2)	K_0 c	M_n:h_0	4	exact
2	G_n	47	c_mu_2[P1^2*P3]	diffeomorphism ghost c_mu	c_raw=c	1	0	-1	2	-1	3	(1/2,1/2) tensor Sym^3(1/2,1/2)	K_0 c	M_n:h_0	2	exact
2	G_n	48	c_mu_2[P1^2*P2]	diffeomorphism ghost c_mu	c_raw=c	1	0	-1	2	-1	3	(1/2,1/2) tensor Sym^3(1/2,1/2)	K_0 c	M_n:h_0	4	exact
2	G_n	49	c_mu_2[P1^3]	diffeomorphism ghost c_mu	c_raw=c	1	0	-1	2	-1	3	(1/2,1/2) tensor Sym^3(1/2,1/2)	K_0 c	M_n:h_0	1	exact
2	G_n	50	c_mu_2[P0*P3^2]	diffeomorphism ghost c_mu	c_raw=c	1	0	-1	2	-1	3	(1/2,1/2) tensor Sym^3(1/2,1/2)	K_0 c	M_n:h_0	2	exact
2	G_n	51	c_mu_2[P0*P2*P3]	diffeomorphism ghost c_mu	c_raw=c	1	0	-1	2	-1	3	(1/2,1/2) tensor Sym^3(1/2,1/2)	K_0 c	M_n:h_0	5	exact
2	G_n	52	c_mu_2[P0*P2^2]	diffeomorphism ghost c_mu	c_raw=c	1	0	-1	2	-1	3	(1/2,1/2) tensor Sym^3(1/2,1/2)	K_0 c	M_n:h_0	4	exact
2	G_n	53	c_mu_2[P0*P1*P3]	diffeomorphism ghost c_mu	c_raw=c	1	0	-1	2	-1	3	(1/2,1/2) tensor Sym^3(1/2,1/2)	K_0 c	M_n:h_0	3	exact
2	G_n	54	c_mu_2[P0*P1*P2]	diffeomorphism ghost c_mu	c_raw=c	1	0	-1	2	-1	3	(1/2,1/2) tensor Sym^3(1/2,1/2)	K_0 c	M_n:h_0	5	exact
2	G_n	55	c_mu_2[P0*P1^2]	diffeomorphism ghost c_mu	c_raw=c	1	0	-1	2	-1	3	(1/2,1/2) tensor Sym^3(1/2,1/2)	K_0 c	M_n:h_0	2	exact
2	G_n	56	c_mu_2[P0^2*P3]	diffeomorphism ghost c_mu	c_raw=c	1	0	-1	2	-1	3	(1/2,1/2) tensor Sym^3(1/2,1/2)	K_0 c	M_n:h_0	2	exact
2	G_n	57	c_mu_2[P0^2*P2]	diffeomorphism ghost c_mu	c_raw=c	1	0	-1	2	-1	3	(1/2,1/2) tensor Sym^3(1/2,1/2)	K_0 c	M_n:h_0	4	exact
2	G_n	58	c_mu_2[P0^2*P1]	diffeomorphism ghost c_mu	c_raw=c	1	0	-1	2	-1	3	(1/2,1/2) tensor Sym^3(1/2,1/2)	K_0 c	M_n:h_0	2	exact
2	G_n	59	c_mu_2[P0^3]	diffeomorphism ghost c_mu	c_raw=c	1	0	-1	2	-1	3	(1/2,1/2) tensor Sym^3(1/2,1/2)	K_0 c	M_n:h_0	1	exact
2	G_n	60	c_mu_3[P3^3]	diffeomorphism ghost c_mu	c_raw=c	1	0	-1	2	-1	3	(1/2,1/2) tensor Sym^3(1/2,1/2)	K_0 c	M_n:h_0	3	exact
2	G_n	61	c_mu_3[P2*P3^2]	diffeomorphism ghost c_mu	c_raw=c	1	0	-1	2	-1	3	(1/2,1/2) tensor Sym^3(1/2,1/2)	K_0 c	M_n:h_0	4	exact
2	G_n	62	c_mu_3[P2^2*P3]	diffeomorphism ghost c_mu	c_raw=c	1	0	-1	2	-1	3	(1/2,1/2) tensor Sym^3(1/2,1/2)	K_0 c	M_n:h_0	4	exact
2	G_n	63	c_mu_3[P2^3]	diffeomorphism ghost c_mu	c_raw=c	1	0	-1	2	-1	3	(1/2,1/2) tensor Sym^3(1/2,1/2)	K_0 c	M_n:h_0	1	exact
2	G_n	64	c_mu_3[P1*P3^2]	diffeomorphism ghost c_mu	c_raw=c	1	0	-1	2	-1	3	(1/2,1/2) tensor Sym^3(1/2,1/2)	K_0 c	M_n:h_0	4	exact
2	G_n	65	c_mu_3[P1*P2*P3]	diffeomorphism ghost c_mu	c_raw=c	1	0	-1	2	-1	3	(1/2,1/2) tensor Sym^3(1/2,1/2)	K_0 c	M_n:h_0	5	exact
2	G_n	66	c_mu_3[P1*P2^2]	diffeomorphism ghost c_mu	c_raw=c	1	0	-1	2	-1	3	(1/2,1/2) tensor Sym^3(1/2,1/2)	K_0 c	M_n:h_0	2	exact
2	G_n	67	c_mu_3[P1^2*P3]	diffeomorphism ghost c_mu	c_raw=c	1	0	-1	2	-1	3	(1/2,1/2) tensor Sym^3(1/2,1/2)	K_0 c	M_n:h_0	4	exact
2	G_n	68	c_mu_3[P1^2*P2]	diffeomorphism ghost c_mu	c_raw=c	1	0	-1	2	-1	3	(1/2,1/2) tensor Sym^3(1/2,1/2)	K_0 c	M_n:h_0	2	exact
2	G_n	69	c_mu_3[P1^3]	diffeomorphism ghost c_mu	c_raw=c	1	0	-1	2	-1	3	(1/2,1/2) tensor Sym^3(1/2,1/2)	K_0 c	M_n:h_0	1	exact
2	G_n	70	c_mu_3[P0*P3^2]	diffeomorphism ghost c_mu	c_raw=c	1	0	-1	2	-1	3	(1/2,1/2) tensor Sym^3(1/2,1/2)	K_0 c	M_n:h_0	4	exact
2	G_n	71	c_mu_3[P0*P2*P3]	diffeomorphism ghost c_mu	c_raw=c	1	0	-1	2	-1	3	(1/2,1/2) tensor Sym^3(1/2,1/2)	K_0 c	M_n:h_0	5	exact
2	G_n	72	c_mu_3[P0*P2^2]	diffeomorphism ghost c_mu	c_raw=c	1	0	-1	2	-1	3	(1/2,1/2) tensor Sym^3(1/2,1/2)	K_0 c	M_n:h_0	2	exact
2	G_n	73	c_mu_3[P0*P1*P3]	diffeomorphism ghost c_mu	c_raw=c	1	0	-1	2	-1	3	(1/2,1/2) tensor Sym^3(1/2,1/2)	K_0 c	M_n:h_0	5	exact
2	G_n	74	c_mu_3[P0*P1*P2]	diffeomorphism ghost c_mu	c_raw=c	1	0	-1	2	-1	3	(1/2,1/2) tensor Sym^3(1/2,1/2)	K_0 c	M_n:h_0	3	exact
2	G_n	75	c_mu_3[P0*P1^2]	diffeomorphism ghost c_mu	c_raw=c	1	0	-1	2	-1	3	(1/2,1/2) tensor Sym^3(1/2,1/2)	K_0 c	M_n:h_0	2	exact
2	G_n	76	c_mu_3[P0^2*P3]	diffeomorphism ghost c_mu	c_raw=c	1	0	-1	2	-1	3	(1/2,1/2) tensor Sym^3(1/2,1/2)	K_0 c	M_n:h_0	4	exact
2	G_n	77	c_mu_3[P0^2*P2]	diffeomorphism ghost c_mu	c_raw=c	1	0	-1	2	-1	3	(1/2,1/2) tensor Sym^3(1/2,1/2)	K_0 c	M_n:h_0	2	exact
2	G_n	78	c_mu_3[P0^2*P1]	diffeomorphism ghost c_mu	c_raw=c	1	0	-1	2	-1	3	(1/2,1/2) tensor Sym^3(1/2,1/2)	K_0 c	M_n:h_0	2	exact
2	G_n	79	c_mu_3[P0^3]	diffeomorphism ghost c_mu	c_raw=c	1	0	-1	2	-1	3	(1/2,1/2) tensor Sym^3(1/2,1/2)	K_0 c	M_n:h_0	1	exact
2	G_n	80	Omega[P3^2]	Weyl ghost omega	Omega=omega+(partial.c)/4	1	0	-1	2	0	2	(0,0) tensor Sym^2(1/2,1/2)	tau	M_n:tau	1	exact
2	G_n	81	Omega[P2*P3]	Weyl ghost omega	Omega=omega+(partial.c)/4	1	0	-1	2	0	2	(0,0) tensor Sym^2(1/2,1/2)	tau	M_n:tau	1	exact
2	G_n	82	Omega[P2^2]	Weyl ghost omega	Omega=omega+(partial.c)/4	1	0	-1	2	0	2	(0,0) tensor Sym^2(1/2,1/2)	tau	M_n:tau	1	exact
2	G_n	83	Omega[P1*P3]	Weyl ghost omega	Omega=omega+(partial.c)/4	1	0	-1	2	0	2	(0,0) tensor Sym^2(1/2,1/2)	tau	M_n:tau	1	exact
2	G_n	84	Omega[P1*P2]	Weyl ghost omega	Omega=omega+(partial.c)/4	1	0	-1	2	0	2	(0,0) tensor Sym^2(1/2,1/2)	tau	M_n:tau	1	exact
2	G_n	85	Omega[P1^2]	Weyl ghost omega	Omega=omega+(partial.c)/4	1	0	-1	2	0	2	(0,0) tensor Sym^2(1/2,1/2)	tau	M_n:tau	1	exact
2	G_n	86	Omega[P0*P3]	Weyl ghost omega	Omega=omega+(partial.c)/4	1	0	-1	2	0	2	(0,0) tensor Sym^2(1/2,1/2)	tau	M_n:tau	1	exact
2	G_n	87	Omega[P0*P2]	Weyl ghost omega	Omega=omega+(partial.c)/4	1	0	-1	2	0	2	(0,0) tensor Sym^2(1/2,1/2)	tau	M_n:tau	1	exact
2	G_n	88	Omega[P0*P1]	Weyl ghost omega	Omega=omega+(partial.c)/4	1	0	-1	2	0	2	(0,0) tensor Sym^2(1/2,1/2)	tau	M_n:tau	1	exact
2	G_n	89	Omega[P0^2]	Weyl ghost omega	Omega=omega+(partial.c)/4	1	0	-1	2	0	2	(0,0) tensor Sym^2(1/2,1/2)	tau	M_n:tau	1	exact
2	M_n	90	h_0_(01)[P3^2]	trace-free metric fluctuation	h_0=h-eta tr(h)/4	0	0	0	2	0	2	(1,1) tensor Sym^2(1/2,1/2)	B_lin h_0	E_n:hstar_0	0	exact
2	M_n	91	h_0_(01)[P2*P3]	trace-free metric fluctuation	h_0=h-eta tr(h)/4	0	0	0	2	0	2	(1,1) tensor Sym^2(1/2,1/2)	B_lin h_0	E_n:hstar_0	0	exact
2	M_n	92	h_0_(01)[P2^2]	trace-free metric fluctuation	h_0=h-eta tr(h)/4	0	0	0	2	0	2	(1,1) tensor Sym^2(1/2,1/2)	B_lin h_0	E_n:hstar_0	0	exact
2	M_n	93	h_0_(01)[P1*P3]	trace-free metric fluctuation	h_0=h-eta tr(h)/4	0	0	0	2	0	2	(1,1) tensor Sym^2(1/2,1/2)	B_lin h_0	E_n:hstar_0	0	exact
2	M_n	94	h_0_(01)[P1*P2]	trace-free metric fluctuation	h_0=h-eta tr(h)/4	0	0	0	2	0	2	(1,1) tensor Sym^2(1/2,1/2)	B_lin h_0	E_n:hstar_0	0	exact
2	M_n	95	h_0_(01)[P1^2]	trace-free metric fluctuation	h_0=h-eta tr(h)/4	0	0	0	2	0	2	(1,1) tensor Sym^2(1/2,1/2)	B_lin h_0	E_n:hstar_0	0	exact
2	M_n	96	h_0_(01)[P0*P3]	trace-free metric fluctuation	h_0=h-eta tr(h)/4	0	0	0	2	0	2	(1,1) tensor Sym^2(1/2,1/2)	B_lin h_0	E_n:hstar_0	0	exact
2	M_n	97	h_0_(01)[P0*P2]	trace-free metric fluctuation	h_0=h-eta tr(h)/4	0	0	0	2	0	2	(1,1) tensor Sym^2(1/2,1/2)	B_lin h_0	E_n:hstar_0	0	exact
2	M_n	98	h_0_(01)[P0*P1]	trace-free metric fluctuation	h_0=h-eta tr(h)/4	0	0	0	2	0	2	(1,1) tensor Sym^2(1/2,1/2)	B_lin h_0	E_n:hstar_0	0	exact
2	M_n	99	h_0_(01)[P0^2]	trace-free metric fluctuation	h_0=h-eta tr(h)/4	0	0	0	2	0	2	(1,1) tensor Sym^2(1/2,1/2)	B_lin h_0	E_n:hstar_0	0	exact
2	M_n	100	h_0_(02)[P3^2]	trace-free metric fluctuation	h_0=h-eta tr(h)/4	0	0	0	2	0	2	(1,1) tensor Sym^2(1/2,1/2)	B_lin h_0	E_n:hstar_0	0	exact
2	M_n	101	h_0_(02)[P2*P3]	trace-free metric fluctuation	h_0=h-eta tr(h)/4	0	0	0	2	0	2	(1,1) tensor Sym^2(1/2,1/2)	B_lin h_0	E_n:hstar_0	0	exact
2	M_n	102	h_0_(02)[P2^2]	trace-free metric fluctuation	h_0=h-eta tr(h)/4	0	0	0	2	0	2	(1,1) tensor Sym^2(1/2,1/2)	B_lin h_0	E_n:hstar_0	0	exact
2	M_n	103	h_0_(02)[P1*P3]	trace-free metric fluctuation	h_0=h-eta tr(h)/4	0	0	0	2	0	2	(1,1) tensor Sym^2(1/2,1/2)	B_lin h_0	E_n:hstar_0	0	exact
2	M_n	104	h_0_(02)[P1*P2]	trace-free metric fluctuation	h_0=h-eta tr(h)/4	0	0	0	2	0	2	(1,1) tensor Sym^2(1/2,1/2)	B_lin h_0	E_n:hstar_0	0	exact
2	M_n	105	h_0_(02)[P1^2]	trace-free metric fluctuation	h_0=h-eta tr(h)/4	0	0	0	2	0	2	(1,1) tensor Sym^2(1/2,1/2)	B_lin h_0	E_n:hstar_0	0	exact
2	M_n	106	h_0_(02)[P0*P3]	trace-free metric fluctuation	h_0=h-eta tr(h)/4	0	0	0	2	0	2	(1,1) tensor Sym^2(1/2,1/2)	B_lin h_0	E_n:hstar_0	0	exact
2	M_n	107	h_0_(02)[P0*P2]	trace-free metric fluctuation	h_0=h-eta tr(h)/4	0	0	0	2	0	2	(1,1) tensor Sym^2(1/2,1/2)	B_lin h_0	E_n:hstar_0	0	exact
2	M_n	108	h_0_(02)[P0*P1]	trace-free metric fluctuation	h_0=h-eta tr(h)/4	0	0	0	2	0	2	(1,1) tensor Sym^2(1/2,1/2)	B_lin h_0	E_n:hstar_0	0	exact
2	M_n	109	h_0_(02)[P0^2]	trace-free metric fluctuation	h_0=h-eta tr(h)/4	0	0	0	2	0	2	(1,1) tensor Sym^2(1/2,1/2)	B_lin h_0	E_n:hstar_0	0	exact
2	M_n	110	h_0_(03)[P3^2]	trace-free metric fluctuation	h_0=h-eta tr(h)/4	0	0	0	2	0	2	(1,1) tensor Sym^2(1/2,1/2)	B_lin h_0	E_n:hstar_0	0	exact
2	M_n	111	h_0_(03)[P2*P3]	trace-free metric fluctuation	h_0=h-eta tr(h)/4	0	0	0	2	0	2	(1,1) tensor Sym^2(1/2,1/2)	B_lin h_0	E_n:hstar_0	0	exact
2	M_n	112	h_0_(03)[P2^2]	trace-free metric fluctuation	h_0=h-eta tr(h)/4	0	0	0	2	0	2	(1,1) tensor Sym^2(1/2,1/2)	B_lin h_0	E_n:hstar_0	0	exact
2	M_n	113	h_0_(03)[P1*P3]	trace-free metric fluctuation	h_0=h-eta tr(h)/4	0	0	0	2	0	2	(1,1) tensor Sym^2(1/2,1/2)	B_lin h_0	E_n:hstar_0	0	exact
2	M_n	114	h_0_(03)[P1*P2]	trace-free metric fluctuation	h_0=h-eta tr(h)/4	0	0	0	2	0	2	(1,1) tensor Sym^2(1/2,1/2)	B_lin h_0	E_n:hstar_0	0	exact
2	M_n	115	h_0_(03)[P1^2]	trace-free metric fluctuation	h_0=h-eta tr(h)/4	0	0	0	2	0	2	(1,1) tensor Sym^2(1/2,1/2)	B_lin h_0	E_n:hstar_0	0	exact
2	M_n	116	h_0_(03)[P0*P3]	trace-free metric fluctuation	h_0=h-eta tr(h)/4	0	0	0	2	0	2	(1,1) tensor Sym^2(1/2,1/2)	B_lin h_0	E_n:hstar_0	0	exact
2	M_n	117	h_0_(03)[P0*P2]	trace-free metric fluctuation	h_0=h-eta tr(h)/4	0	0	0	2	0	2	(1,1) tensor Sym^2(1/2,1/2)	B_lin h_0	E_n:hstar_0	0	exact
2	M_n	118	h_0_(03)[P0*P1]	trace-free metric fluctuation	h_0=h-eta tr(h)/4	0	0	0	2	0	2	(1,1) tensor Sym^2(1/2,1/2)	B_lin h_0	E_n:hstar_0	0	exact
2	M_n	119	h_0_(03)[P0^2]	trace-free metric fluctuation	h_0=h-eta tr(h)/4	0	0	0	2	0	2	(1,1) tensor Sym^2(1/2,1/2)	B_lin h_0	E_n:hstar_0	0	exact
2	M_n	120	h_0_(12)[P3^2]	trace-free metric fluctuation	h_0=h-eta tr(h)/4	0	0	0	2	0	2	(1,1) tensor Sym^2(1/2,1/2)	B_lin h_0	E_n:hstar_0	0	exact
2	M_n	121	h_0_(12)[P2*P3]	trace-free metric fluctuation	h_0=h-eta tr(h)/4	0	0	0	2	0	2	(1,1) tensor Sym^2(1/2,1/2)	B_lin h_0	E_n:hstar_0	0	exact
2	M_n	122	h_0_(12)[P2^2]	trace-free metric fluctuation	h_0=h-eta tr(h)/4	0	0	0	2	0	2	(1,1) tensor Sym^2(1/2,1/2)	B_lin h_0	E_n:hstar_0	0	exact
2	M_n	123	h_0_(12)[P1*P3]	trace-free metric fluctuation	h_0=h-eta tr(h)/4	0	0	0	2	0	2	(1,1) tensor Sym^2(1/2,1/2)	B_lin h_0	E_n:hstar_0	0	exact
2	M_n	124	h_0_(12)[P1*P2]	trace-free metric fluctuation	h_0=h-eta tr(h)/4	0	0	0	2	0	2	(1,1) tensor Sym^2(1/2,1/2)	B_lin h_0	E_n:hstar_0	0	exact
2	M_n	125	h_0_(12)[P1^2]	trace-free metric fluctuation	h_0=h-eta tr(h)/4	0	0	0	2	0	2	(1,1) tensor Sym^2(1/2,1/2)	B_lin h_0	E_n:hstar_0	0	exact
2	M_n	126	h_0_(12)[P0*P3]	trace-free metric fluctuation	h_0=h-eta tr(h)/4	0	0	0	2	0	2	(1,1) tensor Sym^2(1/2,1/2)	B_lin h_0	E_n:hstar_0	0	exact
2	M_n	127	h_0_(12)[P0*P2]	trace-free metric fluctuation	h_0=h-eta tr(h)/4	0	0	0	2	0	2	(1,1) tensor Sym^2(1/2,1/2)	B_lin h_0	E_n:hstar_0	0	exact
2	M_n	128	h_0_(12)[P0*P1]	trace-free metric fluctuation	h_0=h-eta tr(h)/4	0	0	0	2	0	2	(1,1) tensor Sym^2(1/2,1/2)	B_lin h_0	E_n:hstar_0	0	exact
2	M_n	129	h_0_(12)[P0^2]	trace-free metric fluctuation	h_0=h-eta tr(h)/4	0	0	0	2	0	2	(1,1) tensor Sym^2(1/2,1/2)	B_lin h_0	E_n:hstar_0	0	exact
2	M_n	130	h_0_(13)[P3^2]	trace-free metric fluctuation	h_0=h-eta tr(h)/4	0	0	0	2	0	2	(1,1) tensor Sym^2(1/2,1/2)	B_lin h_0	E_n:hstar_0	0	exact
2	M_n	131	h_0_(13)[P2*P3]	trace-free metric fluctuation	h_0=h-eta tr(h)/4	0	0	0	2	0	2	(1,1) tensor Sym^2(1/2,1/2)	B_lin h_0	E_n:hstar_0	0	exact
2	M_n	132	h_0_(13)[P2^2]	trace-free metric fluctuation	h_0=h-eta tr(h)/4	0	0	0	2	0	2	(1,1) tensor Sym^2(1/2,1/2)	B_lin h_0	E_n:hstar_0	0	exact
2	M_n	133	h_0_(13)[P1*P3]	trace-free metric fluctuation	h_0=h-eta tr(h)/4	0	0	0	2	0	2	(1,1) tensor Sym^2(1/2,1/2)	B_lin h_0	E_n:hstar_0	0	exact
2	M_n	134	h_0_(13)[P1*P2]	trace-free metric fluctuation	h_0=h-eta tr(h)/4	0	0	0	2	0	2	(1,1) tensor Sym^2(1/2,1/2)	B_lin h_0	E_n:hstar_0	0	exact
2	M_n	135	h_0_(13)[P1^2]	trace-free metric fluctuation	h_0=h-eta tr(h)/4	0	0	0	2	0	2	(1,1) tensor Sym^2(1/2,1/2)	B_lin h_0	E_n:hstar_0	0	exact
2	M_n	136	h_0_(13)[P0*P3]	trace-free metric fluctuation	h_0=h-eta tr(h)/4	0	0	0	2	0	2	(1,1) tensor Sym^2(1/2,1/2)	B_lin h_0	E_n:hstar_0	0	exact
2	M_n	137	h_0_(13)[P0*P2]	trace-free metric fluctuation	h_0=h-eta tr(h)/4	0	0	0	2	0	2	(1,1) tensor Sym^2(1/2,1/2)	B_lin h_0	E_n:hstar_0	0	exact
2	M_n	138	h_0_(13)[P0*P1]	trace-free metric fluctuation	h_0=h-eta tr(h)/4	0	0	0	2	0	2	(1,1) tensor Sym^2(1/2,1/2)	B_lin h_0	E_n:hstar_0	0	exact
2	M_n	139	h_0_(13)[P0^2]	trace-free metric fluctuation	h_0=h-eta tr(h)/4	0	0	0	2	0	2	(1,1) tensor Sym^2(1/2,1/2)	B_lin h_0	E_n:hstar_0	0	exact
2	M_n	140	h_0_(23)[P3^2]	trace-free metric fluctuation	h_0=h-eta tr(h)/4	0	0	0	2	0	2	(1,1) tensor Sym^2(1/2,1/2)	B_lin h_0	E_n:hstar_0	0	exact
2	M_n	141	h_0_(23)[P2*P3]	trace-free metric fluctuation	h_0=h-eta tr(h)/4	0	0	0	2	0	2	(1,1) tensor Sym^2(1/2,1/2)	B_lin h_0	E_n:hstar_0	0	exact
2	M_n	142	h_0_(23)[P2^2]	trace-free metric fluctuation	h_0=h-eta tr(h)/4	0	0	0	2	0	2	(1,1) tensor Sym^2(1/2,1/2)	B_lin h_0	E_n:hstar_0	0	exact
2	M_n	143	h_0_(23)[P1*P3]	trace-free metric fluctuation	h_0=h-eta tr(h)/4	0	0	0	2	0	2	(1,1) tensor Sym^2(1/2,1/2)	B_lin h_0	E_n:hstar_0	0	exact
2	M_n	144	h_0_(23)[P1*P2]	trace-free metric fluctuation	h_0=h-eta tr(h)/4	0	0	0	2	0	2	(1,1) tensor Sym^2(1/2,1/2)	B_lin h_0	E_n:hstar_0	0	exact
2	M_n	145	h_0_(23)[P1^2]	trace-free metric fluctuation	h_0=h-eta tr(h)/4	0	0	0	2	0	2	(1,1) tensor Sym^2(1/2,1/2)	B_lin h_0	E_n:hstar_0	0	exact
2	M_n	146	h_0_(23)[P0*P3]	trace-free metric fluctuation	h_0=h-eta tr(h)/4	0	0	0	2	0	2	(1,1) tensor Sym^2(1/2,1/2)	B_lin h_0	E_n:hstar_0	0	exact
2	M_n	147	h_0_(23)[P0*P2]	trace-free metric fluctuation	h_0=h-eta tr(h)/4	0	0	0	2	0	2	(1,1) tensor Sym^2(1/2,1/2)	B_lin h_0	E_n:hstar_0	0	exact
2	M_n	148	h_0_(23)[P0*P1]	trace-free metric fluctuation	h_0=h-eta tr(h)/4	0	0	0	2	0	2	(1,1) tensor Sym^2(1/2,1/2)	B_lin h_0	E_n:hstar_0	0	exact
2	M_n	149	h_0_(23)[P0^2]	trace-free metric fluctuation	h_0=h-eta tr(h)/4	0	0	0	2	0	2	(1,1) tensor Sym^2(1/2,1/2)	B_lin h_0	E_n:hstar_0	0	exact
2	M_n	150	h_0_(00)-(33)[P3^2]	trace-free metric fluctuation	h_0=h-eta tr(h)/4	0	0	0	2	0	2	(1,1) tensor Sym^2(1/2,1/2)	B_lin h_0	E_n:hstar_0	0	exact
2	M_n	151	h_0_(00)-(33)[P2*P3]	trace-free metric fluctuation	h_0=h-eta tr(h)/4	0	0	0	2	0	2	(1,1) tensor Sym^2(1/2,1/2)	B_lin h_0	E_n:hstar_0	0	exact
2	M_n	152	h_0_(00)-(33)[P2^2]	trace-free metric fluctuation	h_0=h-eta tr(h)/4	0	0	0	2	0	2	(1,1) tensor Sym^2(1/2,1/2)	B_lin h_0	E_n:hstar_0	0	exact
2	M_n	153	h_0_(00)-(33)[P1*P3]	trace-free metric fluctuation	h_0=h-eta tr(h)/4	0	0	0	2	0	2	(1,1) tensor Sym^2(1/2,1/2)	B_lin h_0	E_n:hstar_0	0	exact
2	M_n	154	h_0_(00)-(33)[P1*P2]	trace-free metric fluctuation	h_0=h-eta tr(h)/4	0	0	0	2	0	2	(1,1) tensor Sym^2(1/2,1/2)	B_lin h_0	E_n:hstar_0	0	exact
2	M_n	155	h_0_(00)-(33)[P1^2]	trace-free metric fluctuation	h_0=h-eta tr(h)/4	0	0	0	2	0	2	(1,1) tensor Sym^2(1/2,1/2)	B_lin h_0	E_n:hstar_0	0	exact
2	M_n	156	h_0_(00)-(33)[P0*P3]	trace-free metric fluctuation	h_0=h-eta tr(h)/4	0	0	0	2	0	2	(1,1) tensor Sym^2(1/2,1/2)	B_lin h_0	E_n:hstar_0	0	exact
2	M_n	157	h_0_(00)-(33)[P0*P2]	trace-free metric fluctuation	h_0=h-eta tr(h)/4	0	0	0	2	0	2	(1,1) tensor Sym^2(1/2,1/2)	B_lin h_0	E_n:hstar_0	0	exact
2	M_n	158	h_0_(00)-(33)[P0*P1]	trace-free metric fluctuation	h_0=h-eta tr(h)/4	0	0	0	2	0	2	(1,1) tensor Sym^2(1/2,1/2)	B_lin h_0	E_n:hstar_0	0	exact
2	M_n	159	h_0_(00)-(33)[P0^2]	trace-free metric fluctuation	h_0=h-eta tr(h)/4	0	0	0	2	0	2	(1,1) tensor Sym^2(1/2,1/2)	B_lin h_0	E_n:hstar_0	0	exact
2	M_n	160	h_0_(11)-(33)[P3^2]	trace-free metric fluctuation	h_0=h-eta tr(h)/4	0	0	0	2	0	2	(1,1) tensor Sym^2(1/2,1/2)	B_lin h_0	E_n:hstar_0	0	exact
2	M_n	161	h_0_(11)-(33)[P2*P3]	trace-free metric fluctuation	h_0=h-eta tr(h)/4	0	0	0	2	0	2	(1,1) tensor Sym^2(1/2,1/2)	B_lin h_0	E_n:hstar_0	0	exact
2	M_n	162	h_0_(11)-(33)[P2^2]	trace-free metric fluctuation	h_0=h-eta tr(h)/4	0	0	0	2	0	2	(1,1) tensor Sym^2(1/2,1/2)	B_lin h_0	E_n:hstar_0	0	exact
2	M_n	163	h_0_(11)-(33)[P1*P3]	trace-free metric fluctuation	h_0=h-eta tr(h)/4	0	0	0	2	0	2	(1,1) tensor Sym^2(1/2,1/2)	B_lin h_0	E_n:hstar_0	0	exact
2	M_n	164	h_0_(11)-(33)[P1*P2]	trace-free metric fluctuation	h_0=h-eta tr(h)/4	0	0	0	2	0	2	(1,1) tensor Sym^2(1/2,1/2)	B_lin h_0	E_n:hstar_0	0	exact
2	M_n	165	h_0_(11)-(33)[P1^2]	trace-free metric fluctuation	h_0=h-eta tr(h)/4	0	0	0	2	0	2	(1,1) tensor Sym^2(1/2,1/2)	B_lin h_0	E_n:hstar_0	0	exact
2	M_n	166	h_0_(11)-(33)[P0*P3]	trace-free metric fluctuation	h_0=h-eta tr(h)/4	0	0	0	2	0	2	(1,1) tensor Sym^2(1/2,1/2)	B_lin h_0	E_n:hstar_0	0	exact
2	M_n	167	h_0_(11)-(33)[P0*P2]	trace-free metric fluctuation	h_0=h-eta tr(h)/4	0	0	0	2	0	2	(1,1) tensor Sym^2(1/2,1/2)	B_lin h_0	E_n:hstar_0	0	exact
2	M_n	168	h_0_(11)-(33)[P0*P1]	trace-free metric fluctuation	h_0=h-eta tr(h)/4	0	0	0	2	0	2	(1,1) tensor Sym^2(1/2,1/2)	B_lin h_0	E_n:hstar_0	0	exact
2	M_n	169	h_0_(11)-(33)[P0^2]	trace-free metric fluctuation	h_0=h-eta tr(h)/4	0	0	0	2	0	2	(1,1) tensor Sym^2(1/2,1/2)	B_lin h_0	E_n:hstar_0	0	exact
2	M_n	170	h_0_(22)-(33)[P3^2]	trace-free metric fluctuation	h_0=h-eta tr(h)/4	0	0	0	2	0	2	(1,1) tensor Sym^2(1/2,1/2)	B_lin h_0	E_n:hstar_0	0	exact
2	M_n	171	h_0_(22)-(33)[P2*P3]	trace-free metric fluctuation	h_0=h-eta tr(h)/4	0	0	0	2	0	2	(1,1) tensor Sym^2(1/2,1/2)	B_lin h_0	E_n:hstar_0	0	exact
2	M_n	172	h_0_(22)-(33)[P2^2]	trace-free metric fluctuation	h_0=h-eta tr(h)/4	0	0	0	2	0	2	(1,1) tensor Sym^2(1/2,1/2)	B_lin h_0	E_n:hstar_0	0	exact
2	M_n	173	h_0_(22)-(33)[P1*P3]	trace-free metric fluctuation	h_0=h-eta tr(h)/4	0	0	0	2	0	2	(1,1) tensor Sym^2(1/2,1/2)	B_lin h_0	E_n:hstar_0	0	exact
2	M_n	174	h_0_(22)-(33)[P1*P2]	trace-free metric fluctuation	h_0=h-eta tr(h)/4	0	0	0	2	0	2	(1,1) tensor Sym^2(1/2,1/2)	B_lin h_0	E_n:hstar_0	0	exact
2	M_n	175	h_0_(22)-(33)[P1^2]	trace-free metric fluctuation	h_0=h-eta tr(h)/4	0	0	0	2	0	2	(1,1) tensor Sym^2(1/2,1/2)	B_lin h_0	E_n:hstar_0	0	exact
2	M_n	176	h_0_(22)-(33)[P0*P3]	trace-free metric fluctuation	h_0=h-eta tr(h)/4	0	0	0	2	0	2	(1,1) tensor Sym^2(1/2,1/2)	B_lin h_0	E_n:hstar_0	0	exact
2	M_n	177	h_0_(22)-(33)[P0*P2]	trace-free metric fluctuation	h_0=h-eta tr(h)/4	0	0	0	2	0	2	(1,1) tensor Sym^2(1/2,1/2)	B_lin h_0	E_n:hstar_0	0	exact
2	M_n	178	h_0_(22)-(33)[P0*P1]	trace-free metric fluctuation	h_0=h-eta tr(h)/4	0	0	0	2	0	2	(1,1) tensor Sym^2(1/2,1/2)	B_lin h_0	E_n:hstar_0	0	exact
2	M_n	179	h_0_(22)-(33)[P0^2]	trace-free metric fluctuation	h_0=h-eta tr(h)/4	0	0	0	2	0	2	(1,1) tensor Sym^2(1/2,1/2)	B_lin h_0	E_n:hstar_0	0	exact
2	M_n	180	tau[P3^2]	metric trace	tau=tr(h)/8	0	0	0	2	0	2	(0,0) tensor Sym^2(1/2,1/2)	0	0	0	exact
2	M_n	181	tau[P2*P3]	metric trace	tau=tr(h)/8	0	0	0	2	0	2	(0,0) tensor Sym^2(1/2,1/2)	0	0	0	exact
2	M_n	182	tau[P2^2]	metric trace	tau=tr(h)/8	0	0	0	2	0	2	(0,0) tensor Sym^2(1/2,1/2)	0	0	0	exact
2	M_n	183	tau[P1*P3]	metric trace	tau=tr(h)/8	0	0	0	2	0	2	(0,0) tensor Sym^2(1/2,1/2)	0	0	0	exact
2	M_n	184	tau[P1*P2]	metric trace	tau=tr(h)/8	0	0	0	2	0	2	(0,0) tensor Sym^2(1/2,1/2)	0	0	0	exact
2	M_n	185	tau[P1^2]	metric trace	tau=tr(h)/8	0	0	0	2	0	2	(0,0) tensor Sym^2(1/2,1/2)	0	0	0	exact
2	M_n	186	tau[P0*P3]	metric trace	tau=tr(h)/8	0	0	0	2	0	2	(0,0) tensor Sym^2(1/2,1/2)	0	0	0	exact
2	M_n	187	tau[P0*P2]	metric trace	tau=tr(h)/8	0	0	0	2	0	2	(0,0) tensor Sym^2(1/2,1/2)	0	0	0	exact
2	M_n	188	tau[P0*P1]	metric trace	tau=tr(h)/8	0	0	0	2	0	2	(0,0) tensor Sym^2(1/2,1/2)	0	0	0	exact
2	M_n	189	tau[P0^2]	metric trace	tau=tr(h)/8	0	0	0	2	0	2	(0,0) tensor Sym^2(1/2,1/2)	0	0	0	exact
3	G_n	0	c_mu_0[P3^4]	diffeomorphism ghost c_mu	c_raw=c	1	0	-1	3	-1	4	(1/2,1/2) tensor Sym^4(1/2,1/2)	K_0 c	M_n:h_0	1	exact
3	G_n	1	c_mu_0[P2*P3^3]	diffeomorphism ghost c_mu	c_raw=c	1	0	-1	3	-1	4	(1/2,1/2) tensor Sym^4(1/2,1/2)	K_0 c	M_n:h_0	2	exact
3	G_n	2	c_mu_0[P2^2*P3^2]	diffeomorphism ghost c_mu	c_raw=c	1	0	-1	3	-1	4	(1/2,1/2) tensor Sym^4(1/2,1/2)	K_0 c	M_n:h_0	2	exact
3	G_n	3	c_mu_0[P2^3*P3]	diffeomorphism ghost c_mu	c_raw=c	1	0	-1	3	-1	4	(1/2,1/2) tensor Sym^4(1/2,1/2)	K_0 c	M_n:h_0	2	exact
3	G_n	4	c_mu_0[P2^4]	diffeomorphism ghost c_mu	c_raw=c	1	0	-1	3	-1	4	(1/2,1/2) tensor Sym^4(1/2,1/2)	K_0 c	M_n:h_0	1	exact
3	G_n	5	c_mu_0[P1*P3^3]	diffeomorphism ghost c_mu	c_raw=c	1	0	-1	3	-1	4	(1/2,1/2) tensor Sym^4(1/2,1/2)	K_0 c	M_n:h_0	2	exact
3	G_n	6	c_mu_0[P1*P2*P3^2]	diffeomorphism ghost c_mu	c_raw=c	1	0	-1	3	-1	4	(1/2,1/2) tensor Sym^4(1/2,1/2)	K_0 c	M_n:h_0	3	exact
3	G_n	7	c_mu_0[P1*P2^2*P3]	diffeomorphism ghost c_mu	c_raw=c	1	0	-1	3	-1	4	(1/2,1/2) tensor Sym^4(1/2,1/2)	K_0 c	M_n:h_0	3	exact
3	G_n	8	c_mu_0[P1*P2^3]	diffeomorphism ghost c_mu	c_raw=c	1	0	-1	3	-1	4	(1/2,1/2) tensor Sym^4(1/2,1/2)	K_0 c	M_n:h_0	2	exact
3	G_n	9	c_mu_0[P1^2*P3^2]	diffeomorphism ghost c_mu	c_raw=c	1	0	-1	3	-1	4	(1/2,1/2) tensor Sym^4(1/2,1/2)	K_0 c	M_n:h_0	2	exact
3	G_n	10	c_mu_0[P1^2*P2*P3]	diffeomorphism ghost c_mu	c_raw=c	1	0	-1	3	-1	4	(1/2,1/2) tensor Sym^4(1/2,1/2)	K_0 c	M_n:h_0	3	exact
3	G_n	11	c_mu_0[P1^2*P2^2]	diffeomorphism ghost c_mu	c_raw=c	1	0	-1	3	-1	4	(1/2,1/2) tensor Sym^4(1/2,1/2)	K_0 c	M_n:h_0	2	exact
3	G_n	12	c_mu_0[P1^3*P3]	diffeomorphism ghost c_mu	c_raw=c	1	0	-1	3	-1	4	(1/2,1/2) tensor Sym^4(1/2,1/2)	K_0 c	M_n:h_0	2	exact
3	G_n	13	c_mu_0[P1^3*P2]	diffeomorphism ghost c_mu	c_raw=c	1	0	-1	3	-1	4	(1/2,1/2) tensor Sym^4(1/2,1/2)	K_0 c	M_n:h_0	2	exact
3	G_n	14	c_mu_0[P1^4]	diffeomorphism ghost c_mu	c_raw=c	1	0	-1	3	-1	4	(1/2,1/2) tensor Sym^4(1/2,1/2)	K_0 c	M_n:h_0	1	exact
3	G_n	15	c_mu_0[P0*P3^3]	diffeomorphism ghost c_mu	c_raw=c	1	0	-1	3	-1	4	(1/2,1/2) tensor Sym^4(1/2,1/2)	K_0 c	M_n:h_0	4	exact
3	G_n	16	c_mu_0[P0*P2*P3^2]	diffeomorphism ghost c_mu	c_raw=c	1	0	-1	3	-1	4	(1/2,1/2) tensor Sym^4(1/2,1/2)	K_0 c	M_n:h_0	5	exact
3	G_n	17	c_mu_0[P0*P2^2*P3]	diffeomorphism ghost c_mu	c_raw=c	1	0	-1	3	-1	4	(1/2,1/2) tensor Sym^4(1/2,1/2)	K_0 c	M_n:h_0	5	exact
3	G_n	18	c_mu_0[P0*P2^3]	diffeomorphism ghost c_mu	c_raw=c	1	0	-1	3	-1	4	(1/2,1/2) tensor Sym^4(1/2,1/2)	K_0 c	M_n:h_0	4	exact
3	G_n	19	c_mu_0[P0*P1*P3^2]	diffeomorphism ghost c_mu	c_raw=c	1	0	-1	3	-1	4	(1/2,1/2) tensor Sym^4(1/2,1/2)	K_0 c	M_n:h_0	5	exact
3	G_n	20	c_mu_0[P0*P1*P2*P3]	diffeomorphism ghost c_mu	c_raw=c	1	0	-1	3	-1	4	(1/2,1/2) tensor Sym^4(1/2,1/2)	K_0 c	M_n:h_0	6	exact
3	G_n	21	c_mu_0[P0*P1*P2^2]	diffeomorphism ghost c_mu	c_raw=c	1	0	-1	3	-1	4	(1/2,1/2) tensor Sym^4(1/2,1/2)	K_0 c	M_n:h_0	5	exact
3	G_n	22	c_mu_0[P0*P1^2*P3]	diffeomorphism ghost c_mu	c_raw=c	1	0	-1	3	-1	4	(1/2,1/2) tensor Sym^4(1/2,1/2)	K_0 c	M_n:h_0	5	exact
3	G_n	23	c_mu_0[P0*P1^2*P2]	diffeomorphism ghost c_mu	c_raw=c	1	0	-1	3	-1	4	(1/2,1/2) tensor Sym^4(1/2,1/2)	K_0 c	M_n:h_0	5	exact
3	G_n	24	c_mu_0[P0*P1^3]	diffeomorphism ghost c_mu	c_raw=c	1	0	-1	3	-1	4	(1/2,1/2) tensor Sym^4(1/2,1/2)	K_0 c	M_n:h_0	4	exact
3	G_n	25	c_mu_0[P0^2*P3^2]	diffeomorphism ghost c_mu	c_raw=c	1	0	-1	3	-1	4	(1/2,1/2) tensor Sym^4(1/2,1/2)	K_0 c	M_n:h_0	4	exact
3	G_n	26	c_mu_0[P0^2*P2*P3]	diffeomorphism ghost c_mu	c_raw=c	1	0	-1	3	-1	4	(1/2,1/2) tensor Sym^4(1/2,1/2)	K_0 c	M_n:h_0	5	exact
3	G_n	27	c_mu_0[P0^2*P2^2]	diffeomorphism ghost c_mu	c_raw=c	1	0	-1	3	-1	4	(1/2,1/2) tensor Sym^4(1/2,1/2)	K_0 c	M_n:h_0	4	exact
3	G_n	28	c_mu_0[P0^2*P1*P3]	diffeomorphism ghost c_mu	c_raw=c	1	0	-1	3	-1	4	(1/2,1/2) tensor Sym^4(1/2,1/2)	K_0 c	M_n:h_0	5	exact
3	G_n	29	c_mu_0[P0^2*P1*P2]	diffeomorphism ghost c_mu	c_raw=c	1	0	-1	3	-1	4	(1/2,1/2) tensor Sym^4(1/2,1/2)	K_0 c	M_n:h_0	5	exact
3	G_n	30	c_mu_0[P0^2*P1^2]	diffeomorphism ghost c_mu	c_raw=c	1	0	-1	3	-1	4	(1/2,1/2) tensor Sym^4(1/2,1/2)	K_0 c	M_n:h_0	4	exact
3	G_n	31	c_mu_0[P0^3*P3]	diffeomorphism ghost c_mu	c_raw=c	1	0	-1	3	-1	4	(1/2,1/2) tensor Sym^4(1/2,1/2)	K_0 c	M_n:h_0	4	exact
3	G_n	32	c_mu_0[P0^3*P2]	diffeomorphism ghost c_mu	c_raw=c	1	0	-1	3	-1	4	(1/2,1/2) tensor Sym^4(1/2,1/2)	K_0 c	M_n:h_0	4	exact
3	G_n	33	c_mu_0[P0^3*P1]	diffeomorphism ghost c_mu	c_raw=c	1	0	-1	3	-1	4	(1/2,1/2) tensor Sym^4(1/2,1/2)	K_0 c	M_n:h_0	4	exact
3	G_n	34	c_mu_0[P0^4]	diffeomorphism ghost c_mu	c_raw=c	1	0	-1	3	-1	4	(1/2,1/2) tensor Sym^4(1/2,1/2)	K_0 c	M_n:h_0	3	exact
3	G_n	35	c_mu_1[P3^4]	diffeomorphism ghost c_mu	c_raw=c	1	0	-1	3	-1	4	(1/2,1/2) tensor Sym^4(1/2,1/2)	K_0 c	M_n:h_0	1	exact
3	G_n	36	c_mu_1[P2*P3^3]	diffeomorphism ghost c_mu	c_raw=c	1	0	-1	3	-1	4	(1/2,1/2) tensor Sym^4(1/2,1/2)	K_0 c	M_n:h_0	2	exact
3	G_n	37	c_mu_1[P2^2*P3^2]	diffeomorphism ghost c_mu	c_raw=c	1	0	-1	3	-1	4	(1/2,1/2) tensor Sym^4(1/2,1/2)	K_0 c	M_n:h_0	2	exact
3	G_n	38	c_mu_1[P2^3*P3]	diffeomorphism ghost c_mu	c_raw=c	1	0	-1	3	-1	4	(1/2,1/2) tensor Sym^4(1/2,1/2)	K_0 c	M_n:h_0	2	exact
3	G_n	39	c_mu_1[P2^4]	diffeomorphism ghost c_mu	c_raw=c	1	0	-1	3	-1	4	(1/2,1/2) tensor Sym^4(1/2,1/2)	K_0 c	M_n:h_0	1	exact
3	G_n	40	c_mu_1[P1*P3^3]	diffeomorphism ghost c_mu	c_raw=c	1	0	-1	3	-1	4	(1/2,1/2) tensor Sym^4(1/2,1/2)	K_0 c	M_n:h_0	4	exact
3	G_n	41	c_mu_1[P1*P2*P3^2]	diffeomorphism ghost c_mu	c_raw=c	1	0	-1	3	-1	4	(1/2,1/2) tensor Sym^4(1/2,1/2)	K_0 c	M_n:h_0	5	exact
3	G_n	42	c_mu_1[P1*P2^2*P3]	diffeomorphism ghost c_mu	c_raw=c	1	0	-1	3	-1	4	(1/2,1/2) tensor Sym^4(1/2,1/2)	K_0 c	M_n:h_0	5	exact
3	G_n	43	c_mu_1[P1*P2^3]	diffeomorphism ghost c_mu	c_raw=c	1	0	-1	3	-1	4	(1/2,1/2) tensor Sym^4(1/2,1/2)	K_0 c	M_n:h_0	4	exact
3	G_n	44	c_mu_1[P1^2*P3^2]	diffeomorphism ghost c_mu	c_raw=c	1	0	-1	3	-1	4	(1/2,1/2) tensor Sym^4(1/2,1/2)	K_0 c	M_n:h_0	4	exact
3	G_n	45	c_mu_1[P1^2*P2*P3]	diffeomorphism ghost c_mu	c_raw=c	1	0	-1	3	-1	4	(1/2,1/2) tensor Sym^4(1/2,1/2)	K_0 c	M_n:h_0	5	exact
3	G_n	46	c_mu_1[P1^2*P2^2]	diffeomorphism ghost c_mu	c_raw=c	1	0	-1	3	-1	4	(1/2,1/2) tensor Sym^4(1/2,1/2)	K_0 c	M_n:h_0	4	exact
3	G_n	47	c_mu_1[P1^3*P3]	diffeomorphism ghost c_mu	c_raw=c	1	0	-1	3	-1	4	(1/2,1/2) tensor Sym^4(1/2,1/2)	K_0 c	M_n:h_0	4	exact
3	G_n	48	c_mu_1[P1^3*P2]	diffeomorphism ghost c_mu	c_raw=c	1	0	-1	3	-1	4	(1/2,1/2) tensor Sym^4(1/2,1/2)	K_0 c	M_n:h_0	4	exact
3	G_n	49	c_mu_1[P1^4]	diffeomorphism ghost c_mu	c_raw=c	1	0	-1	3	-1	4	(1/2,1/2) tensor Sym^4(1/2,1/2)	K_0 c	M_n:h_0	3	exact
3	G_n	50	c_mu_1[P0*P3^3]	diffeomorphism ghost c_mu	c_raw=c	1	0	-1	3	-1	4	(1/2,1/2) tensor Sym^4(1/2,1/2)	K_0 c	M_n:h_0	2	exact
3	G_n	51	c_mu_1[P0*P2*P3^2]	diffeomorphism ghost c_mu	c_raw=c	1	0	-1	3	-1	4	(1/2,1/2) tensor Sym^4(1/2,1/2)	K_0 c	M_n:h_0	3	exact
3	G_n	52	c_mu_1[P0*P2^2*P3]	diffeomorphism ghost c_mu	c_raw=c	1	0	-1	3	-1	4	(1/2,1/2) tensor Sym^4(1/2,1/2)	K_0 c	M_n:h_0	3	exact
3	G_n	53	c_mu_1[P0*P2^3]	diffeomorphism ghost c_mu	c_raw=c	1	0	-1	3	-1	4	(1/2,1/2) tensor Sym^4(1/2,1/2)	K_0 c	M_n:h_0	2	exact
3	G_n	54	c_mu_1[P0*P1*P3^2]	diffeomorphism ghost c_mu	c_raw=c	1	0	-1	3	-1	4	(1/2,1/2) tensor Sym^4(1/2,1/2)	K_0 c	M_n:h_0	5	exact
3	G_n	55	c_mu_1[P0*P1*P2*P3]	diffeomorphism ghost c_mu	c_raw=c	1	0	-1	3	-1	4	(1/2,1/2) tensor Sym^4(1/2,1/2)	K_0 c	M_n:h_0	6	exact
3	G_n	56	c_mu_1[P0*P1*P2^2]	diffeomorphism ghost c_mu	c_raw=c	1	0	-1	3	-1	4	(1/2,1/2) tensor Sym^4(1/2,1/2)	K_0 c	M_n:h_0	5	exact
3	G_n	57	c_mu_1[P0*P1^2*P3]	diffeomorphism ghost c_mu	c_raw=c	1	0	-1	3	-1	4	(1/2,1/2) tensor Sym^4(1/2,1/2)	K_0 c	M_n:h_0	5	exact
3	G_n	58	c_mu_1[P0*P1^2*P2]	diffeomorphism ghost c_mu	c_raw=c	1	0	-1	3	-1	4	(1/2,1/2) tensor Sym^4(1/2,1/2)	K_0 c	M_n:h_0	5	exact
3	G_n	59	c_mu_1[P0*P1^3]	diffeomorphism ghost c_mu	c_raw=c	1	0	-1	3	-1	4	(1/2,1/2) tensor Sym^4(1/2,1/2)	K_0 c	M_n:h_0	4	exact
3	G_n	60	c_mu_1[P0^2*P3^2]	diffeomorphism ghost c_mu	c_raw=c	1	0	-1	3	-1	4	(1/2,1/2) tensor Sym^4(1/2,1/2)	K_0 c	M_n:h_0	2	exact
3	G_n	61	c_mu_1[P0^2*P2*P3]	diffeomorphism ghost c_mu	c_raw=c	1	0	-1	3	-1	4	(1/2,1/2) tensor Sym^4(1/2,1/2)	K_0 c	M_n:h_0	3	exact
3	G_n	62	c_mu_1[P0^2*P2^2]	diffeomorphism ghost c_mu	c_raw=c	1	0	-1	3	-1	4	(1/2,1/2) tensor Sym^4(1/2,1/2)	K_0 c	M_n:h_0	2	exact
3	G_n	63	c_mu_1[P0^2*P1*P3]	diffeomorphism ghost c_mu	c_raw=c	1	0	-1	3	-1	4	(1/2,1/2) tensor Sym^4(1/2,1/2)	K_0 c	M_n:h_0	5	exact
3	G_n	64	c_mu_1[P0^2*P1*P2]	diffeomorphism ghost c_mu	c_raw=c	1	0	-1	3	-1	4	(1/2,1/2) tensor Sym^4(1/2,1/2)	K_0 c	M_n:h_0	5	exact
3	G_n	65	c_mu_1[P0^2*P1^2]	diffeomorphism ghost c_mu	c_raw=c	1	0	-1	3	-1	4	(1/2,1/2) tensor Sym^4(1/2,1/2)	K_0 c	M_n:h_0	4	exact
3	G_n	66	c_mu_1[P0^3*P3]	diffeomorphism ghost c_mu	c_raw=c	1	0	-1	3	-1	4	(1/2,1/2) tensor Sym^4(1/2,1/2)	K_0 c	M_n:h_0	2	exact
3	G_n	67	c_mu_1[P0^3*P2]	diffeomorphism ghost c_mu	c_raw=c	1	0	-1	3	-1	4	(1/2,1/2) tensor Sym^4(1/2,1/2)	K_0 c	M_n:h_0	2	exact
3	G_n	68	c_mu_1[P0^3*P1]	diffeomorphism ghost c_mu	c_raw=c	1	0	-1	3	-1	4	(1/2,1/2) tensor Sym^4(1/2,1/2)	K_0 c	M_n:h_0	4	exact
3	G_n	69	c_mu_1[P0^4]	diffeomorphism ghost c_mu	c_raw=c	1	0	-1	3	-1	4	(1/2,1/2) tensor Sym^4(1/2,1/2)	K_0 c	M_n:h_0	1	exact
3	G_n	70	c_mu_2[P3^4]	diffeomorphism ghost c_mu	c_raw=c	1	0	-1	3	-1	4	(1/2,1/2) tensor Sym^4(1/2,1/2)	K_0 c	M_n:h_0	1	exact
3	G_n	71	c_mu_2[P2*P3^3]	diffeomorphism ghost c_mu	c_raw=c	1	0	-1	3	-1	4	(1/2,1/2) tensor Sym^4(1/2,1/2)	K_0 c	M_n:h_0	4	exact
3	G_n	72	c_mu_2[P2^2*P3^2]	diffeomorphism ghost c_mu	c_raw=c	1	0	-1	3	-1	4	(1/2,1/2) tensor Sym^4(1/2,1/2)	K_0 c	M_n:h_0	4	exact
3	G_n	73	c_mu_2[P2^3*P3]	diffeomorphism ghost c_mu	c_raw=c	1	0	-1	3	-1	4	(1/2,1/2) tensor Sym^4(1/2,1/2)	K_0 c	M_n:h_0	4	exact
3	G_n	74	c_mu_2[P2^4]	diffeomorphism ghost c_mu	c_raw=c	1	0	-1	3	-1	4	(1/2,1/2) tensor Sym^4(1/2,1/2)	K_0 c	M_n:h_0	3	exact
3	G_n	75	c_mu_2[P1*P3^3]	diffeomorphism ghost c_mu	c_raw=c	1	0	-1	3	-1	4	(1/2,1/2) tensor Sym^4(1/2,1/2)	K_0 c	M_n:h_0	2	exact
3	G_n	76	c_mu_2[P1*P2*P3^2]	diffeomorphism ghost c_mu	c_raw=c	1	0	-1	3	-1	4	(1/2,1/2) tensor Sym^4(1/2,1/2)	K_0 c	M_n:h_0	5	exact
3	G_n	77	c_mu_2[P1*P2^2*P3]	diffeomorphism ghost c_mu	c_raw=c	1	0	-1	3	-1	4	(1/2,1/2) tensor Sym^4(1/2,1/2)	K_0 c	M_n:h_0	5	exact
3	G_n	78	c_mu_2[P1*P2^3]	diffeomorphism ghost c_mu	c_raw=c	1	0	-1	3	-1	4	(1/2,1/2) tensor Sym^4(1/2,1/2)	K_0 c	M_n:h_0	4	exact
3	G_n	79	c_mu_2[P1^2*P3^2]	diffeomorphism ghost c_mu	c_raw=c	1	0	-1	3	-1	4	(1/2,1/2) tensor Sym^4(1/2,1/2)	K_0 c	M_n:h_0	2	exact
3	G_n	80	c_mu_2[P1^2*P2*P3]	diffeomorphism ghost c_mu	c_raw=c	1	0	-1	3	-1	4	(1/2,1/2) tensor Sym^4(1/2,1/2)	K_0 c	M_n:h_0	5	exact
3	G_n	81	c_mu_2[P1^2*P2^2]	diffeomorphism ghost c_mu	c_raw=c	1	0	-1	3	-1	4	(1/2,1/2) tensor Sym^4(1/2,1/2)	K_0 c	M_n:h_0	4	exact
3	G_n	82	c_mu_2[P1^3*P3]	diffeomorphism ghost c_mu	c_raw=c	1	0	-1	3	-1	4	(1/2,1/2) tensor Sym^4(1/2,1/2)	K_0 c	M_n:h_0	2	exact
3	G_n	83	c_mu_2[P1^3*P2]	diffeomorphism ghost c_mu	c_raw=c	1	0	-1	3	-1	4	(1/2,1/2) tensor Sym^4(1/2,1/2)	K_0 c	M_n:h_0	4	exact
3	G_n	84	c_mu_2[P1^4]	diffeomorphism ghost c_mu	c_raw=c	1	0	-1	3	-1	4	(1/2,1/2) tensor Sym^4(1/2,1/2)	K_0 c	M_n:h_0	1	exact
3	G_n	85	c_mu_2[P0*P3^3]	diffeomorphism ghost c_mu	c_raw=c	1	0	-1	3	-1	4	(1/2,1/2) tensor Sym^4(1/2,1/2)	K_0 c	M_n:h_0	2	exact
3	G_n	86	c_mu_2[P0*P2*P3^2]	diffeomorphism ghost c_mu	c_raw=c	1	0	-1	3	-1	4	(1/2,1/2) tensor Sym^4(1/2,1/2)	K_0 c	M_n:h_0	5	exact
3	G_n	87	c_mu_2[P0*P2^2*P3]	diffeomorphism ghost c_mu	c_raw=c	1	0	-1	3	-1	4	(1/2,1/2) tensor Sym^4(1/2,1/2)	K_0 c	M_n:h_0	5	exact
3	G_n	88	c_mu_2[P0*P2^3]	diffeomorphism ghost c_mu	c_raw=c	1	0	-1	3	-1	4	(1/2,1/2) tensor Sym^4(1/2,1/2)	K_0 c	M_n:h_0	4	exact
3	G_n	89	c_mu_2[P0*P1*P3^2]	diffeomorphism ghost c_mu	c_raw=c	1	0	-1	3	-1	4	(1/2,1/2) tensor Sym^4(1/2,1/2)	K_0 c	M_n:h_0	3	exact
3	G_n	90	c_mu_2[P0*P1*P2*P3]	diffeomorphism ghost c_mu	c_raw=c	1	0	-1	3	-1	4	(1/2,1/2) tensor Sym^4(1/2,1/2)	K_0 c	M_n:h_0	6	exact
3	G_n	91	c_mu_2[P0*P1*P2^2]	diffeomorphism ghost c_mu	c_raw=c	1	0	-1	3	-1	4	(1/2,1/2) tensor Sym^4(1/2,1/2)	K_0 c	M_n:h_0	5	exact
3	G_n	92	c_mu_2[P0*P1^2*P3]	diffeomorphism ghost c_mu	c_raw=c	1	0	-1	3	-1	4	(1/2,1/2) tensor Sym^4(1/2,1/2)	K_0 c	M_n:h_0	3	exact
3	G_n	93	c_mu_2[P0*P1^2*P2]	diffeomorphism ghost c_mu	c_raw=c	1	0	-1	3	-1	4	(1/2,1/2) tensor Sym^4(1/2,1/2)	K_0 c	M_n:h_0	5	exact
3	G_n	94	c_mu_2[P0*P1^3]	diffeomorphism ghost c_mu	c_raw=c	1	0	-1	3	-1	4	(1/2,1/2) tensor Sym^4(1/2,1/2)	K_0 c	M_n:h_0	2	exact
3	G_n	95	c_mu_2[P0^2*P3^2]	diffeomorphism ghost c_mu	c_raw=c	1	0	-1	3	-1	4	(1/2,1/2) tensor Sym^4(1/2,1/2)	K_0 c	M_n:h_0	2	exact
3	G_n	96	c_mu_2[P0^2*P2*P3]	diffeomorphism ghost c_mu	c_raw=c	1	0	-1	3	-1	4	(1/2,1/2) tensor Sym^4(1/2,1/2)	K_0 c	M_n:h_0	5	exact
3	G_n	97	c_mu_2[P0^2*P2^2]	diffeomorphism ghost c_mu	c_raw=c	1	0	-1	3	-1	4	(1/2,1/2) tensor Sym^4(1/2,1/2)	K_0 c	M_n:h_0	4	exact
3	G_n	98	c_mu_2[P0^2*P1*P3]	diffeomorphism ghost c_mu	c_raw=c	1	0	-1	3	-1	4	(1/2,1/2) tensor Sym^4(1/2,1/2)	K_0 c	M_n:h_0	3	exact
3	G_n	99	c_mu_2[P0^2*P1*P2]	diffeomorphism ghost c_mu	c_raw=c	1	0	-1	3	-1	4	(1/2,1/2) tensor Sym^4(1/2,1/2)	K_0 c	M_n:h_0	5	exact
3	G_n	100	c_mu_2[P0^2*P1^2]	diffeomorphism ghost c_mu	c_raw=c	1	0	-1	3	-1	4	(1/2,1/2) tensor Sym^4(1/2,1/2)	K_0 c	M_n:h_0	2	exact
3	G_n	101	c_mu_2[P0^3*P3]	diffeomorphism ghost c_mu	c_raw=c	1	0	-1	3	-1	4	(1/2,1/2) tensor Sym^4(1/2,1/2)	K_0 c	M_n:h_0	2	exact
3	G_n	102	c_mu_2[P0^3*P2]	diffeomorphism ghost c_mu	c_raw=c	1	0	-1	3	-1	4	(1/2,1/2) tensor Sym^4(1/2,1/2)	K_0 c	M_n:h_0	4	exact
3	G_n	103	c_mu_2[P0^3*P1]	diffeomorphism ghost c_mu	c_raw=c	1	0	-1	3	-1	4	(1/2,1/2) tensor Sym^4(1/2,1/2)	K_0 c	M_n:h_0	2	exact
3	G_n	104	c_mu_2[P0^4]	diffeomorphism ghost c_mu	c_raw=c	1	0	-1	3	-1	4	(1/2,1/2) tensor Sym^4(1/2,1/2)	K_0 c	M_n:h_0	1	exact
3	G_n	105	c_mu_3[P3^4]	diffeomorphism ghost c_mu	c_raw=c	1	0	-1	3	-1	4	(1/2,1/2) tensor Sym^4(1/2,1/2)	K_0 c	M_n:h_0	3	exact
3	G_n	106	c_mu_3[P2*P3^3]	diffeomorphism ghost c_mu	c_raw=c	1	0	-1	3	-1	4	(1/2,1/2) tensor Sym^4(1/2,1/2)	K_0 c	M_n:h_0	4	exact
3	G_n	107	c_mu_3[P2^2*P3^2]	diffeomorphism ghost c_mu	c_raw=c	1	0	-1	3	-1	4	(1/2,1/2) tensor Sym^4(1/2,1/2)	K_0 c	M_n:h_0	4	exact
3	G_n	108	c_mu_3[P2^3*P3]	diffeomorphism ghost c_mu	c_raw=c	1	0	-1	3	-1	4	(1/2,1/2) tensor Sym^4(1/2,1/2)	K_0 c	M_n:h_0	4	exact
3	G_n	109	c_mu_3[P2^4]	diffeomorphism ghost c_mu	c_raw=c	1	0	-1	3	-1	4	(1/2,1/2) tensor Sym^4(1/2,1/2)	K_0 c	M_n:h_0	1	exact
3	G_n	110	c_mu_3[P1*P3^3]	diffeomorphism ghost c_mu	c_raw=c	1	0	-1	3	-1	4	(1/2,1/2) tensor Sym^4(1/2,1/2)	K_0 c	M_n:h_0	4	exact
3	G_n	111	c_mu_3[P1*P2*P3^2]	diffeomorphism ghost c_mu	c_raw=c	1	0	-1	3	-1	4	(1/2,1/2) tensor Sym^4(1/2,1/2)	K_0 c	M_n:h_0	5	exact
3	G_n	112	c_mu_3[P1*P2^2*P3]	diffeomorphism ghost c_mu	c_raw=c	1	0	-1	3	-1	4	(1/2,1/2) tensor Sym^4(1/2,1/2)	K_0 c	M_n:h_0	5	exact
3	G_n	113	c_mu_3[P1*P2^3]	diffeomorphism ghost c_mu	c_raw=c	1	0	-1	3	-1	4	(1/2,1/2) tensor Sym^4(1/2,1/2)	K_0 c	M_n:h_0	2	exact
3	G_n	114	c_mu_3[P1^2*P3^2]	diffeomorphism ghost c_mu	c_raw=c	1	0	-1	3	-1	4	(1/2,1/2) tensor Sym^4(1/2,1/2)	K_0 c	M_n:h_0	4	exact
3	G_n	115	c_mu_3[P1^2*P2*P3]	diffeomorphism ghost c_mu	c_raw=c	1	0	-1	3	-1	4	(1/2,1/2) tensor Sym^4(1/2,1/2)	K_0 c	M_n:h_0	5	exact
3	G_n	116	c_mu_3[P1^2*P2^2]	diffeomorphism ghost c_mu	c_raw=c	1	0	-1	3	-1	4	(1/2,1/2) tensor Sym^4(1/2,1/2)	K_0 c	M_n:h_0	2	exact
3	G_n	117	c_mu_3[P1^3*P3]	diffeomorphism ghost c_mu	c_raw=c	1	0	-1	3	-1	4	(1/2,1/2) tensor Sym^4(1/2,1/2)	K_0 c	M_n:h_0	4	exact
3	G_n	118	c_mu_3[P1^3*P2]	diffeomorphism ghost c_mu	c_raw=c	1	0	-1	3	-1	4	(1/2,1/2) tensor Sym^4(1/2,1/2)	K_0 c	M_n:h_0	2	exact
3	G_n	119	c_mu_3[P1^4]	diffeomorphism ghost c_mu	c_raw=c	1	0	-1	3	-1	4	(1/2,1/2) tensor Sym^4(1/2,1/2)	K_0 c	M_n:h_0	1	exact
3	G_n	120	c_mu_3[P0*P3^3]	diffeomorphism ghost c_mu	c_raw=c	1	0	-1	3	-1	4	(1/2,1/2) tensor Sym^4(1/2,1/2)	K_0 c	M_n:h_0	4	exact
3	G_n	121	c_mu_3[P0*P2*P3^2]	diffeomorphism ghost c_mu	c_raw=c	1	0	-1	3	-1	4	(1/2,1/2) tensor Sym^4(1/2,1/2)	K_0 c	M_n:h_0	5	exact
3	G_n	122	c_mu_3[P0*P2^2*P3]	diffeomorphism ghost c_mu	c_raw=c	1	0	-1	3	-1	4	(1/2,1/2) tensor Sym^4(1/2,1/2)	K_0 c	M_n:h_0	5	exact
3	G_n	123	c_mu_3[P0*P2^3]	diffeomorphism ghost c_mu	c_raw=c	1	0	-1	3	-1	4	(1/2,1/2) tensor Sym^4(1/2,1/2)	K_0 c	M_n:h_0	2	exact
3	G_n	124	c_mu_3[P0*P1*P3^2]	diffeomorphism ghost c_mu	c_raw=c	1	0	-1	3	-1	4	(1/2,1/2) tensor Sym^4(1/2,1/2)	K_0 c	M_n:h_0	5	exact
3	G_n	125	c_mu_3[P0*P1*P2*P3]	diffeomorphism ghost c_mu	c_raw=c	1	0	-1	3	-1	4	(1/2,1/2) tensor Sym^4(1/2,1/2)	K_0 c	M_n:h_0	6	exact
3	G_n	126	c_mu_3[P0*P1*P2^2]	diffeomorphism ghost c_mu	c_raw=c	1	0	-1	3	-1	4	(1/2,1/2) tensor Sym^4(1/2,1/2)	K_0 c	M_n:h_0	3	exact
3	G_n	127	c_mu_3[P0*P1^2*P3]	diffeomorphism ghost c_mu	c_raw=c	1	0	-1	3	-1	4	(1/2,1/2) tensor Sym^4(1/2,1/2)	K_0 c	M_n:h_0	5	exact
3	G_n	128	c_mu_3[P0*P1^2*P2]	diffeomorphism ghost c_mu	c_raw=c	1	0	-1	3	-1	4	(1/2,1/2) tensor Sym^4(1/2,1/2)	K_0 c	M_n:h_0	3	exact
3	G_n	129	c_mu_3[P0*P1^3]	diffeomorphism ghost c_mu	c_raw=c	1	0	-1	3	-1	4	(1/2,1/2) tensor Sym^4(1/2,1/2)	K_0 c	M_n:h_0	2	exact
3	G_n	130	c_mu_3[P0^2*P3^2]	diffeomorphism ghost c_mu	c_raw=c	1	0	-1	3	-1	4	(1/2,1/2) tensor Sym^4(1/2,1/2)	K_0 c	M_n:h_0	4	exact
3	G_n	131	c_mu_3[P0^2*P2*P3]	diffeomorphism ghost c_mu	c_raw=c	1	0	-1	3	-1	4	(1/2,1/2) tensor Sym^4(1/2,1/2)	K_0 c	M_n:h_0	5	exact
3	G_n	132	c_mu_3[P0^2*P2^2]	diffeomorphism ghost c_mu	c_raw=c	1	0	-1	3	-1	4	(1/2,1/2) tensor Sym^4(1/2,1/2)	K_0 c	M_n:h_0	2	exact
3	G_n	133	c_mu_3[P0^2*P1*P3]	diffeomorphism ghost c_mu	c_raw=c	1	0	-1	3	-1	4	(1/2,1/2) tensor Sym^4(1/2,1/2)	K_0 c	M_n:h_0	5	exact
3	G_n	134	c_mu_3[P0^2*P1*P2]	diffeomorphism ghost c_mu	c_raw=c	1	0	-1	3	-1	4	(1/2,1/2) tensor Sym^4(1/2,1/2)	K_0 c	M_n:h_0	3	exact
3	G_n	135	c_mu_3[P0^2*P1^2]	diffeomorphism ghost c_mu	c_raw=c	1	0	-1	3	-1	4	(1/2,1/2) tensor Sym^4(1/2,1/2)	K_0 c	M_n:h_0	2	exact
3	G_n	136	c_mu_3[P0^3*P3]	diffeomorphism ghost c_mu	c_raw=c	1	0	-1	3	-1	4	(1/2,1/2) tensor Sym^4(1/2,1/2)	K_0 c	M_n:h_0	4	exact
3	G_n	137	c_mu_3[P0^3*P2]	diffeomorphism ghost c_mu	c_raw=c	1	0	-1	3	-1	4	(1/2,1/2) tensor Sym^4(1/2,1/2)	K_0 c	M_n:h_0	2	exact
3	G_n	138	c_mu_3[P0^3*P1]	diffeomorphism ghost c_mu	c_raw=c	1	0	-1	3	-1	4	(1/2,1/2) tensor Sym^4(1/2,1/2)	K_0 c	M_n:h_0	2	exact
3	G_n	139	c_mu_3[P0^4]	diffeomorphism ghost c_mu	c_raw=c	1	0	-1	3	-1	4	(1/2,1/2) tensor Sym^4(1/2,1/2)	K_0 c	M_n:h_0	1	exact
3	G_n	140	Omega[P3^3]	Weyl ghost omega	Omega=omega+(partial.c)/4	1	0	-1	3	0	3	(0,0) tensor Sym^3(1/2,1/2)	tau	M_n:tau	1	exact
3	G_n	141	Omega[P2*P3^2]	Weyl ghost omega	Omega=omega+(partial.c)/4	1	0	-1	3	0	3	(0,0) tensor Sym^3(1/2,1/2)	tau	M_n:tau	1	exact
3	G_n	142	Omega[P2^2*P3]	Weyl ghost omega	Omega=omega+(partial.c)/4	1	0	-1	3	0	3	(0,0) tensor Sym^3(1/2,1/2)	tau	M_n:tau	1	exact
3	G_n	143	Omega[P2^3]	Weyl ghost omega	Omega=omega+(partial.c)/4	1	0	-1	3	0	3	(0,0) tensor Sym^3(1/2,1/2)	tau	M_n:tau	1	exact
3	G_n	144	Omega[P1*P3^2]	Weyl ghost omega	Omega=omega+(partial.c)/4	1	0	-1	3	0	3	(0,0) tensor Sym^3(1/2,1/2)	tau	M_n:tau	1	exact
3	G_n	145	Omega[P1*P2*P3]	Weyl ghost omega	Omega=omega+(partial.c)/4	1	0	-1	3	0	3	(0,0) tensor Sym^3(1/2,1/2)	tau	M_n:tau	1	exact
3	G_n	146	Omega[P1*P2^2]	Weyl ghost omega	Omega=omega+(partial.c)/4	1	0	-1	3	0	3	(0,0) tensor Sym^3(1/2,1/2)	tau	M_n:tau	1	exact
3	G_n	147	Omega[P1^2*P3]	Weyl ghost omega	Omega=omega+(partial.c)/4	1	0	-1	3	0	3	(0,0) tensor Sym^3(1/2,1/2)	tau	M_n:tau	1	exact
3	G_n	148	Omega[P1^2*P2]	Weyl ghost omega	Omega=omega+(partial.c)/4	1	0	-1	3	0	3	(0,0) tensor Sym^3(1/2,1/2)	tau	M_n:tau	1	exact
3	G_n	149	Omega[P1^3]	Weyl ghost omega	Omega=omega+(partial.c)/4	1	0	-1	3	0	3	(0,0) tensor Sym^3(1/2,1/2)	tau	M_n:tau	1	exact
3	G_n	150	Omega[P0*P3^2]	Weyl ghost omega	Omega=omega+(partial.c)/4	1	0	-1	3	0	3	(0,0) tensor Sym^3(1/2,1/2)	tau	M_n:tau	1	exact
3	G_n	151	Omega[P0*P2*P3]	Weyl ghost omega	Omega=omega+(partial.c)/4	1	0	-1	3	0	3	(0,0) tensor Sym^3(1/2,1/2)	tau	M_n:tau	1	exact
3	G_n	152	Omega[P0*P2^2]	Weyl ghost omega	Omega=omega+(partial.c)/4	1	0	-1	3	0	3	(0,0) tensor Sym^3(1/2,1/2)	tau	M_n:tau	1	exact
3	G_n	153	Omega[P0*P1*P3]	Weyl ghost omega	Omega=omega+(partial.c)/4	1	0	-1	3	0	3	(0,0) tensor Sym^3(1/2,1/2)	tau	M_n:tau	1	exact
3	G_n	154	Omega[P0*P1*P2]	Weyl ghost omega	Omega=omega+(partial.c)/4	1	0	-1	3	0	3	(0,0) tensor Sym^3(1/2,1/2)	tau	M_n:tau	1	exact
3	G_n	155	Omega[P0*P1^2]	Weyl ghost omega	Omega=omega+(partial.c)/4	1	0	-1	3	0	3	(0,0) tensor Sym^3(1/2,1/2)	tau	M_n:tau	1	exact
3	G_n	156	Omega[P0^2*P3]	Weyl ghost omega	Omega=omega+(partial.c)/4	1	0	-1	3	0	3	(0,0) tensor Sym^3(1/2,1/2)	tau	M_n:tau	1	exact
3	G_n	157	Omega[P0^2*P2]	Weyl ghost omega	Omega=omega+(partial.c)/4	1	0	-1	3	0	3	(0,0) tensor Sym^3(1/2,1/2)	tau	M_n:tau	1	exact
3	G_n	158	Omega[P0^2*P1]	Weyl ghost omega	Omega=omega+(partial.c)/4	1	0	-1	3	0	3	(0,0) tensor Sym^3(1/2,1/2)	tau	M_n:tau	1	exact
3	G_n	159	Omega[P0^3]	Weyl ghost omega	Omega=omega+(partial.c)/4	1	0	-1	3	0	3	(0,0) tensor Sym^3(1/2,1/2)	tau	M_n:tau	1	exact
3	M_n	160	h_0_(01)[P3^3]	trace-free metric fluctuation	h_0=h-eta tr(h)/4	0	0	0	3	0	3	(1,1) tensor Sym^3(1/2,1/2)	B_lin h_0	E_n:hstar_0	0	exact
3	M_n	161	h_0_(01)[P2*P3^2]	trace-free metric fluctuation	h_0=h-eta tr(h)/4	0	0	0	3	0	3	(1,1) tensor Sym^3(1/2,1/2)	B_lin h_0	E_n:hstar_0	0	exact
3	M_n	162	h_0_(01)[P2^2*P3]	trace-free metric fluctuation	h_0=h-eta tr(h)/4	0	0	0	3	0	3	(1,1) tensor Sym^3(1/2,1/2)	B_lin h_0	E_n:hstar_0	0	exact
3	M_n	163	h_0_(01)[P2^3]	trace-free metric fluctuation	h_0=h-eta tr(h)/4	0	0	0	3	0	3	(1,1) tensor Sym^3(1/2,1/2)	B_lin h_0	E_n:hstar_0	0	exact
3	M_n	164	h_0_(01)[P1*P3^2]	trace-free metric fluctuation	h_0=h-eta tr(h)/4	0	0	0	3	0	3	(1,1) tensor Sym^3(1/2,1/2)	B_lin h_0	E_n:hstar_0	0	exact
3	M_n	165	h_0_(01)[P1*P2*P3]	trace-free metric fluctuation	h_0=h-eta tr(h)/4	0	0	0	3	0	3	(1,1) tensor Sym^3(1/2,1/2)	B_lin h_0	E_n:hstar_0	0	exact
3	M_n	166	h_0_(01)[P1*P2^2]	trace-free metric fluctuation	h_0=h-eta tr(h)/4	0	0	0	3	0	3	(1,1) tensor Sym^3(1/2,1/2)	B_lin h_0	E_n:hstar_0	0	exact
3	M_n	167	h_0_(01)[P1^2*P3]	trace-free metric fluctuation	h_0=h-eta tr(h)/4	0	0	0	3	0	3	(1,1) tensor Sym^3(1/2,1/2)	B_lin h_0	E_n:hstar_0	0	exact
3	M_n	168	h_0_(01)[P1^2*P2]	trace-free metric fluctuation	h_0=h-eta tr(h)/4	0	0	0	3	0	3	(1,1) tensor Sym^3(1/2,1/2)	B_lin h_0	E_n:hstar_0	0	exact
3	M_n	169	h_0_(01)[P1^3]	trace-free metric fluctuation	h_0=h-eta tr(h)/4	0	0	0	3	0	3	(1,1) tensor Sym^3(1/2,1/2)	B_lin h_0	E_n:hstar_0	0	exact
3	M_n	170	h_0_(01)[P0*P3^2]	trace-free metric fluctuation	h_0=h-eta tr(h)/4	0	0	0	3	0	3	(1,1) tensor Sym^3(1/2,1/2)	B_lin h_0	E_n:hstar_0	0	exact
3	M_n	171	h_0_(01)[P0*P2*P3]	trace-free metric fluctuation	h_0=h-eta tr(h)/4	0	0	0	3	0	3	(1,1) tensor Sym^3(1/2,1/2)	B_lin h_0	E_n:hstar_0	0	exact
3	M_n	172	h_0_(01)[P0*P2^2]	trace-free metric fluctuation	h_0=h-eta tr(h)/4	0	0	0	3	0	3	(1,1) tensor Sym^3(1/2,1/2)	B_lin h_0	E_n:hstar_0	0	exact
3	M_n	173	h_0_(01)[P0*P1*P3]	trace-free metric fluctuation	h_0=h-eta tr(h)/4	0	0	0	3	0	3	(1,1) tensor Sym^3(1/2,1/2)	B_lin h_0	E_n:hstar_0	0	exact
3	M_n	174	h_0_(01)[P0*P1*P2]	trace-free metric fluctuation	h_0=h-eta tr(h)/4	0	0	0	3	0	3	(1,1) tensor Sym^3(1/2,1/2)	B_lin h_0	E_n:hstar_0	0	exact
3	M_n	175	h_0_(01)[P0*P1^2]	trace-free metric fluctuation	h_0=h-eta tr(h)/4	0	0	0	3	0	3	(1,1) tensor Sym^3(1/2,1/2)	B_lin h_0	E_n:hstar_0	0	exact
3	M_n	176	h_0_(01)[P0^2*P3]	trace-free metric fluctuation	h_0=h-eta tr(h)/4	0	0	0	3	0	3	(1,1) tensor Sym^3(1/2,1/2)	B_lin h_0	E_n:hstar_0	0	exact
3	M_n	177	h_0_(01)[P0^2*P2]	trace-free metric fluctuation	h_0=h-eta tr(h)/4	0	0	0	3	0	3	(1,1) tensor Sym^3(1/2,1/2)	B_lin h_0	E_n:hstar_0	0	exact
3	M_n	178	h_0_(01)[P0^2*P1]	trace-free metric fluctuation	h_0=h-eta tr(h)/4	0	0	0	3	0	3	(1,1) tensor Sym^3(1/2,1/2)	B_lin h_0	E_n:hstar_0	0	exact
3	M_n	179	h_0_(01)[P0^3]	trace-free metric fluctuation	h_0=h-eta tr(h)/4	0	0	0	3	0	3	(1,1) tensor Sym^3(1/2,1/2)	B_lin h_0	E_n:hstar_0	0	exact
3	M_n	180	h_0_(02)[P3^3]	trace-free metric fluctuation	h_0=h-eta tr(h)/4	0	0	0	3	0	3	(1,1) tensor Sym^3(1/2,1/2)	B_lin h_0	E_n:hstar_0	0	exact
3	M_n	181	h_0_(02)[P2*P3^2]	trace-free metric fluctuation	h_0=h-eta tr(h)/4	0	0	0	3	0	3	(1,1) tensor Sym^3(1/2,1/2)	B_lin h_0	E_n:hstar_0	0	exact
3	M_n	182	h_0_(02)[P2^2*P3]	trace-free metric fluctuation	h_0=h-eta tr(h)/4	0	0	0	3	0	3	(1,1) tensor Sym^3(1/2,1/2)	B_lin h_0	E_n:hstar_0	0	exact
3	M_n	183	h_0_(02)[P2^3]	trace-free metric fluctuation	h_0=h-eta tr(h)/4	0	0	0	3	0	3	(1,1) tensor Sym^3(1/2,1/2)	B_lin h_0	E_n:hstar_0	0	exact
3	M_n	184	h_0_(02)[P1*P3^2]	trace-free metric fluctuation	h_0=h-eta tr(h)/4	0	0	0	3	0	3	(1,1) tensor Sym^3(1/2,1/2)	B_lin h_0	E_n:hstar_0	0	exact
3	M_n	185	h_0_(02)[P1*P2*P3]	trace-free metric fluctuation	h_0=h-eta tr(h)/4	0	0	0	3	0	3	(1,1) tensor Sym^3(1/2,1/2)	B_lin h_0	E_n:hstar_0	0	exact
3	M_n	186	h_0_(02)[P1*P2^2]	trace-free metric fluctuation	h_0=h-eta tr(h)/4	0	0	0	3	0	3	(1,1) tensor Sym^3(1/2,1/2)	B_lin h_0	E_n:hstar_0	0	exact
3	M_n	187	h_0_(02)[P1^2*P3]	trace-free metric fluctuation	h_0=h-eta tr(h)/4	0	0	0	3	0	3	(1,1) tensor Sym^3(1/2,1/2)	B_lin h_0	E_n:hstar_0	0	exact
3	M_n	188	h_0_(02)[P1^2*P2]	trace-free metric fluctuation	h_0=h-eta tr(h)/4	0	0	0	3	0	3	(1,1) tensor Sym^3(1/2,1/2)	B_lin h_0	E_n:hstar_0	0	exact
3	M_n	189	h_0_(02)[P1^3]	trace-free metric fluctuation	h_0=h-eta tr(h)/4	0	0	0	3	0	3	(1,1) tensor Sym^3(1/2,1/2)	B_lin h_0	E_n:hstar_0	0	exact
3	M_n	190	h_0_(02)[P0*P3^2]	trace-free metric fluctuation	h_0=h-eta tr(h)/4	0	0	0	3	0	3	(1,1) tensor Sym^3(1/2,1/2)	B_lin h_0	E_n:hstar_0	0	exact
3	M_n	191	h_0_(02)[P0*P2*P3]	trace-free metric fluctuation	h_0=h-eta tr(h)/4	0	0	0	3	0	3	(1,1) tensor Sym^3(1/2,1/2)	B_lin h_0	E_n:hstar_0	0	exact
3	M_n	192	h_0_(02)[P0*P2^2]	trace-free metric fluctuation	h_0=h-eta tr(h)/4	0	0	0	3	0	3	(1,1) tensor Sym^3(1/2,1/2)	B_lin h_0	E_n:hstar_0	0	exact
3	M_n	193	h_0_(02)[P0*P1*P3]	trace-free metric fluctuation	h_0=h-eta tr(h)/4	0	0	0	3	0	3	(1,1) tensor Sym^3(1/2,1/2)	B_lin h_0	E_n:hstar_0	0	exact
3	M_n	194	h_0_(02)[P0*P1*P2]	trace-free metric fluctuation	h_0=h-eta tr(h)/4	0	0	0	3	0	3	(1,1) tensor Sym^3(1/2,1/2)	B_lin h_0	E_n:hstar_0	0	exact
3	M_n	195	h_0_(02)[P0*P1^2]	trace-free metric fluctuation	h_0=h-eta tr(h)/4	0	0	0	3	0	3	(1,1) tensor Sym^3(1/2,1/2)	B_lin h_0	E_n:hstar_0	0	exact
3	M_n	196	h_0_(02)[P0^2*P3]	trace-free metric fluctuation	h_0=h-eta tr(h)/4	0	0	0	3	0	3	(1,1) tensor Sym^3(1/2,1/2)	B_lin h_0	E_n:hstar_0	0	exact
3	M_n	197	h_0_(02)[P0^2*P2]	trace-free metric fluctuation	h_0=h-eta tr(h)/4	0	0	0	3	0	3	(1,1) tensor Sym^3(1/2,1/2)	B_lin h_0	E_n:hstar_0	0	exact
3	M_n	198	h_0_(02)[P0^2*P1]	trace-free metric fluctuation	h_0=h-eta tr(h)/4	0	0	0	3	0	3	(1,1) tensor Sym^3(1/2,1/2)	B_lin h_0	E_n:hstar_0	0	exact
3	M_n	199	h_0_(02)[P0^3]	trace-free metric fluctuation	h_0=h-eta tr(h)/4	0	0	0	3	0	3	(1,1) tensor Sym^3(1/2,1/2)	B_lin h_0	E_n:hstar_0	0	exact
3	M_n	200	h_0_(03)[P3^3]	trace-free metric fluctuation	h_0=h-eta tr(h)/4	0	0	0	3	0	3	(1,1) tensor Sym^3(1/2,1/2)	B_lin h_0	E_n:hstar_0	0	exact
3	M_n	201	h_0_(03)[P2*P3^2]	trace-free metric fluctuation	h_0=h-eta tr(h)/4	0	0	0	3	0	3	(1,1) tensor Sym^3(1/2,1/2)	B_lin h_0	E_n:hstar_0	0	exact
3	M_n	202	h_0_(03)[P2^2*P3]	trace-free metric fluctuation	h_0=h-eta tr(h)/4	0	0	0	3	0	3	(1,1) tensor Sym^3(1/2,1/2)	B_lin h_0	E_n:hstar_0	0	exact
3	M_n	203	h_0_(03)[P2^3]	trace-free metric fluctuation	h_0=h-eta tr(h)/4	0	0	0	3	0	3	(1,1) tensor Sym^3(1/2,1/2)	B_lin h_0	E_n:hstar_0	0	exact
3	M_n	204	h_0_(03)[P1*P3^2]	trace-free metric fluctuation	h_0=h-eta tr(h)/4	0	0	0	3	0	3	(1,1) tensor Sym^3(1/2,1/2)	B_lin h_0	E_n:hstar_0	0	exact
3	M_n	205	h_0_(03)[P1*P2*P3]	trace-free metric fluctuation	h_0=h-eta tr(h)/4	0	0	0	3	0	3	(1,1) tensor Sym^3(1/2,1/2)	B_lin h_0	E_n:hstar_0	0	exact
3	M_n	206	h_0_(03)[P1*P2^2]	trace-free metric fluctuation	h_0=h-eta tr(h)/4	0	0	0	3	0	3	(1,1) tensor Sym^3(1/2,1/2)	B_lin h_0	E_n:hstar_0	0	exact
3	M_n	207	h_0_(03)[P1^2*P3]	trace-free metric fluctuation	h_0=h-eta tr(h)/4	0	0	0	3	0	3	(1,1) tensor Sym^3(1/2,1/2)	B_lin h_0	E_n:hstar_0	0	exact
3	M_n	208	h_0_(03)[P1^2*P2]	trace-free metric fluctuation	h_0=h-eta tr(h)/4	0	0	0	3	0	3	(1,1) tensor Sym^3(1/2,1/2)	B_lin h_0	E_n:hstar_0	0	exact
3	M_n	209	h_0_(03)[P1^3]	trace-free metric fluctuation	h_0=h-eta tr(h)/4	0	0	0	3	0	3	(1,1) tensor Sym^3(1/2,1/2)	B_lin h_0	E_n:hstar_0	0	exact
3	M_n	210	h_0_(03)[P0*P3^2]	trace-free metric fluctuation	h_0=h-eta tr(h)/4	0	0	0	3	0	3	(1,1) tensor Sym^3(1/2,1/2)	B_lin h_0	E_n:hstar_0	0	exact
3	M_n	211	h_0_(03)[P0*P2*P3]	trace-free metric fluctuation	h_0=h-eta tr(h)/4	0	0	0	3	0	3	(1,1) tensor Sym^3(1/2,1/2)	B_lin h_0	E_n:hstar_0	0	exact
3	M_n	212	h_0_(03)[P0*P2^2]	trace-free metric fluctuation	h_0=h-eta tr(h)/4	0	0	0	3	0	3	(1,1) tensor Sym^3(1/2,1/2)	B_lin h_0	E_n:hstar_0	0	exact
3	M_n	213	h_0_(03)[P0*P1*P3]	trace-free metric fluctuation	h_0=h-eta tr(h)/4	0	0	0	3	0	3	(1,1) tensor Sym^3(1/2,1/2)	B_lin h_0	E_n:hstar_0	0	exact
3	M_n	214	h_0_(03)[P0*P1*P2]	trace-free metric fluctuation	h_0=h-eta tr(h)/4	0	0	0	3	0	3	(1,1) tensor Sym^3(1/2,1/2)	B_lin h_0	E_n:hstar_0	0	exact
3	M_n	215	h_0_(03)[P0*P1^2]	trace-free metric fluctuation	h_0=h-eta tr(h)/4	0	0	0	3	0	3	(1,1) tensor Sym^3(1/2,1/2)	B_lin h_0	E_n:hstar_0	0	exact
3	M_n	216	h_0_(03)[P0^2*P3]	trace-free metric fluctuation	h_0=h-eta tr(h)/4	0	0	0	3	0	3	(1,1) tensor Sym^3(1/2,1/2)	B_lin h_0	E_n:hstar_0	0	exact
3	M_n	217	h_0_(03)[P0^2*P2]	trace-free metric fluctuation	h_0=h-eta tr(h)/4	0	0	0	3	0	3	(1,1) tensor Sym^3(1/2,1/2)	B_lin h_0	E_n:hstar_0	0	exact
3	M_n	218	h_0_(03)[P0^2*P1]	trace-free metric fluctuation	h_0=h-eta tr(h)/4	0	0	0	3	0	3	(1,1) tensor Sym^3(1/2,1/2)	B_lin h_0	E_n:hstar_0	0	exact
3	M_n	219	h_0_(03)[P0^3]	trace-free metric fluctuation	h_0=h-eta tr(h)/4	0	0	0	3	0	3	(1,1) tensor Sym^3(1/2,1/2)	B_lin h_0	E_n:hstar_0	0	exact
3	M_n	220	h_0_(12)[P3^3]	trace-free metric fluctuation	h_0=h-eta tr(h)/4	0	0	0	3	0	3	(1,1) tensor Sym^3(1/2,1/2)	B_lin h_0	E_n:hstar_0	0	exact
3	M_n	221	h_0_(12)[P2*P3^2]	trace-free metric fluctuation	h_0=h-eta tr(h)/4	0	0	0	3	0	3	(1,1) tensor Sym^3(1/2,1/2)	B_lin h_0	E_n:hstar_0	0	exact
3	M_n	222	h_0_(12)[P2^2*P3]	trace-free metric fluctuation	h_0=h-eta tr(h)/4	0	0	0	3	0	3	(1,1) tensor Sym^3(1/2,1/2)	B_lin h_0	E_n:hstar_0	0	exact
3	M_n	223	h_0_(12)[P2^3]	trace-free metric fluctuation	h_0=h-eta tr(h)/4	0	0	0	3	0	3	(1,1) tensor Sym^3(1/2,1/2)	B_lin h_0	E_n:hstar_0	0	exact
3	M_n	224	h_0_(12)[P1*P3^2]	trace-free metric fluctuation	h_0=h-eta tr(h)/4	0	0	0	3	0	3	(1,1) tensor Sym^3(1/2,1/2)	B_lin h_0	E_n:hstar_0	0	exact
3	M_n	225	h_0_(12)[P1*P2*P3]	trace-free metric fluctuation	h_0=h-eta tr(h)/4	0	0	0	3	0	3	(1,1) tensor Sym^3(1/2,1/2)	B_lin h_0	E_n:hstar_0	0	exact
3	M_n	226	h_0_(12)[P1*P2^2]	trace-free metric fluctuation	h_0=h-eta tr(h)/4	0	0	0	3	0	3	(1,1) tensor Sym^3(1/2,1/2)	B_lin h_0	E_n:hstar_0	0	exact
3	M_n	227	h_0_(12)[P1^2*P3]	trace-free metric fluctuation	h_0=h-eta tr(h)/4	0	0	0	3	0	3	(1,1) tensor Sym^3(1/2,1/2)	B_lin h_0	E_n:hstar_0	0	exact
3	M_n	228	h_0_(12)[P1^2*P2]	trace-free metric fluctuation	h_0=h-eta tr(h)/4	0	0	0	3	0	3	(1,1) tensor Sym^3(1/2,1/2)	B_lin h_0	E_n:hstar_0	0	exact
3	M_n	229	h_0_(12)[P1^3]	trace-free metric fluctuation	h_0=h-eta tr(h)/4	0	0	0	3	0	3	(1,1) tensor Sym^3(1/2,1/2)	B_lin h_0	E_n:hstar_0	0	exact
3	M_n	230	h_0_(12)[P0*P3^2]	trace-free metric fluctuation	h_0=h-eta tr(h)/4	0	0	0	3	0	3	(1,1) tensor Sym^3(1/2,1/2)	B_lin h_0	E_n:hstar_0	0	exact
3	M_n	231	h_0_(12)[P0*P2*P3]	trace-free metric fluctuation	h_0=h-eta tr(h)/4	0	0	0	3	0	3	(1,1) tensor Sym^3(1/2,1/2)	B_lin h_0	E_n:hstar_0	0	exact
3	M_n	232	h_0_(12)[P0*P2^2]	trace-free metric fluctuation	h_0=h-eta tr(h)/4	0	0	0	3	0	3	(1,1) tensor Sym^3(1/2,1/2)	B_lin h_0	E_n:hstar_0	0	exact
3	M_n	233	h_0_(12)[P0*P1*P3]	trace-free metric fluctuation	h_0=h-eta tr(h)/4	0	0	0	3	0	3	(1,1) tensor Sym^3(1/2,1/2)	B_lin h_0	E_n:hstar_0	0	exact
3	M_n	234	h_0_(12)[P0*P1*P2]	trace-free metric fluctuation	h_0=h-eta tr(h)/4	0	0	0	3	0	3	(1,1) tensor Sym^3(1/2,1/2)	B_lin h_0	E_n:hstar_0	0	exact
3	M_n	235	h_0_(12)[P0*P1^2]	trace-free metric fluctuation	h_0=h-eta tr(h)/4	0	0	0	3	0	3	(1,1) tensor Sym^3(1/2,1/2)	B_lin h_0	E_n:hstar_0	0	exact
3	M_n	236	h_0_(12)[P0^2*P3]	trace-free metric fluctuation	h_0=h-eta tr(h)/4	0	0	0	3	0	3	(1,1) tensor Sym^3(1/2,1/2)	B_lin h_0	E_n:hstar_0	0	exact
3	M_n	237	h_0_(12)[P0^2*P2]	trace-free metric fluctuation	h_0=h-eta tr(h)/4	0	0	0	3	0	3	(1,1) tensor Sym^3(1/2,1/2)	B_lin h_0	E_n:hstar_0	0	exact
3	M_n	238	h_0_(12)[P0^2*P1]	trace-free metric fluctuation	h_0=h-eta tr(h)/4	0	0	0	3	0	3	(1,1) tensor Sym^3(1/2,1/2)	B_lin h_0	E_n:hstar_0	0	exact
3	M_n	239	h_0_(12)[P0^3]	trace-free metric fluctuation	h_0=h-eta tr(h)/4	0	0	0	3	0	3	(1,1) tensor Sym^3(1/2,1/2)	B_lin h_0	E_n:hstar_0	0	exact
3	M_n	240	h_0_(13)[P3^3]	trace-free metric fluctuation	h_0=h-eta tr(h)/4	0	0	0	3	0	3	(1,1) tensor Sym^3(1/2,1/2)	B_lin h_0	E_n:hstar_0	0	exact
3	M_n	241	h_0_(13)[P2*P3^2]	trace-free metric fluctuation	h_0=h-eta tr(h)/4	0	0	0	3	0	3	(1,1) tensor Sym^3(1/2,1/2)	B_lin h_0	E_n:hstar_0	0	exact
3	M_n	242	h_0_(13)[P2^2*P3]	trace-free metric fluctuation	h_0=h-eta tr(h)/4	0	0	0	3	0	3	(1,1) tensor Sym^3(1/2,1/2)	B_lin h_0	E_n:hstar_0	0	exact
3	M_n	243	h_0_(13)[P2^3]	trace-free metric fluctuation	h_0=h-eta tr(h)/4	0	0	0	3	0	3	(1,1) tensor Sym^3(1/2,1/2)	B_lin h_0	E_n:hstar_0	0	exact
3	M_n	244	h_0_(13)[P1*P3^2]	trace-free metric fluctuation	h_0=h-eta tr(h)/4	0	0	0	3	0	3	(1,1) tensor Sym^3(1/2,1/2)	B_lin h_0	E_n:hstar_0	0	exact
3	M_n	245	h_0_(13)[P1*P2*P3]	trace-free metric fluctuation	h_0=h-eta tr(h)/4	0	0	0	3	0	3	(1,1) tensor Sym^3(1/2,1/2)	B_lin h_0	E_n:hstar_0	0	exact
3	M_n	246	h_0_(13)[P1*P2^2]	trace-free metric fluctuation	h_0=h-eta tr(h)/4	0	0	0	3	0	3	(1,1) tensor Sym^3(1/2,1/2)	B_lin h_0	E_n:hstar_0	0	exact
3	M_n	247	h_0_(13)[P1^2*P3]	trace-free metric fluctuation	h_0=h-eta tr(h)/4	0	0	0	3	0	3	(1,1) tensor Sym^3(1/2,1/2)	B_lin h_0	E_n:hstar_0	0	exact
3	M_n	248	h_0_(13)[P1^2*P2]	trace-free metric fluctuation	h_0=h-eta tr(h)/4	0	0	0	3	0	3	(1,1) tensor Sym^3(1/2,1/2)	B_lin h_0	E_n:hstar_0	0	exact
3	M_n	249	h_0_(13)[P1^3]	trace-free metric fluctuation	h_0=h-eta tr(h)/4	0	0	0	3	0	3	(1,1) tensor Sym^3(1/2,1/2)	B_lin h_0	E_n:hstar_0	0	exact
3	M_n	250	h_0_(13)[P0*P3^2]	trace-free metric fluctuation	h_0=h-eta tr(h)/4	0	0	0	3	0	3	(1,1) tensor Sym^3(1/2,1/2)	B_lin h_0	E_n:hstar_0	0	exact
3	M_n	251	h_0_(13)[P0*P2*P3]	trace-free metric fluctuation	h_0=h-eta tr(h)/4	0	0	0	3	0	3	(1,1) tensor Sym^3(1/2,1/2)	B_lin h_0	E_n:hstar_0	0	exact
3	M_n	252	h_0_(13)[P0*P2^2]	trace-free metric fluctuation	h_0=h-eta tr(h)/4	0	0	0	3	0	3	(1,1) tensor Sym^3(1/2,1/2)	B_lin h_0	E_n:hstar_0	0	exact
3	M_n	253	h_0_(13)[P0*P1*P3]	trace-free metric fluctuation	h_0=h-eta tr(h)/4	0	0	0	3	0	3	(1,1) tensor Sym^3(1/2,1/2)	B_lin h_0	E_n:hstar_0	0	exact
3	M_n	254	h_0_(13)[P0*P1*P2]	trace-free metric fluctuation	h_0=h-eta tr(h)/4	0	0	0	3	0	3	(1,1) tensor Sym^3(1/2,1/2)	B_lin h_0	E_n:hstar_0	0	exact
3	M_n	255	h_0_(13)[P0*P1^2]	trace-free metric fluctuation	h_0=h-eta tr(h)/4	0	0	0	3	0	3	(1,1) tensor Sym^3(1/2,1/2)	B_lin h_0	E_n:hstar_0	0	exact
3	M_n	256	h_0_(13)[P0^2*P3]	trace-free metric fluctuation	h_0=h-eta tr(h)/4	0	0	0	3	0	3	(1,1) tensor Sym^3(1/2,1/2)	B_lin h_0	E_n:hstar_0	0	exact
3	M_n	257	h_0_(13)[P0^2*P2]	trace-free metric fluctuation	h_0=h-eta tr(h)/4	0	0	0	3	0	3	(1,1) tensor Sym^3(1/2,1/2)	B_lin h_0	E_n:hstar_0	0	exact
3	M_n	258	h_0_(13)[P0^2*P1]	trace-free metric fluctuation	h_0=h-eta tr(h)/4	0	0	0	3	0	3	(1,1) tensor Sym^3(1/2,1/2)	B_lin h_0	E_n:hstar_0	0	exact
3	M_n	259	h_0_(13)[P0^3]	trace-free metric fluctuation	h_0=h-eta tr(h)/4	0	0	0	3	0	3	(1,1) tensor Sym^3(1/2,1/2)	B_lin h_0	E_n:hstar_0	0	exact
3	M_n	260	h_0_(23)[P3^3]	trace-free metric fluctuation	h_0=h-eta tr(h)/4	0	0	0	3	0	3	(1,1) tensor Sym^3(1/2,1/2)	B_lin h_0	E_n:hstar_0	0	exact
3	M_n	261	h_0_(23)[P2*P3^2]	trace-free metric fluctuation	h_0=h-eta tr(h)/4	0	0	0	3	0	3	(1,1) tensor Sym^3(1/2,1/2)	B_lin h_0	E_n:hstar_0	0	exact
3	M_n	262	h_0_(23)[P2^2*P3]	trace-free metric fluctuation	h_0=h-eta tr(h)/4	0	0	0	3	0	3	(1,1) tensor Sym^3(1/2,1/2)	B_lin h_0	E_n:hstar_0	0	exact
3	M_n	263	h_0_(23)[P2^3]	trace-free metric fluctuation	h_0=h-eta tr(h)/4	0	0	0	3	0	3	(1,1) tensor Sym^3(1/2,1/2)	B_lin h_0	E_n:hstar_0	0	exact
3	M_n	264	h_0_(23)[P1*P3^2]	trace-free metric fluctuation	h_0=h-eta tr(h)/4	0	0	0	3	0	3	(1,1) tensor Sym^3(1/2,1/2)	B_lin h_0	E_n:hstar_0	0	exact
3	M_n	265	h_0_(23)[P1*P2*P3]	trace-free metric fluctuation	h_0=h-eta tr(h)/4	0	0	0	3	0	3	(1,1) tensor Sym^3(1/2,1/2)	B_lin h_0	E_n:hstar_0	0	exact
3	M_n	266	h_0_(23)[P1*P2^2]	trace-free metric fluctuation	h_0=h-eta tr(h)/4	0	0	0	3	0	3	(1,1) tensor Sym^3(1/2,1/2)	B_lin h_0	E_n:hstar_0	0	exact
3	M_n	267	h_0_(23)[P1^2*P3]	trace-free metric fluctuation	h_0=h-eta tr(h)/4	0	0	0	3	0	3	(1,1) tensor Sym^3(1/2,1/2)	B_lin h_0	E_n:hstar_0	0	exact
3	M_n	268	h_0_(23)[P1^2*P2]	trace-free metric fluctuation	h_0=h-eta tr(h)/4	0	0	0	3	0	3	(1,1) tensor Sym^3(1/2,1/2)	B_lin h_0	E_n:hstar_0	0	exact
3	M_n	269	h_0_(23)[P1^3]	trace-free metric fluctuation	h_0=h-eta tr(h)/4	0	0	0	3	0	3	(1,1) tensor Sym^3(1/2,1/2)	B_lin h_0	E_n:hstar_0	0	exact
3	M_n	270	h_0_(23)[P0*P3^2]	trace-free metric fluctuation	h_0=h-eta tr(h)/4	0	0	0	3	0	3	(1,1) tensor Sym^3(1/2,1/2)	B_lin h_0	E_n:hstar_0	0	exact
3	M_n	271	h_0_(23)[P0*P2*P3]	trace-free metric fluctuation	h_0=h-eta tr(h)/4	0	0	0	3	0	3	(1,1) tensor Sym^3(1/2,1/2)	B_lin h_0	E_n:hstar_0	0	exact
3	M_n	272	h_0_(23)[P0*P2^2]	trace-free metric fluctuation	h_0=h-eta tr(h)/4	0	0	0	3	0	3	(1,1) tensor Sym^3(1/2,1/2)	B_lin h_0	E_n:hstar_0	0	exact
3	M_n	273	h_0_(23)[P0*P1*P3]	trace-free metric fluctuation	h_0=h-eta tr(h)/4	0	0	0	3	0	3	(1,1) tensor Sym^3(1/2,1/2)	B_lin h_0	E_n:hstar_0	0	exact
3	M_n	274	h_0_(23)[P0*P1*P2]	trace-free metric fluctuation	h_0=h-eta tr(h)/4	0	0	0	3	0	3	(1,1) tensor Sym^3(1/2,1/2)	B_lin h_0	E_n:hstar_0	0	exact
3	M_n	275	h_0_(23)[P0*P1^2]	trace-free metric fluctuation	h_0=h-eta tr(h)/4	0	0	0	3	0	3	(1,1) tensor Sym^3(1/2,1/2)	B_lin h_0	E_n:hstar_0	0	exact
3	M_n	276	h_0_(23)[P0^2*P3]	trace-free metric fluctuation	h_0=h-eta tr(h)/4	0	0	0	3	0	3	(1,1) tensor Sym^3(1/2,1/2)	B_lin h_0	E_n:hstar_0	0	exact
3	M_n	277	h_0_(23)[P0^2*P2]	trace-free metric fluctuation	h_0=h-eta tr(h)/4	0	0	0	3	0	3	(1,1) tensor Sym^3(1/2,1/2)	B_lin h_0	E_n:hstar_0	0	exact
3	M_n	278	h_0_(23)[P0^2*P1]	trace-free metric fluctuation	h_0=h-eta tr(h)/4	0	0	0	3	0	3	(1,1) tensor Sym^3(1/2,1/2)	B_lin h_0	E_n:hstar_0	0	exact
3	M_n	279	h_0_(23)[P0^3]	trace-free metric fluctuation	h_0=h-eta tr(h)/4	0	0	0	3	0	3	(1,1) tensor Sym^3(1/2,1/2)	B_lin h_0	E_n:hstar_0	0	exact
3	M_n	280	h_0_(00)-(33)[P3^3]	trace-free metric fluctuation	h_0=h-eta tr(h)/4	0	0	0	3	0	3	(1,1) tensor Sym^3(1/2,1/2)	B_lin h_0	E_n:hstar_0	0	exact
3	M_n	281	h_0_(00)-(33)[P2*P3^2]	trace-free metric fluctuation	h_0=h-eta tr(h)/4	0	0	0	3	0	3	(1,1) tensor Sym^3(1/2,1/2)	B_lin h_0	E_n:hstar_0	0	exact
3	M_n	282	h_0_(00)-(33)[P2^2*P3]	trace-free metric fluctuation	h_0=h-eta tr(h)/4	0	0	0	3	0	3	(1,1) tensor Sym^3(1/2,1/2)	B_lin h_0	E_n:hstar_0	0	exact
3	M_n	283	h_0_(00)-(33)[P2^3]	trace-free metric fluctuation	h_0=h-eta tr(h)/4	0	0	0	3	0	3	(1,1) tensor Sym^3(1/2,1/2)	B_lin h_0	E_n:hstar_0	0	exact
3	M_n	284	h_0_(00)-(33)[P1*P3^2]	trace-free metric fluctuation	h_0=h-eta tr(h)/4	0	0	0	3	0	3	(1,1) tensor Sym^3(1/2,1/2)	B_lin h_0	E_n:hstar_0	0	exact
3	M_n	285	h_0_(00)-(33)[P1*P2*P3]	trace-free metric fluctuation	h_0=h-eta tr(h)/4	0	0	0	3	0	3	(1,1) tensor Sym^3(1/2,1/2)	B_lin h_0	E_n:hstar_0	0	exact
3	M_n	286	h_0_(00)-(33)[P1*P2^2]	trace-free metric fluctuation	h_0=h-eta tr(h)/4	0	0	0	3	0	3	(1,1) tensor Sym^3(1/2,1/2)	B_lin h_0	E_n:hstar_0	0	exact
3	M_n	287	h_0_(00)-(33)[P1^2*P3]	trace-free metric fluctuation	h_0=h-eta tr(h)/4	0	0	0	3	0	3	(1,1) tensor Sym^3(1/2,1/2)	B_lin h_0	E_n:hstar_0	0	exact
3	M_n	288	h_0_(00)-(33)[P1^2*P2]	trace-free metric fluctuation	h_0=h-eta tr(h)/4	0	0	0	3	0	3	(1,1) tensor Sym^3(1/2,1/2)	B_lin h_0	E_n:hstar_0	0	exact
3	M_n	289	h_0_(00)-(33)[P1^3]	trace-free metric fluctuation	h_0=h-eta tr(h)/4	0	0	0	3	0	3	(1,1) tensor Sym^3(1/2,1/2)	B_lin h_0	E_n:hstar_0	0	exact
3	M_n	290	h_0_(00)-(33)[P0*P3^2]	trace-free metric fluctuation	h_0=h-eta tr(h)/4	0	0	0	3	0	3	(1,1) tensor Sym^3(1/2,1/2)	B_lin h_0	E_n:hstar_0	0	exact
3	M_n	291	h_0_(00)-(33)[P0*P2*P3]	trace-free metric fluctuation	h_0=h-eta tr(h)/4	0	0	0	3	0	3	(1,1) tensor Sym^3(1/2,1/2)	B_lin h_0	E_n:hstar_0	0	exact
3	M_n	292	h_0_(00)-(33)[P0*P2^2]	trace-free metric fluctuation	h_0=h-eta tr(h)/4	0	0	0	3	0	3	(1,1) tensor Sym^3(1/2,1/2)	B_lin h_0	E_n:hstar_0	0	exact
3	M_n	293	h_0_(00)-(33)[P0*P1*P3]	trace-free metric fluctuation	h_0=h-eta tr(h)/4	0	0	0	3	0	3	(1,1) tensor Sym^3(1/2,1/2)	B_lin h_0	E_n:hstar_0	0	exact
3	M_n	294	h_0_(00)-(33)[P0*P1*P2]	trace-free metric fluctuation	h_0=h-eta tr(h)/4	0	0	0	3	0	3	(1,1) tensor Sym^3(1/2,1/2)	B_lin h_0	E_n:hstar_0	0	exact
3	M_n	295	h_0_(00)-(33)[P0*P1^2]	trace-free metric fluctuation	h_0=h-eta tr(h)/4	0	0	0	3	0	3	(1,1) tensor Sym^3(1/2,1/2)	B_lin h_0	E_n:hstar_0	0	exact
3	M_n	296	h_0_(00)-(33)[P0^2*P3]	trace-free metric fluctuation	h_0=h-eta tr(h)/4	0	0	0	3	0	3	(1,1) tensor Sym^3(1/2,1/2)	B_lin h_0	E_n:hstar_0	0	exact
3	M_n	297	h_0_(00)-(33)[P0^2*P2]	trace-free metric fluctuation	h_0=h-eta tr(h)/4	0	0	0	3	0	3	(1,1) tensor Sym^3(1/2,1/2)	B_lin h_0	E_n:hstar_0	0	exact
3	M_n	298	h_0_(00)-(33)[P0^2*P1]	trace-free metric fluctuation	h_0=h-eta tr(h)/4	0	0	0	3	0	3	(1,1) tensor Sym^3(1/2,1/2)	B_lin h_0	E_n:hstar_0	0	exact
3	M_n	299	h_0_(00)-(33)[P0^3]	trace-free metric fluctuation	h_0=h-eta tr(h)/4	0	0	0	3	0	3	(1,1) tensor Sym^3(1/2,1/2)	B_lin h_0	E_n:hstar_0	0	exact
3	M_n	300	h_0_(11)-(33)[P3^3]	trace-free metric fluctuation	h_0=h-eta tr(h)/4	0	0	0	3	0	3	(1,1) tensor Sym^3(1/2,1/2)	B_lin h_0	E_n:hstar_0	0	exact
3	M_n	301	h_0_(11)-(33)[P2*P3^2]	trace-free metric fluctuation	h_0=h-eta tr(h)/4	0	0	0	3	0	3	(1,1) tensor Sym^3(1/2,1/2)	B_lin h_0	E_n:hstar_0	0	exact
3	M_n	302	h_0_(11)-(33)[P2^2*P3]	trace-free metric fluctuation	h_0=h-eta tr(h)/4	0	0	0	3	0	3	(1,1) tensor Sym^3(1/2,1/2)	B_lin h_0	E_n:hstar_0	0	exact
3	M_n	303	h_0_(11)-(33)[P2^3]	trace-free metric fluctuation	h_0=h-eta tr(h)/4	0	0	0	3	0	3	(1,1) tensor Sym^3(1/2,1/2)	B_lin h_0	E_n:hstar_0	0	exact
3	M_n	304	h_0_(11)-(33)[P1*P3^2]	trace-free metric fluctuation	h_0=h-eta tr(h)/4	0	0	0	3	0	3	(1,1) tensor Sym^3(1/2,1/2)	B_lin h_0	E_n:hstar_0	0	exact
3	M_n	305	h_0_(11)-(33)[P1*P2*P3]	trace-free metric fluctuation	h_0=h-eta tr(h)/4	0	0	0	3	0	3	(1,1) tensor Sym^3(1/2,1/2)	B_lin h_0	E_n:hstar_0	0	exact
3	M_n	306	h_0_(11)-(33)[P1*P2^2]	trace-free metric fluctuation	h_0=h-eta tr(h)/4	0	0	0	3	0	3	(1,1) tensor Sym^3(1/2,1/2)	B_lin h_0	E_n:hstar_0	0	exact
3	M_n	307	h_0_(11)-(33)[P1^2*P3]	trace-free metric fluctuation	h_0=h-eta tr(h)/4	0	0	0	3	0	3	(1,1) tensor Sym^3(1/2,1/2)	B_lin h_0	E_n:hstar_0	0	exact
3	M_n	308	h_0_(11)-(33)[P1^2*P2]	trace-free metric fluctuation	h_0=h-eta tr(h)/4	0	0	0	3	0	3	(1,1) tensor Sym^3(1/2,1/2)	B_lin h_0	E_n:hstar_0	0	exact
3	M_n	309	h_0_(11)-(33)[P1^3]	trace-free metric fluctuation	h_0=h-eta tr(h)/4	0	0	0	3	0	3	(1,1) tensor Sym^3(1/2,1/2)	B_lin h_0	E_n:hstar_0	0	exact
3	M_n	310	h_0_(11)-(33)[P0*P3^2]	trace-free metric fluctuation	h_0=h-eta tr(h)/4	0	0	0	3	0	3	(1,1) tensor Sym^3(1/2,1/2)	B_lin h_0	E_n:hstar_0	0	exact
3	M_n	311	h_0_(11)-(33)[P0*P2*P3]	trace-free metric fluctuation	h_0=h-eta tr(h)/4	0	0	0	3	0	3	(1,1) tensor Sym^3(1/2,1/2)	B_lin h_0	E_n:hstar_0	0	exact
3	M_n	312	h_0_(11)-(33)[P0*P2^2]	trace-free metric fluctuation	h_0=h-eta tr(h)/4	0	0	0	3	0	3	(1,1) tensor Sym^3(1/2,1/2)	B_lin h_0	E_n:hstar_0	0	exact
3	M_n	313	h_0_(11)-(33)[P0*P1*P3]	trace-free metric fluctuation	h_0=h-eta tr(h)/4	0	0	0	3	0	3	(1,1) tensor Sym^3(1/2,1/2)	B_lin h_0	E_n:hstar_0	0	exact
3	M_n	314	h_0_(11)-(33)[P0*P1*P2]	trace-free metric fluctuation	h_0=h-eta tr(h)/4	0	0	0	3	0	3	(1,1) tensor Sym^3(1/2,1/2)	B_lin h_0	E_n:hstar_0	0	exact
3	M_n	315	h_0_(11)-(33)[P0*P1^2]	trace-free metric fluctuation	h_0=h-eta tr(h)/4	0	0	0	3	0	3	(1,1) tensor Sym^3(1/2,1/2)	B_lin h_0	E_n:hstar_0	0	exact
3	M_n	316	h_0_(11)-(33)[P0^2*P3]	trace-free metric fluctuation	h_0=h-eta tr(h)/4	0	0	0	3	0	3	(1,1) tensor Sym^3(1/2,1/2)	B_lin h_0	E_n:hstar_0	0	exact
3	M_n	317	h_0_(11)-(33)[P0^2*P2]	trace-free metric fluctuation	h_0=h-eta tr(h)/4	0	0	0	3	0	3	(1,1) tensor Sym^3(1/2,1/2)	B_lin h_0	E_n:hstar_0	0	exact
3	M_n	318	h_0_(11)-(33)[P0^2*P1]	trace-free metric fluctuation	h_0=h-eta tr(h)/4	0	0	0	3	0	3	(1,1) tensor Sym^3(1/2,1/2)	B_lin h_0	E_n:hstar_0	0	exact
3	M_n	319	h_0_(11)-(33)[P0^3]	trace-free metric fluctuation	h_0=h-eta tr(h)/4	0	0	0	3	0	3	(1,1) tensor Sym^3(1/2,1/2)	B_lin h_0	E_n:hstar_0	0	exact
3	M_n	320	h_0_(22)-(33)[P3^3]	trace-free metric fluctuation	h_0=h-eta tr(h)/4	0	0	0	3	0	3	(1,1) tensor Sym^3(1/2,1/2)	B_lin h_0	E_n:hstar_0	0	exact
3	M_n	321	h_0_(22)-(33)[P2*P3^2]	trace-free metric fluctuation	h_0=h-eta tr(h)/4	0	0	0	3	0	3	(1,1) tensor Sym^3(1/2,1/2)	B_lin h_0	E_n:hstar_0	0	exact
3	M_n	322	h_0_(22)-(33)[P2^2*P3]	trace-free metric fluctuation	h_0=h-eta tr(h)/4	0	0	0	3	0	3	(1,1) tensor Sym^3(1/2,1/2)	B_lin h_0	E_n:hstar_0	0	exact
3	M_n	323	h_0_(22)-(33)[P2^3]	trace-free metric fluctuation	h_0=h-eta tr(h)/4	0	0	0	3	0	3	(1,1) tensor Sym^3(1/2,1/2)	B_lin h_0	E_n:hstar_0	0	exact
3	M_n	324	h_0_(22)-(33)[P1*P3^2]	trace-free metric fluctuation	h_0=h-eta tr(h)/4	0	0	0	3	0	3	(1,1) tensor Sym^3(1/2,1/2)	B_lin h_0	E_n:hstar_0	0	exact
3	M_n	325	h_0_(22)-(33)[P1*P2*P3]	trace-free metric fluctuation	h_0=h-eta tr(h)/4	0	0	0	3	0	3	(1,1) tensor Sym^3(1/2,1/2)	B_lin h_0	E_n:hstar_0	0	exact
3	M_n	326	h_0_(22)-(33)[P1*P2^2]	trace-free metric fluctuation	h_0=h-eta tr(h)/4	0	0	0	3	0	3	(1,1) tensor Sym^3(1/2,1/2)	B_lin h_0	E_n:hstar_0	0	exact
3	M_n	327	h_0_(22)-(33)[P1^2*P3]	trace-free metric fluctuation	h_0=h-eta tr(h)/4	0	0	0	3	0	3	(1,1) tensor Sym^3(1/2,1/2)	B_lin h_0	E_n:hstar_0	0	exact
3	M_n	328	h_0_(22)-(33)[P1^2*P2]	trace-free metric fluctuation	h_0=h-eta tr(h)/4	0	0	0	3	0	3	(1,1) tensor Sym^3(1/2,1/2)	B_lin h_0	E_n:hstar_0	0	exact
3	M_n	329	h_0_(22)-(33)[P1^3]	trace-free metric fluctuation	h_0=h-eta tr(h)/4	0	0	0	3	0	3	(1,1) tensor Sym^3(1/2,1/2)	B_lin h_0	E_n:hstar_0	0	exact
3	M_n	330	h_0_(22)-(33)[P0*P3^2]	trace-free metric fluctuation	h_0=h-eta tr(h)/4	0	0	0	3	0	3	(1,1) tensor Sym^3(1/2,1/2)	B_lin h_0	E_n:hstar_0	0	exact
3	M_n	331	h_0_(22)-(33)[P0*P2*P3]	trace-free metric fluctuation	h_0=h-eta tr(h)/4	0	0	0	3	0	3	(1,1) tensor Sym^3(1/2,1/2)	B_lin h_0	E_n:hstar_0	0	exact
3	M_n	332	h_0_(22)-(33)[P0*P2^2]	trace-free metric fluctuation	h_0=h-eta tr(h)/4	0	0	0	3	0	3	(1,1) tensor Sym^3(1/2,1/2)	B_lin h_0	E_n:hstar_0	0	exact
3	M_n	333	h_0_(22)-(33)[P0*P1*P3]	trace-free metric fluctuation	h_0=h-eta tr(h)/4	0	0	0	3	0	3	(1,1) tensor Sym^3(1/2,1/2)	B_lin h_0	E_n:hstar_0	0	exact
3	M_n	334	h_0_(22)-(33)[P0*P1*P2]	trace-free metric fluctuation	h_0=h-eta tr(h)/4	0	0	0	3	0	3	(1,1) tensor Sym^3(1/2,1/2)	B_lin h_0	E_n:hstar_0	0	exact
3	M_n	335	h_0_(22)-(33)[P0*P1^2]	trace-free metric fluctuation	h_0=h-eta tr(h)/4	0	0	0	3	0	3	(1,1) tensor Sym^3(1/2,1/2)	B_lin h_0	E_n:hstar_0	0	exact
3	M_n	336	h_0_(22)-(33)[P0^2*P3]	trace-free metric fluctuation	h_0=h-eta tr(h)/4	0	0	0	3	0	3	(1,1) tensor Sym^3(1/2,1/2)	B_lin h_0	E_n:hstar_0	0	exact
3	M_n	337	h_0_(22)-(33)[P0^2*P2]	trace-free metric fluctuation	h_0=h-eta tr(h)/4	0	0	0	3	0	3	(1,1) tensor Sym^3(1/2,1/2)	B_lin h_0	E_n:hstar_0	0	exact
3	M_n	338	h_0_(22)-(33)[P0^2*P1]	trace-free metric fluctuation	h_0=h-eta tr(h)/4	0	0	0	3	0	3	(1,1) tensor Sym^3(1/2,1/2)	B_lin h_0	E_n:hstar_0	0	exact
3	M_n	339	h_0_(22)-(33)[P0^3]	trace-free metric fluctuation	h_0=h-eta tr(h)/4	0	0	0	3	0	3	(1,1) tensor Sym^3(1/2,1/2)	B_lin h_0	E_n:hstar_0	0	exact
3	M_n	340	tau[P3^3]	metric trace	tau=tr(h)/8	0	0	0	3	0	3	(0,0) tensor Sym^3(1/2,1/2)	0	0	0	exact
3	M_n	341	tau[P2*P3^2]	metric trace	tau=tr(h)/8	0	0	0	3	0	3	(0,0) tensor Sym^3(1/2,1/2)	0	0	0	exact
3	M_n	342	tau[P2^2*P3]	metric trace	tau=tr(h)/8	0	0	0	3	0	3	(0,0) tensor Sym^3(1/2,1/2)	0	0	0	exact
3	M_n	343	tau[P2^3]	metric trace	tau=tr(h)/8	0	0	0	3	0	3	(0,0) tensor Sym^3(1/2,1/2)	0	0	0	exact
3	M_n	344	tau[P1*P3^2]	metric trace	tau=tr(h)/8	0	0	0	3	0	3	(0,0) tensor Sym^3(1/2,1/2)	0	0	0	exact
3	M_n	345	tau[P1*P2*P3]	metric trace	tau=tr(h)/8	0	0	0	3	0	3	(0,0) tensor Sym^3(1/2,1/2)	0	0	0	exact
3	M_n	346	tau[P1*P2^2]	metric trace	tau=tr(h)/8	0	0	0	3	0	3	(0,0) tensor Sym^3(1/2,1/2)	0	0	0	exact
3	M_n	347	tau[P1^2*P3]	metric trace	tau=tr(h)/8	0	0	0	3	0	3	(0,0) tensor Sym^3(1/2,1/2)	0	0	0	exact
3	M_n	348	tau[P1^2*P2]	metric trace	tau=tr(h)/8	0	0	0	3	0	3	(0,0) tensor Sym^3(1/2,1/2)	0	0	0	exact
3	M_n	349	tau[P1^3]	metric trace	tau=tr(h)/8	0	0	0	3	0	3	(0,0) tensor Sym^3(1/2,1/2)	0	0	0	exact
3	M_n	350	tau[P0*P3^2]	metric trace	tau=tr(h)/8	0	0	0	3	0	3	(0,0) tensor Sym^3(1/2,1/2)	0	0	0	exact
3	M_n	351	tau[P0*P2*P3]	metric trace	tau=tr(h)/8	0	0	0	3	0	3	(0,0) tensor Sym^3(1/2,1/2)	0	0	0	exact
3	M_n	352	tau[P0*P2^2]	metric trace	tau=tr(h)/8	0	0	0	3	0	3	(0,0) tensor Sym^3(1/2,1/2)	0	0	0	exact
3	M_n	353	tau[P0*P1*P3]	metric trace	tau=tr(h)/8	0	0	0	3	0	3	(0,0) tensor Sym^3(1/2,1/2)	0	0	0	exact
3	M_n	354	tau[P0*P1*P2]	metric trace	tau=tr(h)/8	0	0	0	3	0	3	(0,0) tensor Sym^3(1/2,1/2)	0	0	0	exact
3	M_n	355	tau[P0*P1^2]	metric trace	tau=tr(h)/8	0	0	0	3	0	3	(0,0) tensor Sym^3(1/2,1/2)	0	0	0	exact
3	M_n	356	tau[P0^2*P3]	metric trace	tau=tr(h)/8	0	0	0	3	0	3	(0,0) tensor Sym^3(1/2,1/2)	0	0	0	exact
3	M_n	357	tau[P0^2*P2]	metric trace	tau=tr(h)/8	0	0	0	3	0	3	(0,0) tensor Sym^3(1/2,1/2)	0	0	0	exact
3	M_n	358	tau[P0^2*P1]	metric trace	tau=tr(h)/8	0	0	0	3	0	3	(0,0) tensor Sym^3(1/2,1/2)	0	0	0	exact
3	M_n	359	tau[P0^3]	metric trace	tau=tr(h)/8	0	0	0	3	0	3	(0,0) tensor Sym^3(1/2,1/2)	0	0	0	exact
4	G_n	0	c_mu_0[P3^5]	diffeomorphism ghost c_mu	c_raw=c	1	0	-1	4	-1	5	(1/2,1/2) tensor Sym^5(1/2,1/2)	K_0 c	M_n:h_0	1	exact
4	G_n	1	c_mu_0[P2*P3^4]	diffeomorphism ghost c_mu	c_raw=c	1	0	-1	4	-1	5	(1/2,1/2) tensor Sym^5(1/2,1/2)	K_0 c	M_n:h_0	2	exact
4	G_n	2	c_mu_0[P2^2*P3^3]	diffeomorphism ghost c_mu	c_raw=c	1	0	-1	4	-1	5	(1/2,1/2) tensor Sym^5(1/2,1/2)	K_0 c	M_n:h_0	2	exact
4	G_n	3	c_mu_0[P2^3*P3^2]	diffeomorphism ghost c_mu	c_raw=c	1	0	-1	4	-1	5	(1/2,1/2) tensor Sym^5(1/2,1/2)	K_0 c	M_n:h_0	2	exact
4	G_n	4	c_mu_0[P2^4*P3]	diffeomorphism ghost c_mu	c_raw=c	1	0	-1	4	-1	5	(1/2,1/2) tensor Sym^5(1/2,1/2)	K_0 c	M_n:h_0	2	exact
4	G_n	5	c_mu_0[P2^5]	diffeomorphism ghost c_mu	c_raw=c	1	0	-1	4	-1	5	(1/2,1/2) tensor Sym^5(1/2,1/2)	K_0 c	M_n:h_0	1	exact
4	G_n	6	c_mu_0[P1*P3^4]	diffeomorphism ghost c_mu	c_raw=c	1	0	-1	4	-1	5	(1/2,1/2) tensor Sym^5(1/2,1/2)	K_0 c	M_n:h_0	2	exact
4	G_n	7	c_mu_0[P1*P2*P3^3]	diffeomorphism ghost c_mu	c_raw=c	1	0	-1	4	-1	5	(1/2,1/2) tensor Sym^5(1/2,1/2)	K_0 c	M_n:h_0	3	exact
4	G_n	8	c_mu_0[P1*P2^2*P3^2]	diffeomorphism ghost c_mu	c_raw=c	1	0	-1	4	-1	5	(1/2,1/2) tensor Sym^5(1/2,1/2)	K_0 c	M_n:h_0	3	exact
4	G_n	9	c_mu_0[P1*P2^3*P3]	diffeomorphism ghost c_mu	c_raw=c	1	0	-1	4	-1	5	(1/2,1/2) tensor Sym^5(1/2,1/2)	K_0 c	M_n:h_0	3	exact
4	G_n	10	c_mu_0[P1*P2^4]	diffeomorphism ghost c_mu	c_raw=c	1	0	-1	4	-1	5	(1/2,1/2) tensor Sym^5(1/2,1/2)	K_0 c	M_n:h_0	2	exact
4	G_n	11	c_mu_0[P1^2*P3^3]	diffeomorphism ghost c_mu	c_raw=c	1	0	-1	4	-1	5	(1/2,1/2) tensor Sym^5(1/2,1/2)	K_0 c	M_n:h_0	2	exact
4	G_n	12	c_mu_0[P1^2*P2*P3^2]	diffeomorphism ghost c_mu	c_raw=c	1	0	-1	4	-1	5	(1/2,1/2) tensor Sym^5(1/2,1/2)	K_0 c	M_n:h_0	3	exact
4	G_n	13	c_mu_0[P1^2*P2^2*P3]	diffeomorphism ghost c_mu	c_raw=c	1	0	-1	4	-1	5	(1/2,1/2) tensor Sym^5(1/2,1/2)	K_0 c	M_n:h_0	3	exact
4	G_n	14	c_mu_0[P1^2*P2^3]	diffeomorphism ghost c_mu	c_raw=c	1	0	-1	4	-1	5	(1/2,1/2) tensor Sym^5(1/2,1/2)	K_0 c	M_n:h_0	2	exact
4	G_n	15	c_mu_0[P1^3*P3^2]	diffeomorphism ghost c_mu	c_raw=c	1	0	-1	4	-1	5	(1/2,1/2) tensor Sym^5(1/2,1/2)	K_0 c	M_n:h_0	2	exact
4	G_n	16	c_mu_0[P1^3*P2*P3]	diffeomorphism ghost c_mu	c_raw=c	1	0	-1	4	-1	5	(1/2,1/2) tensor Sym^5(1/2,1/2)	K_0 c	M_n:h_0	3	exact
4	G_n	17	c_mu_0[P1^3*P2^2]	diffeomorphism ghost c_mu	c_raw=c	1	0	-1	4	-1	5	(1/2,1/2) tensor Sym^5(1/2,1/2)	K_0 c	M_n:h_0	2	exact
4	G_n	18	c_mu_0[P1^4*P3]	diffeomorphism ghost c_mu	c_raw=c	1	0	-1	4	-1	5	(1/2,1/2) tensor Sym^5(1/2,1/2)	K_0 c	M_n:h_0	2	exact
4	G_n	19	c_mu_0[P1^4*P2]	diffeomorphism ghost c_mu	c_raw=c	1	0	-1	4	-1	5	(1/2,1/2) tensor Sym^5(1/2,1/2)	K_0 c	M_n:h_0	2	exact
4	G_n	20	c_mu_0[P1^5]	diffeomorphism ghost c_mu	c_raw=c	1	0	-1	4	-1	5	(1/2,1/2) tensor Sym^5(1/2,1/2)	K_0 c	M_n:h_0	1	exact
4	G_n	21	c_mu_0[P0*P3^4]	diffeomorphism ghost c_mu	c_raw=c	1	0	-1	4	-1	5	(1/2,1/2) tensor Sym^5(1/2,1/2)	K_0 c	M_n:h_0	4	exact
4	G_n	22	c_mu_0[P0*P2*P3^3]	diffeomorphism ghost c_mu	c_raw=c	1	0	-1	4	-1	5	(1/2,1/2) tensor Sym^5(1/2,1/2)	K_0 c	M_n:h_0	5	exact
4	G_n	23	c_mu_0[P0*P2^2*P3^2]	diffeomorphism ghost c_mu	c_raw=c	1	0	-1	4	-1	5	(1/2,1/2) tensor Sym^5(1/2,1/2)	K_0 c	M_n:h_0	5	exact
4	G_n	24	c_mu_0[P0*P2^3*P3]	diffeomorphism ghost c_mu	c_raw=c	1	0	-1	4	-1	5	(1/2,1/2) tensor Sym^5(1/2,1/2)	K_0 c	M_n:h_0	5	exact
4	G_n	25	c_mu_0[P0*P2^4]	diffeomorphism ghost c_mu	c_raw=c	1	0	-1	4	-1	5	(1/2,1/2) tensor Sym^5(1/2,1/2)	K_0 c	M_n:h_0	4	exact
4	G_n	26	c_mu_0[P0*P1*P3^3]	diffeomorphism ghost c_mu	c_raw=c	1	0	-1	4	-1	5	(1/2,1/2) tensor Sym^5(1/2,1/2)	K_0 c	M_n:h_0	5	exact
4	G_n	27	c_mu_0[P0*P1*P2*P3^2]	diffeomorphism ghost c_mu	c_raw=c	1	0	-1	4	-1	5	(1/2,1/2) tensor Sym^5(1/2,1/2)	K_0 c	M_n:h_0	6	exact
4	G_n	28	c_mu_0[P0*P1*P2^2*P3]	diffeomorphism ghost c_mu	c_raw=c	1	0	-1	4	-1	5	(1/2,1/2) tensor Sym^5(1/2,1/2)	K_0 c	M_n:h_0	6	exact
4	G_n	29	c_mu_0[P0*P1*P2^3]	diffeomorphism ghost c_mu	c_raw=c	1	0	-1	4	-1	5	(1/2,1/2) tensor Sym^5(1/2,1/2)	K_0 c	M_n:h_0	5	exact
4	G_n	30	c_mu_0[P0*P1^2*P3^2]	diffeomorphism ghost c_mu	c_raw=c	1	0	-1	4	-1	5	(1/2,1/2) tensor Sym^5(1/2,1/2)	K_0 c	M_n:h_0	5	exact
4	G_n	31	c_mu_0[P0*P1^2*P2*P3]	diffeomorphism ghost c_mu	c_raw=c	1	0	-1	4	-1	5	(1/2,1/2) tensor Sym^5(1/2,1/2)	K_0 c	M_n:h_0	6	exact
4	G_n	32	c_mu_0[P0*P1^2*P2^2]	diffeomorphism ghost c_mu	c_raw=c	1	0	-1	4	-1	5	(1/2,1/2) tensor Sym^5(1/2,1/2)	K_0 c	M_n:h_0	5	exact
4	G_n	33	c_mu_0[P0*P1^3*P3]	diffeomorphism ghost c_mu	c_raw=c	1	0	-1	4	-1	5	(1/2,1/2) tensor Sym^5(1/2,1/2)	K_0 c	M_n:h_0	5	exact
4	G_n	34	c_mu_0[P0*P1^3*P2]	diffeomorphism ghost c_mu	c_raw=c	1	0	-1	4	-1	5	(1/2,1/2) tensor Sym^5(1/2,1/2)	K_0 c	M_n:h_0	5	exact
4	G_n	35	c_mu_0[P0*P1^4]	diffeomorphism ghost c_mu	c_raw=c	1	0	-1	4	-1	5	(1/2,1/2) tensor Sym^5(1/2,1/2)	K_0 c	M_n:h_0	4	exact
4	G_n	36	c_mu_0[P0^2*P3^3]	diffeomorphism ghost c_mu	c_raw=c	1	0	-1	4	-1	5	(1/2,1/2) tensor Sym^5(1/2,1/2)	K_0 c	M_n:h_0	4	exact
4	G_n	37	c_mu_0[P0^2*P2*P3^2]	diffeomorphism ghost c_mu	c_raw=c	1	0	-1	4	-1	5	(1/2,1/2) tensor Sym^5(1/2,1/2)	K_0 c	M_n:h_0	5	exact
4	G_n	38	c_mu_0[P0^2*P2^2*P3]	diffeomorphism ghost c_mu	c_raw=c	1	0	-1	4	-1	5	(1/2,1/2) tensor Sym^5(1/2,1/2)	K_0 c	M_n:h_0	5	exact
4	G_n	39	c_mu_0[P0^2*P2^3]	diffeomorphism ghost c_mu	c_raw=c	1	0	-1	4	-1	5	(1/2,1/2) tensor Sym^5(1/2,1/2)	K_0 c	M_n:h_0	4	exact
4	G_n	40	c_mu_0[P0^2*P1*P3^2]	diffeomorphism ghost c_mu	c_raw=c	1	0	-1	4	-1	5	(1/2,1/2) tensor Sym^5(1/2,1/2)	K_0 c	M_n:h_0	5	exact
4	G_n	41	c_mu_0[P0^2*P1*P2*P3]	diffeomorphism ghost c_mu	c_raw=c	1	0	-1	4	-1	5	(1/2,1/2) tensor Sym^5(1/2,1/2)	K_0 c	M_n:h_0	6	exact
4	G_n	42	c_mu_0[P0^2*P1*P2^2]	diffeomorphism ghost c_mu	c_raw=c	1	0	-1	4	-1	5	(1/2,1/2) tensor Sym^5(1/2,1/2)	K_0 c	M_n:h_0	5	exact
4	G_n	43	c_mu_0[P0^2*P1^2*P3]	diffeomorphism ghost c_mu	c_raw=c	1	0	-1	4	-1	5	(1/2,1/2) tensor Sym^5(1/2,1/2)	K_0 c	M_n:h_0	5	exact
4	G_n	44	c_mu_0[P0^2*P1^2*P2]	diffeomorphism ghost c_mu	c_raw=c	1	0	-1	4	-1	5	(1/2,1/2) tensor Sym^5(1/2,1/2)	K_0 c	M_n:h_0	5	exact
4	G_n	45	c_mu_0[P0^2*P1^3]	diffeomorphism ghost c_mu	c_raw=c	1	0	-1	4	-1	5	(1/2,1/2) tensor Sym^5(1/2,1/2)	K_0 c	M_n:h_0	4	exact
4	G_n	46	c_mu_0[P0^3*P3^2]	diffeomorphism ghost c_mu	c_raw=c	1	0	-1	4	-1	5	(1/2,1/2) tensor Sym^5(1/2,1/2)	K_0 c	M_n:h_0	4	exact
4	G_n	47	c_mu_0[P0^3*P2*P3]	diffeomorphism ghost c_mu	c_raw=c	1	0	-1	4	-1	5	(1/2,1/2) tensor Sym^5(1/2,1/2)	K_0 c	M_n:h_0	5	exact
4	G_n	48	c_mu_0[P0^3*P2^2]	diffeomorphism ghost c_mu	c_raw=c	1	0	-1	4	-1	5	(1/2,1/2) tensor Sym^5(1/2,1/2)	K_0 c	M_n:h_0	4	exact
4	G_n	49	c_mu_0[P0^3*P1*P3]	diffeomorphism ghost c_mu	c_raw=c	1	0	-1	4	-1	5	(1/2,1/2) tensor Sym^5(1/2,1/2)	K_0 c	M_n:h_0	5	exact
4	G_n	50	c_mu_0[P0^3*P1*P2]	diffeomorphism ghost c_mu	c_raw=c	1	0	-1	4	-1	5	(1/2,1/2) tensor Sym^5(1/2,1/2)	K_0 c	M_n:h_0	5	exact
4	G_n	51	c_mu_0[P0^3*P1^2]	diffeomorphism ghost c_mu	c_raw=c	1	0	-1	4	-1	5	(1/2,1/2) tensor Sym^5(1/2,1/2)	K_0 c	M_n:h_0	4	exact
4	G_n	52	c_mu_0[P0^4*P3]	diffeomorphism ghost c_mu	c_raw=c	1	0	-1	4	-1	5	(1/2,1/2) tensor Sym^5(1/2,1/2)	K_0 c	M_n:h_0	4	exact
4	G_n	53	c_mu_0[P0^4*P2]	diffeomorphism ghost c_mu	c_raw=c	1	0	-1	4	-1	5	(1/2,1/2) tensor Sym^5(1/2,1/2)	K_0 c	M_n:h_0	4	exact
4	G_n	54	c_mu_0[P0^4*P1]	diffeomorphism ghost c_mu	c_raw=c	1	0	-1	4	-1	5	(1/2,1/2) tensor Sym^5(1/2,1/2)	K_0 c	M_n:h_0	4	exact
4	G_n	55	c_mu_0[P0^5]	diffeomorphism ghost c_mu	c_raw=c	1	0	-1	4	-1	5	(1/2,1/2) tensor Sym^5(1/2,1/2)	K_0 c	M_n:h_0	3	exact
4	G_n	56	c_mu_1[P3^5]	diffeomorphism ghost c_mu	c_raw=c	1	0	-1	4	-1	5	(1/2,1/2) tensor Sym^5(1/2,1/2)	K_0 c	M_n:h_0	1	exact
4	G_n	57	c_mu_1[P2*P3^4]	diffeomorphism ghost c_mu	c_raw=c	1	0	-1	4	-1	5	(1/2,1/2) tensor Sym^5(1/2,1/2)	K_0 c	M_n:h_0	2	exact
4	G_n	58	c_mu_1[P2^2*P3^3]	diffeomorphism ghost c_mu	c_raw=c	1	0	-1	4	-1	5	(1/2,1/2) tensor Sym^5(1/2,1/2)	K_0 c	M_n:h_0	2	exact
4	G_n	59	c_mu_1[P2^3*P3^2]	diffeomorphism ghost c_mu	c_raw=c	1	0	-1	4	-1	5	(1/2,1/2) tensor Sym^5(1/2,1/2)	K_0 c	M_n:h_0	2	exact
4	G_n	60	c_mu_1[P2^4*P3]	diffeomorphism ghost c_mu	c_raw=c	1	0	-1	4	-1	5	(1/2,1/2) tensor Sym^5(1/2,1/2)	K_0 c	M_n:h_0	2	exact
4	G_n	61	c_mu_1[P2^5]	diffeomorphism ghost c_mu	c_raw=c	1	0	-1	4	-1	5	(1/2,1/2) tensor Sym^5(1/2,1/2)	K_0 c	M_n:h_0	1	exact
4	G_n	62	c_mu_1[P1*P3^4]	diffeomorphism ghost c_mu	c_raw=c	1	0	-1	4	-1	5	(1/2,1/2) tensor Sym^5(1/2,1/2)	K_0 c	M_n:h_0	4	exact
4	G_n	63	c_mu_1[P1*P2*P3^3]	diffeomorphism ghost c_mu	c_raw=c	1	0	-1	4	-1	5	(1/2,1/2) tensor Sym^5(1/2,1/2)	K_0 c	M_n:h_0	5	exact
4	G_n	64	c_mu_1[P1*P2^2*P3^2]	diffeomorphism ghost c_mu	c_raw=c	1	0	-1	4	-1	5	(1/2,1/2) tensor Sym^5(1/2,1/2)	K_0 c	M_n:h_0	5	exact
4	G_n	65	c_mu_1[P1*P2^3*P3]	diffeomorphism ghost c_mu	c_raw=c	1	0	-1	4	-1	5	(1/2,1/2) tensor Sym^5(1/2,1/2)	K_0 c	M_n:h_0	5	exact
4	G_n	66	c_mu_1[P1*P2^4]	diffeomorphism ghost c_mu	c_raw=c	1	0	-1	4	-1	5	(1/2,1/2) tensor Sym^5(1/2,1/2)	K_0 c	M_n:h_0	4	exact
4	G_n	67	c_mu_1[P1^2*P3^3]	diffeomorphism ghost c_mu	c_raw=c	1	0	-1	4	-1	5	(1/2,1/2) tensor Sym^5(1/2,1/2)	K_0 c	M_n:h_0	4	exact
4	G_n	68	c_mu_1[P1^2*P2*P3^2]	diffeomorphism ghost c_mu	c_raw=c	1	0	-1	4	-1	5	(1/2,1/2) tensor Sym^5(1/2,1/2)	K_0 c	M_n:h_0	5	exact
4	G_n	69	c_mu_1[P1^2*P2^2*P3]	diffeomorphism ghost c_mu	c_raw=c	1	0	-1	4	-1	5	(1/2,1/2) tensor Sym^5(1/2,1/2)	K_0 c	M_n:h_0	5	exact
4	G_n	70	c_mu_1[P1^2*P2^3]	diffeomorphism ghost c_mu	c_raw=c	1	0	-1	4	-1	5	(1/2,1/2) tensor Sym^5(1/2,1/2)	K_0 c	M_n:h_0	4	exact
4	G_n	71	c_mu_1[P1^3*P3^2]	diffeomorphism ghost c_mu	c_raw=c	1	0	-1	4	-1	5	(1/2,1/2) tensor Sym^5(1/2,1/2)	K_0 c	M_n:h_0	4	exact
4	G_n	72	c_mu_1[P1^3*P2*P3]	diffeomorphism ghost c_mu	c_raw=c	1	0	-1	4	-1	5	(1/2,1/2) tensor Sym^5(1/2,1/2)	K_0 c	M_n:h_0	5	exact
4	G_n	73	c_mu_1[P1^3*P2^2]	diffeomorphism ghost c_mu	c_raw=c	1	0	-1	4	-1	5	(1/2,1/2) tensor Sym^5(1/2,1/2)	K_0 c	M_n:h_0	4	exact
4	G_n	74	c_mu_1[P1^4*P3]	diffeomorphism ghost c_mu	c_raw=c	1	0	-1	4	-1	5	(1/2,1/2) tensor Sym^5(1/2,1/2)	K_0 c	M_n:h_0	4	exact
4	G_n	75	c_mu_1[P1^4*P2]	diffeomorphism ghost c_mu	c_raw=c	1	0	-1	4	-1	5	(1/2,1/2) tensor Sym^5(1/2,1/2)	K_0 c	M_n:h_0	4	exact
4	G_n	76	c_mu_1[P1^5]	diffeomorphism ghost c_mu	c_raw=c	1	0	-1	4	-1	5	(1/2,1/2) tensor Sym^5(1/2,1/2)	K_0 c	M_n:h_0	3	exact
4	G_n	77	c_mu_1[P0*P3^4]	diffeomorphism ghost c_mu	c_raw=c	1	0	-1	4	-1	5	(1/2,1/2) tensor Sym^5(1/2,1/2)	K_0 c	M_n:h_0	2	exact
4	G_n	78	c_mu_1[P0*P2*P3^3]	diffeomorphism ghost c_mu	c_raw=c	1	0	-1	4	-1	5	(1/2,1/2) tensor Sym^5(1/2,1/2)	K_0 c	M_n:h_0	3	exact
4	G_n	79	c_mu_1[P0*P2^2*P3^2]	diffeomorphism ghost c_mu	c_raw=c	1	0	-1	4	-1	5	(1/2,1/2) tensor Sym^5(1/2,1/2)	K_0 c	M_n:h_0	3	exact
4	G_n	80	c_mu_1[P0*P2^3*P3]	diffeomorphism ghost c_mu	c_raw=c	1	0	-1	4	-1	5	(1/2,1/2) tensor Sym^5(1/2,1/2)	K_0 c	M_n:h_0	3	exact
4	G_n	81	c_mu_1[P0*P2^4]	diffeomorphism ghost c_mu	c_raw=c	1	0	-1	4	-1	5	(1/2,1/2) tensor Sym^5(1/2,1/2)	K_0 c	M_n:h_0	2	exact
4	G_n	82	c_mu_1[P0*P1*P3^3]	diffeomorphism ghost c_mu	c_raw=c	1	0	-1	4	-1	5	(1/2,1/2) tensor Sym^5(1/2,1/2)	K_0 c	M_n:h_0	5	exact
4	G_n	83	c_mu_1[P0*P1*P2*P3^2]	diffeomorphism ghost c_mu	c_raw=c	1	0	-1	4	-1	5	(1/2,1/2) tensor Sym^5(1/2,1/2)	K_0 c	M_n:h_0	6	exact
4	G_n	84	c_mu_1[P0*P1*P2^2*P3]	diffeomorphism ghost c_mu	c_raw=c	1	0	-1	4	-1	5	(1/2,1/2) tensor Sym^5(1/2,1/2)	K_0 c	M_n:h_0	6	exact
4	G_n	85	c_mu_1[P0*P1*P2^3]	diffeomorphism ghost c_mu	c_raw=c	1	0	-1	4	-1	5	(1/2,1/2) tensor Sym^5(1/2,1/2)	K_0 c	M_n:h_0	5	exact
4	G_n	86	c_mu_1[P0*P1^2*P3^2]	diffeomorphism ghost c_mu	c_raw=c	1	0	-1	4	-1	5	(1/2,1/2) tensor Sym^5(1/2,1/2)	K_0 c	M_n:h_0	5	exact
4	G_n	87	c_mu_1[P0*P1^2*P2*P3]	diffeomorphism ghost c_mu	c_raw=c	1	0	-1	4	-1	5	(1/2,1/2) tensor Sym^5(1/2,1/2)	K_0 c	M_n:h_0	6	exact
4	G_n	88	c_mu_1[P0*P1^2*P2^2]	diffeomorphism ghost c_mu	c_raw=c	1	0	-1	4	-1	5	(1/2,1/2) tensor Sym^5(1/2,1/2)	K_0 c	M_n:h_0	5	exact
4	G_n	89	c_mu_1[P0*P1^3*P3]	diffeomorphism ghost c_mu	c_raw=c	1	0	-1	4	-1	5	(1/2,1/2) tensor Sym^5(1/2,1/2)	K_0 c	M_n:h_0	5	exact
4	G_n	90	c_mu_1[P0*P1^3*P2]	diffeomorphism ghost c_mu	c_raw=c	1	0	-1	4	-1	5	(1/2,1/2) tensor Sym^5(1/2,1/2)	K_0 c	M_n:h_0	5	exact
4	G_n	91	c_mu_1[P0*P1^4]	diffeomorphism ghost c_mu	c_raw=c	1	0	-1	4	-1	5	(1/2,1/2) tensor Sym^5(1/2,1/2)	K_0 c	M_n:h_0	4	exact
4	G_n	92	c_mu_1[P0^2*P3^3]	diffeomorphism ghost c_mu	c_raw=c	1	0	-1	4	-1	5	(1/2,1/2) tensor Sym^5(1/2,1/2)	K_0 c	M_n:h_0	2	exact
4	G_n	93	c_mu_1[P0^2*P2*P3^2]	diffeomorphism ghost c_mu	c_raw=c	1	0	-1	4	-1	5	(1/2,1/2) tensor Sym^5(1/2,1/2)	K_0 c	M_n:h_0	3	exact
4	G_n	94	c_mu_1[P0^2*P2^2*P3]	diffeomorphism ghost c_mu	c_raw=c	1	0	-1	4	-1	5	(1/2,1/2) tensor Sym^5(1/2,1/2)	K_0 c	M_n:h_0	3	exact
4	G_n	95	c_mu_1[P0^2*P2^3]	diffeomorphism ghost c_mu	c_raw=c	1	0	-1	4	-1	5	(1/2,1/2) tensor Sym^5(1/2,1/2)	K_0 c	M_n:h_0	2	exact
4	G_n	96	c_mu_1[P0^2*P1*P3^2]	diffeomorphism ghost c_mu	c_raw=c	1	0	-1	4	-1	5	(1/2,1/2) tensor Sym^5(1/2,1/2)	K_0 c	M_n:h_0	5	exact
4	G_n	97	c_mu_1[P0^2*P1*P2*P3]	diffeomorphism ghost c_mu	c_raw=c	1	0	-1	4	-1	5	(1/2,1/2) tensor Sym^5(1/2,1/2)	K_0 c	M_n:h_0	6	exact
4	G_n	98	c_mu_1[P0^2*P1*P2^2]	diffeomorphism ghost c_mu	c_raw=c	1	0	-1	4	-1	5	(1/2,1/2) tensor Sym^5(1/2,1/2)	K_0 c	M_n:h_0	5	exact
4	G_n	99	c_mu_1[P0^2*P1^2*P3]	diffeomorphism ghost c_mu	c_raw=c	1	0	-1	4	-1	5	(1/2,1/2) tensor Sym^5(1/2,1/2)	K_0 c	M_n:h_0	5	exact
4	G_n	100	c_mu_1[P0^2*P1^2*P2]	diffeomorphism ghost c_mu	c_raw=c	1	0	-1	4	-1	5	(1/2,1/2) tensor Sym^5(1/2,1/2)	K_0 c	M_n:h_0	5	exact
4	G_n	101	c_mu_1[P0^2*P1^3]	diffeomorphism ghost c_mu	c_raw=c	1	0	-1	4	-1	5	(1/2,1/2) tensor Sym^5(1/2,1/2)	K_0 c	M_n:h_0	4	exact
4	G_n	102	c_mu_1[P0^3*P3^2]	diffeomorphism ghost c_mu	c_raw=c	1	0	-1	4	-1	5	(1/2,1/2) tensor Sym^5(1/2,1/2)	K_0 c	M_n:h_0	2	exact
4	G_n	103	c_mu_1[P0^3*P2*P3]	diffeomorphism ghost c_mu	c_raw=c	1	0	-1	4	-1	5	(1/2,1/2) tensor Sym^5(1/2,1/2)	K_0 c	M_n:h_0	3	exact
4	G_n	104	c_mu_1[P0^3*P2^2]	diffeomorphism ghost c_mu	c_raw=c	1	0	-1	4	-1	5	(1/2,1/2) tensor Sym^5(1/2,1/2)	K_0 c	M_n:h_0	2	exact
4	G_n	105	c_mu_1[P0^3*P1*P3]	diffeomorphism ghost c_mu	c_raw=c	1	0	-1	4	-1	5	(1/2,1/2) tensor Sym^5(1/2,1/2)	K_0 c	M_n:h_0	5	exact
4	G_n	106	c_mu_1[P0^3*P1*P2]	diffeomorphism ghost c_mu	c_raw=c	1	0	-1	4	-1	5	(1/2,1/2) tensor Sym^5(1/2,1/2)	K_0 c	M_n:h_0	5	exact
4	G_n	107	c_mu_1[P0^3*P1^2]	diffeomorphism ghost c_mu	c_raw=c	1	0	-1	4	-1	5	(1/2,1/2) tensor Sym^5(1/2,1/2)	K_0 c	M_n:h_0	4	exact
4	G_n	108	c_mu_1[P0^4*P3]	diffeomorphism ghost c_mu	c_raw=c	1	0	-1	4	-1	5	(1/2,1/2) tensor Sym^5(1/2,1/2)	K_0 c	M_n:h_0	2	exact
4	G_n	109	c_mu_1[P0^4*P2]	diffeomorphism ghost c_mu	c_raw=c	1	0	-1	4	-1	5	(1/2,1/2) tensor Sym^5(1/2,1/2)	K_0 c	M_n:h_0	2	exact
4	G_n	110	c_mu_1[P0^4*P1]	diffeomorphism ghost c_mu	c_raw=c	1	0	-1	4	-1	5	(1/2,1/2) tensor Sym^5(1/2,1/2)	K_0 c	M_n:h_0	4	exact
4	G_n	111	c_mu_1[P0^5]	diffeomorphism ghost c_mu	c_raw=c	1	0	-1	4	-1	5	(1/2,1/2) tensor Sym^5(1/2,1/2)	K_0 c	M_n:h_0	1	exact
4	G_n	112	c_mu_2[P3^5]	diffeomorphism ghost c_mu	c_raw=c	1	0	-1	4	-1	5	(1/2,1/2) tensor Sym^5(1/2,1/2)	K_0 c	M_n:h_0	1	exact
4	G_n	113	c_mu_2[P2*P3^4]	diffeomorphism ghost c_mu	c_raw=c	1	0	-1	4	-1	5	(1/2,1/2) tensor Sym^5(1/2,1/2)	K_0 c	M_n:h_0	4	exact
4	G_n	114	c_mu_2[P2^2*P3^3]	diffeomorphism ghost c_mu	c_raw=c	1	0	-1	4	-1	5	(1/2,1/2) tensor Sym^5(1/2,1/2)	K_0 c	M_n:h_0	4	exact
4	G_n	115	c_mu_2[P2^3*P3^2]	diffeomorphism ghost c_mu	c_raw=c	1	0	-1	4	-1	5	(1/2,1/2) tensor Sym^5(1/2,1/2)	K_0 c	M_n:h_0	4	exact
4	G_n	116	c_mu_2[P2^4*P3]	diffeomorphism ghost c_mu	c_raw=c	1	0	-1	4	-1	5	(1/2,1/2) tensor Sym^5(1/2,1/2)	K_0 c	M_n:h_0	4	exact
4	G_n	117	c_mu_2[P2^5]	diffeomorphism ghost c_mu	c_raw=c	1	0	-1	4	-1	5	(1/2,1/2) tensor Sym^5(1/2,1/2)	K_0 c	M_n:h_0	3	exact
4	G_n	118	c_mu_2[P1*P3^4]	diffeomorphism ghost c_mu	c_raw=c	1	0	-1	4	-1	5	(1/2,1/2) tensor Sym^5(1/2,1/2)	K_0 c	M_n:h_0	2	exact
4	G_n	119	c_mu_2[P1*P2*P3^3]	diffeomorphism ghost c_mu	c_raw=c	1	0	-1	4	-1	5	(1/2,1/2) tensor Sym^5(1/2,1/2)	K_0 c	M_n:h_0	5	exact
4	G_n	120	c_mu_2[P1*P2^2*P3^2]	diffeomorphism ghost c_mu	c_raw=c	1	0	-1	4	-1	5	(1/2,1/2) tensor Sym^5(1/2,1/2)	K_0 c	M_n:h_0	5	exact
4	G_n	121	c_mu_2[P1*P2^3*P3]	diffeomorphism ghost c_mu	c_raw=c	1	0	-1	4	-1	5	(1/2,1/2) tensor Sym^5(1/2,1/2)	K_0 c	M_n:h_0	5	exact
4	G_n	122	c_mu_2[P1*P2^4]	diffeomorphism ghost c_mu	c_raw=c	1	0	-1	4	-1	5	(1/2,1/2) tensor Sym^5(1/2,1/2)	K_0 c	M_n:h_0	4	exact
4	G_n	123	c_mu_2[P1^2*P3^3]	diffeomorphism ghost c_mu	c_raw=c	1	0	-1	4	-1	5	(1/2,1/2) tensor Sym^5(1/2,1/2)	K_0 c	M_n:h_0	2	exact
4	G_n	124	c_mu_2[P1^2*P2*P3^2]	diffeomorphism ghost c_mu	c_raw=c	1	0	-1	4	-1	5	(1/2,1/2) tensor Sym^5(1/2,1/2)	K_0 c	M_n:h_0	5	exact
4	G_n	125	c_mu_2[P1^2*P2^2*P3]	diffeomorphism ghost c_mu	c_raw=c	1	0	-1	4	-1	5	(1/2,1/2) tensor Sym^5(1/2,1/2)	K_0 c	M_n:h_0	5	exact
4	G_n	126	c_mu_2[P1^2*P2^3]	diffeomorphism ghost c_mu	c_raw=c	1	0	-1	4	-1	5	(1/2,1/2) tensor Sym^5(1/2,1/2)	K_0 c	M_n:h_0	4	exact
4	G_n	127	c_mu_2[P1^3*P3^2]	diffeomorphism ghost c_mu	c_raw=c	1	0	-1	4	-1	5	(1/2,1/2) tensor Sym^5(1/2,1/2)	K_0 c	M_n:h_0	2	exact
4	G_n	128	c_mu_2[P1^3*P2*P3]	diffeomorphism ghost c_mu	c_raw=c	1	0	-1	4	-1	5	(1/2,1/2) tensor Sym^5(1/2,1/2)	K_0 c	M_n:h_0	5	exact
4	G_n	129	c_mu_2[P1^3*P2^2]	diffeomorphism ghost c_mu	c_raw=c	1	0	-1	4	-1	5	(1/2,1/2) tensor Sym^5(1/2,1/2)	K_0 c	M_n:h_0	4	exact
4	G_n	130	c_mu_2[P1^4*P3]	diffeomorphism ghost c_mu	c_raw=c	1	0	-1	4	-1	5	(1/2,1/2) tensor Sym^5(1/2,1/2)	K_0 c	M_n:h_0	2	exact
4	G_n	131	c_mu_2[P1^4*P2]	diffeomorphism ghost c_mu	c_raw=c	1	0	-1	4	-1	5	(1/2,1/2) tensor Sym^5(1/2,1/2)	K_0 c	M_n:h_0	4	exact
4	G_n	132	c_mu_2[P1^5]	diffeomorphism ghost c_mu	c_raw=c	1	0	-1	4	-1	5	(1/2,1/2) tensor Sym^5(1/2,1/2)	K_0 c	M_n:h_0	1	exact
4	G_n	133	c_mu_2[P0*P3^4]	diffeomorphism ghost c_mu	c_raw=c	1	0	-1	4	-1	5	(1/2,1/2) tensor Sym^5(1/2,1/2)	K_0 c	M_n:h_0	2	exact
4	G_n	134	c_mu_2[P0*P2*P3^3]	diffeomorphism ghost c_mu	c_raw=c	1	0	-1	4	-1	5	(1/2,1/2) tensor Sym^5(1/2,1/2)	K_0 c	M_n:h_0	5	exact
4	G_n	135	c_mu_2[P0*P2^2*P3^2]	diffeomorphism ghost c_mu	c_raw=c	1	0	-1	4	-1	5	(1/2,1/2) tensor Sym^5(1/2,1/2)	K_0 c	M_n:h_0	5	exact
4	G_n	136	c_mu_2[P0*P2^3*P3]	diffeomorphism ghost c_mu	c_raw=c	1	0	-1	4	-1	5	(1/2,1/2) tensor Sym^5(1/2,1/2)	K_0 c	M_n:h_0	5	exact
4	G_n	137	c_mu_2[P0*P2^4]	diffeomorphism ghost c_mu	c_raw=c	1	0	-1	4	-1	5	(1/2,1/2) tensor Sym^5(1/2,1/2)	K_0 c	M_n:h_0	4	exact
4	G_n	138	c_mu_2[P0*P1*P3^3]	diffeomorphism ghost c_mu	c_raw=c	1	0	-1	4	-1	5	(1/2,1/2) tensor Sym^5(1/2,1/2)	K_0 c	M_n:h_0	3	exact
4	G_n	139	c_mu_2[P0*P1*P2*P3^2]	diffeomorphism ghost c_mu	c_raw=c	1	0	-1	4	-1	5	(1/2,1/2) tensor Sym^5(1/2,1/2)	K_0 c	M_n:h_0	6	exact
4	G_n	140	c_mu_2[P0*P1*P2^2*P3]	diffeomorphism ghost c_mu	c_raw=c	1	0	-1	4	-1	5	(1/2,1/2) tensor Sym^5(1/2,1/2)	K_0 c	M_n:h_0	6	exact
4	G_n	141	c_mu_2[P0*P1*P2^3]	diffeomorphism ghost c_mu	c_raw=c	1	0	-1	4	-1	5	(1/2,1/2) tensor Sym^5(1/2,1/2)	K_0 c	M_n:h_0	5	exact
4	G_n	142	c_mu_2[P0*P1^2*P3^2]	diffeomorphism ghost c_mu	c_raw=c	1	0	-1	4	-1	5	(1/2,1/2) tensor Sym^5(1/2,1/2)	K_0 c	M_n:h_0	3	exact
4	G_n	143	c_mu_2[P0*P1^2*P2*P3]	diffeomorphism ghost c_mu	c_raw=c	1	0	-1	4	-1	5	(1/2,1/2) tensor Sym^5(1/2,1/2)	K_0 c	M_n:h_0	6	exact
4	G_n	144	c_mu_2[P0*P1^2*P2^2]	diffeomorphism ghost c_mu	c_raw=c	1	0	-1	4	-1	5	(1/2,1/2) tensor Sym^5(1/2,1/2)	K_0 c	M_n:h_0	5	exact
4	G_n	145	c_mu_2[P0*P1^3*P3]	diffeomorphism ghost c_mu	c_raw=c	1	0	-1	4	-1	5	(1/2,1/2) tensor Sym^5(1/2,1/2)	K_0 c	M_n:h_0	3	exact
4	G_n	146	c_mu_2[P0*P1^3*P2]	diffeomorphism ghost c_mu	c_raw=c	1	0	-1	4	-1	5	(1/2,1/2) tensor Sym^5(1/2,1/2)	K_0 c	M_n:h_0	5	exact
4	G_n	147	c_mu_2[P0*P1^4]	diffeomorphism ghost c_mu	c_raw=c	1	0	-1	4	-1	5	(1/2,1/2) tensor Sym^5(1/2,1/2)	K_0 c	M_n:h_0	2	exact
4	G_n	148	c_mu_2[P0^2*P3^3]	diffeomorphism ghost c_mu	c_raw=c	1	0	-1	4	-1	5	(1/2,1/2) tensor Sym^5(1/2,1/2)	K_0 c	M_n:h_0	2	exact
4	G_n	149	c_mu_2[P0^2*P2*P3^2]	diffeomorphism ghost c_mu	c_raw=c	1	0	-1	4	-1	5	(1/2,1/2) tensor Sym^5(1/2,1/2)	K_0 c	M_n:h_0	5	exact
4	G_n	150	c_mu_2[P0^2*P2^2*P3]	diffeomorphism ghost c_mu	c_raw=c	1	0	-1	4	-1	5	(1/2,1/2) tensor Sym^5(1/2,1/2)	K_0 c	M_n:h_0	5	exact
4	G_n	151	c_mu_2[P0^2*P2^3]	diffeomorphism ghost c_mu	c_raw=c	1	0	-1	4	-1	5	(1/2,1/2) tensor Sym^5(1/2,1/2)	K_0 c	M_n:h_0	4	exact
4	G_n	152	c_mu_2[P0^2*P1*P3^2]	diffeomorphism ghost c_mu	c_raw=c	1	0	-1	4	-1	5	(1/2,1/2) tensor Sym^5(1/2,1/2)	K_0 c	M_n:h_0	3	exact
4	G_n	153	c_mu_2[P0^2*P1*P2*P3]	diffeomorphism ghost c_mu	c_raw=c	1	0	-1	4	-1	5	(1/2,1/2) tensor Sym^5(1/2,1/2)	K_0 c	M_n:h_0	6	exact
4	G_n	154	c_mu_2[P0^2*P1*P2^2]	diffeomorphism ghost c_mu	c_raw=c	1	0	-1	4	-1	5	(1/2,1/2) tensor Sym^5(1/2,1/2)	K_0 c	M_n:h_0	5	exact
4	G_n	155	c_mu_2[P0^2*P1^2*P3]	diffeomorphism ghost c_mu	c_raw=c	1	0	-1	4	-1	5	(1/2,1/2) tensor Sym^5(1/2,1/2)	K_0 c	M_n:h_0	3	exact
4	G_n	156	c_mu_2[P0^2*P1^2*P2]	diffeomorphism ghost c_mu	c_raw=c	1	0	-1	4	-1	5	(1/2,1/2) tensor Sym^5(1/2,1/2)	K_0 c	M_n:h_0	5	exact
4	G_n	157	c_mu_2[P0^2*P1^3]	diffeomorphism ghost c_mu	c_raw=c	1	0	-1	4	-1	5	(1/2,1/2) tensor Sym^5(1/2,1/2)	K_0 c	M_n:h_0	2	exact
4	G_n	158	c_mu_2[P0^3*P3^2]	diffeomorphism ghost c_mu	c_raw=c	1	0	-1	4	-1	5	(1/2,1/2) tensor Sym^5(1/2,1/2)	K_0 c	M_n:h_0	2	exact
4	G_n	159	c_mu_2[P0^3*P2*P3]	diffeomorphism ghost c_mu	c_raw=c	1	0	-1	4	-1	5	(1/2,1/2) tensor Sym^5(1/2,1/2)	K_0 c	M_n:h_0	5	exact
4	G_n	160	c_mu_2[P0^3*P2^2]	diffeomorphism ghost c_mu	c_raw=c	1	0	-1	4	-1	5	(1/2,1/2) tensor Sym^5(1/2,1/2)	K_0 c	M_n:h_0	4	exact
4	G_n	161	c_mu_2[P0^3*P1*P3]	diffeomorphism ghost c_mu	c_raw=c	1	0	-1	4	-1	5	(1/2,1/2) tensor Sym^5(1/2,1/2)	K_0 c	M_n:h_0	3	exact
4	G_n	162	c_mu_2[P0^3*P1*P2]	diffeomorphism ghost c_mu	c_raw=c	1	0	-1	4	-1	5	(1/2,1/2) tensor Sym^5(1/2,1/2)	K_0 c	M_n:h_0	5	exact
4	G_n	163	c_mu_2[P0^3*P1^2]	diffeomorphism ghost c_mu	c_raw=c	1	0	-1	4	-1	5	(1/2,1/2) tensor Sym^5(1/2,1/2)	K_0 c	M_n:h_0	2	exact
4	G_n	164	c_mu_2[P0^4*P3]	diffeomorphism ghost c_mu	c_raw=c	1	0	-1	4	-1	5	(1/2,1/2) tensor Sym^5(1/2,1/2)	K_0 c	M_n:h_0	2	exact
4	G_n	165	c_mu_2[P0^4*P2]	diffeomorphism ghost c_mu	c_raw=c	1	0	-1	4	-1	5	(1/2,1/2) tensor Sym^5(1/2,1/2)	K_0 c	M_n:h_0	4	exact
4	G_n	166	c_mu_2[P0^4*P1]	diffeomorphism ghost c_mu	c_raw=c	1	0	-1	4	-1	5	(1/2,1/2) tensor Sym^5(1/2,1/2)	K_0 c	M_n:h_0	2	exact
4	G_n	167	c_mu_2[P0^5]	diffeomorphism ghost c_mu	c_raw=c	1	0	-1	4	-1	5	(1/2,1/2) tensor Sym^5(1/2,1/2)	K_0 c	M_n:h_0	1	exact
4	G_n	168	c_mu_3[P3^5]	diffeomorphism ghost c_mu	c_raw=c	1	0	-1	4	-1	5	(1/2,1/2) tensor Sym^5(1/2,1/2)	K_0 c	M_n:h_0	3	exact
4	G_n	169	c_mu_3[P2*P3^4]	diffeomorphism ghost c_mu	c_raw=c	1	0	-1	4	-1	5	(1/2,1/2) tensor Sym^5(1/2,1/2)	K_0 c	M_n:h_0	4	exact
4	G_n	170	c_mu_3[P2^2*P3^3]	diffeomorphism ghost c_mu	c_raw=c	1	0	-1	4	-1	5	(1/2,1/2) tensor Sym^5(1/2,1/2)	K_0 c	M_n:h_0	4	exact
4	G_n	171	c_mu_3[P2^3*P3^2]	diffeomorphism ghost c_mu	c_raw=c	1	0	-1	4	-1	5	(1/2,1/2) tensor Sym^5(1/2,1/2)	K_0 c	M_n:h_0	4	exact
4	G_n	172	c_mu_3[P2^4*P3]	diffeomorphism ghost c_mu	c_raw=c	1	0	-1	4	-1	5	(1/2,1/2) tensor Sym^5(1/2,1/2)	K_0 c	M_n:h_0	4	exact
4	G_n	173	c_mu_3[P2^5]	diffeomorphism ghost c_mu	c_raw=c	1	0	-1	4	-1	5	(1/2,1/2) tensor Sym^5(1/2,1/2)	K_0 c	M_n:h_0	1	exact
4	G_n	174	c_mu_3[P1*P3^4]	diffeomorphism ghost c_mu	c_raw=c	1	0	-1	4	-1	5	(1/2,1/2) tensor Sym^5(1/2,1/2)	K_0 c	M_n:h_0	4	exact
4	G_n	175	c_mu_3[P1*P2*P3^3]	diffeomorphism ghost c_mu	c_raw=c	1	0	-1	4	-1	5	(1/2,1/2) tensor Sym^5(1/2,1/2)	K_0 c	M_n:h_0	5	exact
4	G_n	176	c_mu_3[P1*P2^2*P3^2]	diffeomorphism ghost c_mu	c_raw=c	1	0	-1	4	-1	5	(1/2,1/2) tensor Sym^5(1/2,1/2)	K_0 c	M_n:h_0	5	exact
4	G_n	177	c_mu_3[P1*P2^3*P3]	diffeomorphism ghost c_mu	c_raw=c	1	0	-1	4	-1	5	(1/2,1/2) tensor Sym^5(1/2,1/2)	K_0 c	M_n:h_0	5	exact
4	G_n	178	c_mu_3[P1*P2^4]	diffeomorphism ghost c_mu	c_raw=c	1	0	-1	4	-1	5	(1/2,1/2) tensor Sym^5(1/2,1/2)	K_0 c	M_n:h_0	2	exact
4	G_n	179	c_mu_3[P1^2*P3^3]	diffeomorphism ghost c_mu	c_raw=c	1	0	-1	4	-1	5	(1/2,1/2) tensor Sym^5(1/2,1/2)	K_0 c	M_n:h_0	4	exact
4	G_n	180	c_mu_3[P1^2*P2*P3^2]	diffeomorphism ghost c_mu	c_raw=c	1	0	-1	4	-1	5	(1/2,1/2) tensor Sym^5(1/2,1/2)	K_0 c	M_n:h_0	5	exact
4	G_n	181	c_mu_3[P1^2*P2^2*P3]	diffeomorphism ghost c_mu	c_raw=c	1	0	-1	4	-1	5	(1/2,1/2) tensor Sym^5(1/2,1/2)	K_0 c	M_n:h_0	5	exact
4	G_n	182	c_mu_3[P1^2*P2^3]	diffeomorphism ghost c_mu	c_raw=c	1	0	-1	4	-1	5	(1/2,1/2) tensor Sym^5(1/2,1/2)	K_0 c	M_n:h_0	2	exact
4	G_n	183	c_mu_3[P1^3*P3^2]	diffeomorphism ghost c_mu	c_raw=c	1	0	-1	4	-1	5	(1/2,1/2) tensor Sym^5(1/2,1/2)	K_0 c	M_n:h_0	4	exact
4	G_n	184	c_mu_3[P1^3*P2*P3]	diffeomorphism ghost c_mu	c_raw=c	1	0	-1	4	-1	5	(1/2,1/2) tensor Sym^5(1/2,1/2)	K_0 c	M_n:h_0	5	exact
4	G_n	185	c_mu_3[P1^3*P2^2]	diffeomorphism ghost c_mu	c_raw=c	1	0	-1	4	-1	5	(1/2,1/2) tensor Sym^5(1/2,1/2)	K_0 c	M_n:h_0	2	exact
4	G_n	186	c_mu_3[P1^4*P3]	diffeomorphism ghost c_mu	c_raw=c	1	0	-1	4	-1	5	(1/2,1/2) tensor Sym^5(1/2,1/2)	K_0 c	M_n:h_0	4	exact
4	G_n	187	c_mu_3[P1^4*P2]	diffeomorphism ghost c_mu	c_raw=c	1	0	-1	4	-1	5	(1/2,1/2) tensor Sym^5(1/2,1/2)	K_0 c	M_n:h_0	2	exact
4	G_n	188	c_mu_3[P1^5]	diffeomorphism ghost c_mu	c_raw=c	1	0	-1	4	-1	5	(1/2,1/2) tensor Sym^5(1/2,1/2)	K_0 c	M_n:h_0	1	exact
4	G_n	189	c_mu_3[P0*P3^4]	diffeomorphism ghost c_mu	c_raw=c	1	0	-1	4	-1	5	(1/2,1/2) tensor Sym^5(1/2,1/2)	K_0 c	M_n:h_0	4	exact
4	G_n	190	c_mu_3[P0*P2*P3^3]	diffeomorphism ghost c_mu	c_raw=c	1	0	-1	4	-1	5	(1/2,1/2) tensor Sym^5(1/2,1/2)	K_0 c	M_n:h_0	5	exact
4	G_n	191	c_mu_3[P0*P2^2*P3^2]	diffeomorphism ghost c_mu	c_raw=c	1	0	-1	4	-1	5	(1/2,1/2) tensor Sym^5(1/2,1/2)	K_0 c	M_n:h_0	5	exact
4	G_n	192	c_mu_3[P0*P2^3*P3]	diffeomorphism ghost c_mu	c_raw=c	1	0	-1	4	-1	5	(1/2,1/2) tensor Sym^5(1/2,1/2)	K_0 c	M_n:h_0	5	exact
4	G_n	193	c_mu_3[P0*P2^4]	diffeomorphism ghost c_mu	c_raw=c	1	0	-1	4	-1	5	(1/2,1/2) tensor Sym^5(1/2,1/2)	K_0 c	M_n:h_0	2	exact
4	G_n	194	c_mu_3[P0*P1*P3^3]	diffeomorphism ghost c_mu	c_raw=c	1	0	-1	4	-1	5	(1/2,1/2) tensor Sym^5(1/2,1/2)	K_0 c	M_n:h_0	5	exact
4	G_n	195	c_mu_3[P0*P1*P2*P3^2]	diffeomorphism ghost c_mu	c_raw=c	1	0	-1	4	-1	5	(1/2,1/2) tensor Sym^5(1/2,1/2)	K_0 c	M_n:h_0	6	exact
4	G_n	196	c_mu_3[P0*P1*P2^2*P3]	diffeomorphism ghost c_mu	c_raw=c	1	0	-1	4	-1	5	(1/2,1/2) tensor Sym^5(1/2,1/2)	K_0 c	M_n:h_0	6	exact
4	G_n	197	c_mu_3[P0*P1*P2^3]	diffeomorphism ghost c_mu	c_raw=c	1	0	-1	4	-1	5	(1/2,1/2) tensor Sym^5(1/2,1/2)	K_0 c	M_n:h_0	3	exact
4	G_n	198	c_mu_3[P0*P1^2*P3^2]	diffeomorphism ghost c_mu	c_raw=c	1	0	-1	4	-1	5	(1/2,1/2) tensor Sym^5(1/2,1/2)	K_0 c	M_n:h_0	5	exact
4	G_n	199	c_mu_3[P0*P1^2*P2*P3]	diffeomorphism ghost c_mu	c_raw=c	1	0	-1	4	-1	5	(1/2,1/2) tensor Sym^5(1/2,1/2)	K_0 c	M_n:h_0	6	exact
4	G_n	200	c_mu_3[P0*P1^2*P2^2]	diffeomorphism ghost c_mu	c_raw=c	1	0	-1	4	-1	5	(1/2,1/2) tensor Sym^5(1/2,1/2)	K_0 c	M_n:h_0	3	exact
4	G_n	201	c_mu_3[P0*P1^3*P3]	diffeomorphism ghost c_mu	c_raw=c	1	0	-1	4	-1	5	(1/2,1/2) tensor Sym^5(1/2,1/2)	K_0 c	M_n:h_0	5	exact
4	G_n	202	c_mu_3[P0*P1^3*P2]	diffeomorphism ghost c_mu	c_raw=c	1	0	-1	4	-1	5	(1/2,1/2) tensor Sym^5(1/2,1/2)	K_0 c	M_n:h_0	3	exact
4	G_n	203	c_mu_3[P0*P1^4]	diffeomorphism ghost c_mu	c_raw=c	1	0	-1	4	-1	5	(1/2,1/2) tensor Sym^5(1/2,1/2)	K_0 c	M_n:h_0	2	exact
4	G_n	204	c_mu_3[P0^2*P3^3]	diffeomorphism ghost c_mu	c_raw=c	1	0	-1	4	-1	5	(1/2,1/2) tensor Sym^5(1/2,1/2)	K_0 c	M_n:h_0	4	exact
4	G_n	205	c_mu_3[P0^2*P2*P3^2]	diffeomorphism ghost c_mu	c_raw=c	1	0	-1	4	-1	5	(1/2,1/2) tensor Sym^5(1/2,1/2)	K_0 c	M_n:h_0	5	exact
4	G_n	206	c_mu_3[P0^2*P2^2*P3]	diffeomorphism ghost c_mu	c_raw=c	1	0	-1	4	-1	5	(1/2,1/2) tensor Sym^5(1/2,1/2)	K_0 c	M_n:h_0	5	exact
4	G_n	207	c_mu_3[P0^2*P2^3]	diffeomorphism ghost c_mu	c_raw=c	1	0	-1	4	-1	5	(1/2,1/2) tensor Sym^5(1/2,1/2)	K_0 c	M_n:h_0	2	exact
4	G_n	208	c_mu_3[P0^2*P1*P3^2]	diffeomorphism ghost c_mu	c_raw=c	1	0	-1	4	-1	5	(1/2,1/2) tensor Sym^5(1/2,1/2)	K_0 c	M_n:h_0	5	exact
4	G_n	209	c_mu_3[P0^2*P1*P2*P3]	diffeomorphism ghost c_mu	c_raw=c	1	0	-1	4	-1	5	(1/2,1/2) tensor Sym^5(1/2,1/2)	K_0 c	M_n:h_0	6	exact
4	G_n	210	c_mu_3[P0^2*P1*P2^2]	diffeomorphism ghost c_mu	c_raw=c	1	0	-1	4	-1	5	(1/2,1/2) tensor Sym^5(1/2,1/2)	K_0 c	M_n:h_0	3	exact
4	G_n	211	c_mu_3[P0^2*P1^2*P3]	diffeomorphism ghost c_mu	c_raw=c	1	0	-1	4	-1	5	(1/2,1/2) tensor Sym^5(1/2,1/2)	K_0 c	M_n:h_0	5	exact
4	G_n	212	c_mu_3[P0^2*P1^2*P2]	diffeomorphism ghost c_mu	c_raw=c	1	0	-1	4	-1	5	(1/2,1/2) tensor Sym^5(1/2,1/2)	K_0 c	M_n:h_0	3	exact
4	G_n	213	c_mu_3[P0^2*P1^3]	diffeomorphism ghost c_mu	c_raw=c	1	0	-1	4	-1	5	(1/2,1/2) tensor Sym^5(1/2,1/2)	K_0 c	M_n:h_0	2	exact
4	G_n	214	c_mu_3[P0^3*P3^2]	diffeomorphism ghost c_mu	c_raw=c	1	0	-1	4	-1	5	(1/2,1/2) tensor Sym^5(1/2,1/2)	K_0 c	M_n:h_0	4	exact
4	G_n	215	c_mu_3[P0^3*P2*P3]	diffeomorphism ghost c_mu	c_raw=c	1	0	-1	4	-1	5	(1/2,1/2) tensor Sym^5(1/2,1/2)	K_0 c	M_n:h_0	5	exact
4	G_n	216	c_mu_3[P0^3*P2^2]	diffeomorphism ghost c_mu	c_raw=c	1	0	-1	4	-1	5	(1/2,1/2) tensor Sym^5(1/2,1/2)	K_0 c	M_n:h_0	2	exact
4	G_n	217	c_mu_3[P0^3*P1*P3]	diffeomorphism ghost c_mu	c_raw=c	1	0	-1	4	-1	5	(1/2,1/2) tensor Sym^5(1/2,1/2)	K_0 c	M_n:h_0	5	exact
4	G_n	218	c_mu_3[P0^3*P1*P2]	diffeomorphism ghost c_mu	c_raw=c	1	0	-1	4	-1	5	(1/2,1/2) tensor Sym^5(1/2,1/2)	K_0 c	M_n:h_0	3	exact
4	G_n	219	c_mu_3[P0^3*P1^2]	diffeomorphism ghost c_mu	c_raw=c	1	0	-1	4	-1	5	(1/2,1/2) tensor Sym^5(1/2,1/2)	K_0 c	M_n:h_0	2	exact
4	G_n	220	c_mu_3[P0^4*P3]	diffeomorphism ghost c_mu	c_raw=c	1	0	-1	4	-1	5	(1/2,1/2) tensor Sym^5(1/2,1/2)	K_0 c	M_n:h_0	4	exact
4	G_n	221	c_mu_3[P0^4*P2]	diffeomorphism ghost c_mu	c_raw=c	1	0	-1	4	-1	5	(1/2,1/2) tensor Sym^5(1/2,1/2)	K_0 c	M_n:h_0	2	exact
4	G_n	222	c_mu_3[P0^4*P1]	diffeomorphism ghost c_mu	c_raw=c	1	0	-1	4	-1	5	(1/2,1/2) tensor Sym^5(1/2,1/2)	K_0 c	M_n:h_0	2	exact
4	G_n	223	c_mu_3[P0^5]	diffeomorphism ghost c_mu	c_raw=c	1	0	-1	4	-1	5	(1/2,1/2) tensor Sym^5(1/2,1/2)	K_0 c	M_n:h_0	1	exact
4	G_n	224	Omega[P3^4]	Weyl ghost omega	Omega=omega+(partial.c)/4	1	0	-1	4	0	4	(0,0) tensor Sym^4(1/2,1/2)	tau	M_n:tau	1	exact
4	G_n	225	Omega[P2*P3^3]	Weyl ghost omega	Omega=omega+(partial.c)/4	1	0	-1	4	0	4	(0,0) tensor Sym^4(1/2,1/2)	tau	M_n:tau	1	exact
4	G_n	226	Omega[P2^2*P3^2]	Weyl ghost omega	Omega=omega+(partial.c)/4	1	0	-1	4	0	4	(0,0) tensor Sym^4(1/2,1/2)	tau	M_n:tau	1	exact
4	G_n	227	Omega[P2^3*P3]	Weyl ghost omega	Omega=omega+(partial.c)/4	1	0	-1	4	0	4	(0,0) tensor Sym^4(1/2,1/2)	tau	M_n:tau	1	exact
4	G_n	228	Omega[P2^4]	Weyl ghost omega	Omega=omega+(partial.c)/4	1	0	-1	4	0	4	(0,0) tensor Sym^4(1/2,1/2)	tau	M_n:tau	1	exact
4	G_n	229	Omega[P1*P3^3]	Weyl ghost omega	Omega=omega+(partial.c)/4	1	0	-1	4	0	4	(0,0) tensor Sym^4(1/2,1/2)	tau	M_n:tau	1	exact
4	G_n	230	Omega[P1*P2*P3^2]	Weyl ghost omega	Omega=omega+(partial.c)/4	1	0	-1	4	0	4	(0,0) tensor Sym^4(1/2,1/2)	tau	M_n:tau	1	exact
4	G_n	231	Omega[P1*P2^2*P3]	Weyl ghost omega	Omega=omega+(partial.c)/4	1	0	-1	4	0	4	(0,0) tensor Sym^4(1/2,1/2)	tau	M_n:tau	1	exact
4	G_n	232	Omega[P1*P2^3]	Weyl ghost omega	Omega=omega+(partial.c)/4	1	0	-1	4	0	4	(0,0) tensor Sym^4(1/2,1/2)	tau	M_n:tau	1	exact
4	G_n	233	Omega[P1^2*P3^2]	Weyl ghost omega	Omega=omega+(partial.c)/4	1	0	-1	4	0	4	(0,0) tensor Sym^4(1/2,1/2)	tau	M_n:tau	1	exact
4	G_n	234	Omega[P1^2*P2*P3]	Weyl ghost omega	Omega=omega+(partial.c)/4	1	0	-1	4	0	4	(0,0) tensor Sym^4(1/2,1/2)	tau	M_n:tau	1	exact
4	G_n	235	Omega[P1^2*P2^2]	Weyl ghost omega	Omega=omega+(partial.c)/4	1	0	-1	4	0	4	(0,0) tensor Sym^4(1/2,1/2)	tau	M_n:tau	1	exact
4	G_n	236	Omega[P1^3*P3]	Weyl ghost omega	Omega=omega+(partial.c)/4	1	0	-1	4	0	4	(0,0) tensor Sym^4(1/2,1/2)	tau	M_n:tau	1	exact
4	G_n	237	Omega[P1^3*P2]	Weyl ghost omega	Omega=omega+(partial.c)/4	1	0	-1	4	0	4	(0,0) tensor Sym^4(1/2,1/2)	tau	M_n:tau	1	exact
4	G_n	238	Omega[P1^4]	Weyl ghost omega	Omega=omega+(partial.c)/4	1	0	-1	4	0	4	(0,0) tensor Sym^4(1/2,1/2)	tau	M_n:tau	1	exact
4	G_n	239	Omega[P0*P3^3]	Weyl ghost omega	Omega=omega+(partial.c)/4	1	0	-1	4	0	4	(0,0) tensor Sym^4(1/2,1/2)	tau	M_n:tau	1	exact
4	G_n	240	Omega[P0*P2*P3^2]	Weyl ghost omega	Omega=omega+(partial.c)/4	1	0	-1	4	0	4	(0,0) tensor Sym^4(1/2,1/2)	tau	M_n:tau	1	exact
4	G_n	241	Omega[P0*P2^2*P3]	Weyl ghost omega	Omega=omega+(partial.c)/4	1	0	-1	4	0	4	(0,0) tensor Sym^4(1/2,1/2)	tau	M_n:tau	1	exact
4	G_n	242	Omega[P0*P2^3]	Weyl ghost omega	Omega=omega+(partial.c)/4	1	0	-1	4	0	4	(0,0) tensor Sym^4(1/2,1/2)	tau	M_n:tau	1	exact
4	G_n	243	Omega[P0*P1*P3^2]	Weyl ghost omega	Omega=omega+(partial.c)/4	1	0	-1	4	0	4	(0,0) tensor Sym^4(1/2,1/2)	tau	M_n:tau	1	exact
4	G_n	244	Omega[P0*P1*P2*P3]	Weyl ghost omega	Omega=omega+(partial.c)/4	1	0	-1	4	0	4	(0,0) tensor Sym^4(1/2,1/2)	tau	M_n:tau	1	exact
4	G_n	245	Omega[P0*P1*P2^2]	Weyl ghost omega	Omega=omega+(partial.c)/4	1	0	-1	4	0	4	(0,0) tensor Sym^4(1/2,1/2)	tau	M_n:tau	1	exact
4	G_n	246	Omega[P0*P1^2*P3]	Weyl ghost omega	Omega=omega+(partial.c)/4	1	0	-1	4	0	4	(0,0) tensor Sym^4(1/2,1/2)	tau	M_n:tau	1	exact
4	G_n	247	Omega[P0*P1^2*P2]	Weyl ghost omega	Omega=omega+(partial.c)/4	1	0	-1	4	0	4	(0,0) tensor Sym^4(1/2,1/2)	tau	M_n:tau	1	exact
4	G_n	248	Omega[P0*P1^3]	Weyl ghost omega	Omega=omega+(partial.c)/4	1	0	-1	4	0	4	(0,0) tensor Sym^4(1/2,1/2)	tau	M_n:tau	1	exact
4	G_n	249	Omega[P0^2*P3^2]	Weyl ghost omega	Omega=omega+(partial.c)/4	1	0	-1	4	0	4	(0,0) tensor Sym^4(1/2,1/2)	tau	M_n:tau	1	exact
4	G_n	250	Omega[P0^2*P2*P3]	Weyl ghost omega	Omega=omega+(partial.c)/4	1	0	-1	4	0	4	(0,0) tensor Sym^4(1/2,1/2)	tau	M_n:tau	1	exact
4	G_n	251	Omega[P0^2*P2^2]	Weyl ghost omega	Omega=omega+(partial.c)/4	1	0	-1	4	0	4	(0,0) tensor Sym^4(1/2,1/2)	tau	M_n:tau	1	exact
4	G_n	252	Omega[P0^2*P1*P3]	Weyl ghost omega	Omega=omega+(partial.c)/4	1	0	-1	4	0	4	(0,0) tensor Sym^4(1/2,1/2)	tau	M_n:tau	1	exact
4	G_n	253	Omega[P0^2*P1*P2]	Weyl ghost omega	Omega=omega+(partial.c)/4	1	0	-1	4	0	4	(0,0) tensor Sym^4(1/2,1/2)	tau	M_n:tau	1	exact
4	G_n	254	Omega[P0^2*P1^2]	Weyl ghost omega	Omega=omega+(partial.c)/4	1	0	-1	4	0	4	(0,0) tensor Sym^4(1/2,1/2)	tau	M_n:tau	1	exact
4	G_n	255	Omega[P0^3*P3]	Weyl ghost omega	Omega=omega+(partial.c)/4	1	0	-1	4	0	4	(0,0) tensor Sym^4(1/2,1/2)	tau	M_n:tau	1	exact
4	G_n	256	Omega[P0^3*P2]	Weyl ghost omega	Omega=omega+(partial.c)/4	1	0	-1	4	0	4	(0,0) tensor Sym^4(1/2,1/2)	tau	M_n:tau	1	exact
4	G_n	257	Omega[P0^3*P1]	Weyl ghost omega	Omega=omega+(partial.c)/4	1	0	-1	4	0	4	(0,0) tensor Sym^4(1/2,1/2)	tau	M_n:tau	1	exact
4	G_n	258	Omega[P0^4]	Weyl ghost omega	Omega=omega+(partial.c)/4	1	0	-1	4	0	4	(0,0) tensor Sym^4(1/2,1/2)	tau	M_n:tau	1	exact
4	M_n	259	h_0_(01)[P3^4]	trace-free metric fluctuation	h_0=h-eta tr(h)/4	0	0	0	4	0	4	(1,1) tensor Sym^4(1/2,1/2)	B_lin h_0	E_n:hstar_0	1	exact
4	M_n	260	h_0_(01)[P2*P3^3]	trace-free metric fluctuation	h_0=h-eta tr(h)/4	0	0	0	4	0	4	(1,1) tensor Sym^4(1/2,1/2)	B_lin h_0	E_n:hstar_0	0	exact
4	M_n	261	h_0_(01)[P2^2*P3^2]	trace-free metric fluctuation	h_0=h-eta tr(h)/4	0	0	0	4	0	4	(1,1) tensor Sym^4(1/2,1/2)	B_lin h_0	E_n:hstar_0	1	exact
4	M_n	262	h_0_(01)[P2^3*P3]	trace-free metric fluctuation	h_0=h-eta tr(h)/4	0	0	0	4	0	4	(1,1) tensor Sym^4(1/2,1/2)	B_lin h_0	E_n:hstar_0	0	exact
4	M_n	263	h_0_(01)[P2^4]	trace-free metric fluctuation	h_0=h-eta tr(h)/4	0	0	0	4	0	4	(1,1) tensor Sym^4(1/2,1/2)	B_lin h_0	E_n:hstar_0	1	exact
4	M_n	264	h_0_(01)[P1*P3^3]	trace-free metric fluctuation	h_0=h-eta tr(h)/4	0	0	0	4	0	4	(1,1) tensor Sym^4(1/2,1/2)	B_lin h_0	E_n:hstar_0	1	exact
4	M_n	265	h_0_(01)[P1*P2*P3^2]	trace-free metric fluctuation	h_0=h-eta tr(h)/4	0	0	0	4	0	4	(1,1) tensor Sym^4(1/2,1/2)	B_lin h_0	E_n:hstar_0	1	exact
4	M_n	266	h_0_(01)[P1*P2^2*P3]	trace-free metric fluctuation	h_0=h-eta tr(h)/4	0	0	0	4	0	4	(1,1) tensor Sym^4(1/2,1/2)	B_lin h_0	E_n:hstar_0	1	exact
4	M_n	267	h_0_(01)[P1*P2^3]	trace-free metric fluctuation	h_0=h-eta tr(h)/4	0	0	0	4	0	4	(1,1) tensor Sym^4(1/2,1/2)	B_lin h_0	E_n:hstar_0	1	exact
4	M_n	268	h_0_(01)[P1^2*P3^2]	trace-free metric fluctuation	h_0=h-eta tr(h)/4	0	0	0	4	0	4	(1,1) tensor Sym^4(1/2,1/2)	B_lin h_0	E_n:hstar_0	1	exact
4	M_n	269	h_0_(01)[P1^2*P2*P3]	trace-free metric fluctuation	h_0=h-eta tr(h)/4	0	0	0	4	0	4	(1,1) tensor Sym^4(1/2,1/2)	B_lin h_0	E_n:hstar_0	0	exact
4	M_n	270	h_0_(01)[P1^2*P2^2]	trace-free metric fluctuation	h_0=h-eta tr(h)/4	0	0	0	4	0	4	(1,1) tensor Sym^4(1/2,1/2)	B_lin h_0	E_n:hstar_0	1	exact
4	M_n	271	h_0_(01)[P1^3*P3]	trace-free metric fluctuation	h_0=h-eta tr(h)/4	0	0	0	4	0	4	(1,1) tensor Sym^4(1/2,1/2)	B_lin h_0	E_n:hstar_0	1	exact
4	M_n	272	h_0_(01)[P1^3*P2]	trace-free metric fluctuation	h_0=h-eta tr(h)/4	0	0	0	4	0	4	(1,1) tensor Sym^4(1/2,1/2)	B_lin h_0	E_n:hstar_0	1	exact
4	M_n	273	h_0_(01)[P1^4]	trace-free metric fluctuation	h_0=h-eta tr(h)/4	0	0	0	4	0	4	(1,1) tensor Sym^4(1/2,1/2)	B_lin h_0	E_n:hstar_0	0	exact
4	M_n	274	h_0_(01)[P0*P3^3]	trace-free metric fluctuation	h_0=h-eta tr(h)/4	0	0	0	4	0	4	(1,1) tensor Sym^4(1/2,1/2)	B_lin h_0	E_n:hstar_0	1	exact
4	M_n	275	h_0_(01)[P0*P2*P3^2]	trace-free metric fluctuation	h_0=h-eta tr(h)/4	0	0	0	4	0	4	(1,1) tensor Sym^4(1/2,1/2)	B_lin h_0	E_n:hstar_0	1	exact
4	M_n	276	h_0_(01)[P0*P2^2*P3]	trace-free metric fluctuation	h_0=h-eta tr(h)/4	0	0	0	4	0	4	(1,1) tensor Sym^4(1/2,1/2)	B_lin h_0	E_n:hstar_0	1	exact
4	M_n	277	h_0_(01)[P0*P2^3]	trace-free metric fluctuation	h_0=h-eta tr(h)/4	0	0	0	4	0	4	(1,1) tensor Sym^4(1/2,1/2)	B_lin h_0	E_n:hstar_0	1	exact
4	M_n	278	h_0_(01)[P0*P1*P3^2]	trace-free metric fluctuation	h_0=h-eta tr(h)/4	0	0	0	4	0	4	(1,1) tensor Sym^4(1/2,1/2)	B_lin h_0	E_n:hstar_0	3	exact
4	M_n	279	h_0_(01)[P0*P1*P2*P3]	trace-free metric fluctuation	h_0=h-eta tr(h)/4	0	0	0	4	0	4	(1,1) tensor Sym^4(1/2,1/2)	B_lin h_0	E_n:hstar_0	1	exact
4	M_n	280	h_0_(01)[P0*P1*P2^2]	trace-free metric fluctuation	h_0=h-eta tr(h)/4	0	0	0	4	0	4	(1,1) tensor Sym^4(1/2,1/2)	B_lin h_0	E_n:hstar_0	3	exact
4	M_n	281	h_0_(01)[P0*P1^2*P3]	trace-free metric fluctuation	h_0=h-eta tr(h)/4	0	0	0	4	0	4	(1,1) tensor Sym^4(1/2,1/2)	B_lin h_0	E_n:hstar_0	1	exact
4	M_n	282	h_0_(01)[P0*P1^2*P2]	trace-free metric fluctuation	h_0=h-eta tr(h)/4	0	0	0	4	0	4	(1,1) tensor Sym^4(1/2,1/2)	B_lin h_0	E_n:hstar_0	1	exact
4	M_n	283	h_0_(01)[P0*P1^3]	trace-free metric fluctuation	h_0=h-eta tr(h)/4	0	0	0	4	0	4	(1,1) tensor Sym^4(1/2,1/2)	B_lin h_0	E_n:hstar_0	2	exact
4	M_n	284	h_0_(01)[P0^2*P3^2]	trace-free metric fluctuation	h_0=h-eta tr(h)/4	0	0	0	4	0	4	(1,1) tensor Sym^4(1/2,1/2)	B_lin h_0	E_n:hstar_0	1	exact
4	M_n	285	h_0_(01)[P0^2*P2*P3]	trace-free metric fluctuation	h_0=h-eta tr(h)/4	0	0	0	4	0	4	(1,1) tensor Sym^4(1/2,1/2)	B_lin h_0	E_n:hstar_0	0	exact
4	M_n	286	h_0_(01)[P0^2*P2^2]	trace-free metric fluctuation	h_0=h-eta tr(h)/4	0	0	0	4	0	4	(1,1) tensor Sym^4(1/2,1/2)	B_lin h_0	E_n:hstar_0	1	exact
4	M_n	287	h_0_(01)[P0^2*P1*P3]	trace-free metric fluctuation	h_0=h-eta tr(h)/4	0	0	0	4	0	4	(1,1) tensor Sym^4(1/2,1/2)	B_lin h_0	E_n:hstar_0	1	exact
4	M_n	288	h_0_(01)[P0^2*P1*P2]	trace-free metric fluctuation	h_0=h-eta tr(h)/4	0	0	0	4	0	4	(1,1) tensor Sym^4(1/2,1/2)	B_lin h_0	E_n:hstar_0	1	exact
4	M_n	289	h_0_(01)[P0^2*P1^2]	trace-free metric fluctuation	h_0=h-eta tr(h)/4	0	0	0	4	0	4	(1,1) tensor Sym^4(1/2,1/2)	B_lin h_0	E_n:hstar_0	1	exact
4	M_n	290	h_0_(01)[P0^3*P3]	trace-free metric fluctuation	h_0=h-eta tr(h)/4	0	0	0	4	0	4	(1,1) tensor Sym^4(1/2,1/2)	B_lin h_0	E_n:hstar_0	1	exact
4	M_n	291	h_0_(01)[P0^3*P2]	trace-free metric fluctuation	h_0=h-eta tr(h)/4	0	0	0	4	0	4	(1,1) tensor Sym^4(1/2,1/2)	B_lin h_0	E_n:hstar_0	1	exact
4	M_n	292	h_0_(01)[P0^3*P1]	trace-free metric fluctuation	h_0=h-eta tr(h)/4	0	0	0	4	0	4	(1,1) tensor Sym^4(1/2,1/2)	B_lin h_0	E_n:hstar_0	2	exact
4	M_n	293	h_0_(01)[P0^4]	trace-free metric fluctuation	h_0=h-eta tr(h)/4	0	0	0	4	0	4	(1,1) tensor Sym^4(1/2,1/2)	B_lin h_0	E_n:hstar_0	0	exact
4	M_n	294	h_0_(02)[P3^4]	trace-free metric fluctuation	h_0=h-eta tr(h)/4	0	0	0	4	0	4	(1,1) tensor Sym^4(1/2,1/2)	B_lin h_0	E_n:hstar_0	1	exact
4	M_n	295	h_0_(02)[P2*P3^3]	trace-free metric fluctuation	h_0=h-eta tr(h)/4	0	0	0	4	0	4	(1,1) tensor Sym^4(1/2,1/2)	B_lin h_0	E_n:hstar_0	1	exact
4	M_n	296	h_0_(02)[P2^2*P3^2]	trace-free metric fluctuation	h_0=h-eta tr(h)/4	0	0	0	4	0	4	(1,1) tensor Sym^4(1/2,1/2)	B_lin h_0	E_n:hstar_0	1	exact
4	M_n	297	h_0_(02)[P2^3*P3]	trace-free metric fluctuation	h_0=h-eta tr(h)/4	0	0	0	4	0	4	(1,1) tensor Sym^4(1/2,1/2)	B_lin h_0	E_n:hstar_0	1	exact
4	M_n	298	h_0_(02)[P2^4]	trace-free metric fluctuation	h_0=h-eta tr(h)/4	0	0	0	4	0	4	(1,1) tensor Sym^4(1/2,1/2)	B_lin h_0	E_n:hstar_0	0	exact
4	M_n	299	h_0_(02)[P1*P3^3]	trace-free metric fluctuation	h_0=h-eta tr(h)/4	0	0	0	4	0	4	(1,1) tensor Sym^4(1/2,1/2)	B_lin h_0	E_n:hstar_0	0	exact
4	M_n	300	h_0_(02)[P1*P2*P3^2]	trace-free metric fluctuation	h_0=h-eta tr(h)/4	0	0	0	4	0	4	(1,1) tensor Sym^4(1/2,1/2)	B_lin h_0	E_n:hstar_0	1	exact
4	M_n	301	h_0_(02)[P1*P2^2*P3]	trace-free metric fluctuation	h_0=h-eta tr(h)/4	0	0	0	4	0	4	(1,1) tensor Sym^4(1/2,1/2)	B_lin h_0	E_n:hstar_0	0	exact
4	M_n	302	h_0_(02)[P1*P2^3]	trace-free metric fluctuation	h_0=h-eta tr(h)/4	0	0	0	4	0	4	(1,1) tensor Sym^4(1/2,1/2)	B_lin h_0	E_n:hstar_0	1	exact
4	M_n	303	h_0_(02)[P1^2*P3^2]	trace-free metric fluctuation	h_0=h-eta tr(h)/4	0	0	0	4	0	4	(1,1) tensor Sym^4(1/2,1/2)	B_lin h_0	E_n:hstar_0	1	exact
4	M_n	304	h_0_(02)[P1^2*P2*P3]	trace-free metric fluctuation	h_0=h-eta tr(h)/4	0	0	0	4	0	4	(1,1) tensor Sym^4(1/2,1/2)	B_lin h_0	E_n:hstar_0	1	exact
4	M_n	305	h_0_(02)[P1^2*P2^2]	trace-free metric fluctuation	h_0=h-eta tr(h)/4	0	0	0	4	0	4	(1,1) tensor Sym^4(1/2,1/2)	B_lin h_0	E_n:hstar_0	1	exact
4	M_n	306	h_0_(02)[P1^3*P3]	trace-free metric fluctuation	h_0=h-eta tr(h)/4	0	0	0	4	0	4	(1,1) tensor Sym^4(1/2,1/2)	B_lin h_0	E_n:hstar_0	0	exact
4	M_n	307	h_0_(02)[P1^3*P2]	trace-free metric fluctuation	h_0=h-eta tr(h)/4	0	0	0	4	0	4	(1,1) tensor Sym^4(1/2,1/2)	B_lin h_0	E_n:hstar_0	1	exact
4	M_n	308	h_0_(02)[P1^4]	trace-free metric fluctuation	h_0=h-eta tr(h)/4	0	0	0	4	0	4	(1,1) tensor Sym^4(1/2,1/2)	B_lin h_0	E_n:hstar_0	1	exact
4	M_n	309	h_0_(02)[P0*P3^3]	trace-free metric fluctuation	h_0=h-eta tr(h)/4	0	0	0	4	0	4	(1,1) tensor Sym^4(1/2,1/2)	B_lin h_0	E_n:hstar_0	1	exact
4	M_n	310	h_0_(02)[P0*P2*P3^2]	trace-free metric fluctuation	h_0=h-eta tr(h)/4	0	0	0	4	0	4	(1,1) tensor Sym^4(1/2,1/2)	B_lin h_0	E_n:hstar_0	3	exact
4	M_n	311	h_0_(02)[P0*P2^2*P3]	trace-free metric fluctuation	h_0=h-eta tr(h)/4	0	0	0	4	0	4	(1,1) tensor Sym^4(1/2,1/2)	B_lin h_0	E_n:hstar_0	1	exact
4	M_n	312	h_0_(02)[P0*P2^3]	trace-free metric fluctuation	h_0=h-eta tr(h)/4	0	0	0	4	0	4	(1,1) tensor Sym^4(1/2,1/2)	B_lin h_0	E_n:hstar_0	2	exact
4	M_n	313	h_0_(02)[P0*P1*P3^2]	trace-free metric fluctuation	h_0=h-eta tr(h)/4	0	0	0	4	0	4	(1,1) tensor Sym^4(1/2,1/2)	B_lin h_0	E_n:hstar_0	1	exact
4	M_n	314	h_0_(02)[P0*P1*P2*P3]	trace-free metric fluctuation	h_0=h-eta tr(h)/4	0	0	0	4	0	4	(1,1) tensor Sym^4(1/2,1/2)	B_lin h_0	E_n:hstar_0	1	exact
4	M_n	315	h_0_(02)[P0*P1*P2^2]	trace-free metric fluctuation	h_0=h-eta tr(h)/4	0	0	0	4	0	4	(1,1) tensor Sym^4(1/2,1/2)	B_lin h_0	E_n:hstar_0	1	exact
4	M_n	316	h_0_(02)[P0*P1^2*P3]	trace-free metric fluctuation	h_0=h-eta tr(h)/4	0	0	0	4	0	4	(1,1) tensor Sym^4(1/2,1/2)	B_lin h_0	E_n:hstar_0	1	exact
4	M_n	317	h_0_(02)[P0*P1^2*P2]	trace-free metric fluctuation	h_0=h-eta tr(h)/4	0	0	0	4	0	4	(1,1) tensor Sym^4(1/2,1/2)	B_lin h_0	E_n:hstar_0	3	exact
4	M_n	318	h_0_(02)[P0*P1^3]	trace-free metric fluctuation	h_0=h-eta tr(h)/4	0	0	0	4	0	4	(1,1) tensor Sym^4(1/2,1/2)	B_lin h_0	E_n:hstar_0	1	exact
4	M_n	319	h_0_(02)[P0^2*P3^2]	trace-free metric fluctuation	h_0=h-eta tr(h)/4	0	0	0	4	0	4	(1,1) tensor Sym^4(1/2,1/2)	B_lin h_0	E_n:hstar_0	1	exact
4	M_n	320	h_0_(02)[P0^2*P2*P3]	trace-free metric fluctuation	h_0=h-eta tr(h)/4	0	0	0	4	0	4	(1,1) tensor Sym^4(1/2,1/2)	B_lin h_0	E_n:hstar_0	1	exact
4	M_n	321	h_0_(02)[P0^2*P2^2]	trace-free metric fluctuation	h_0=h-eta tr(h)/4	0	0	0	4	0	4	(1,1) tensor Sym^4(1/2,1/2)	B_lin h_0	E_n:hstar_0	1	exact
4	M_n	322	h_0_(02)[P0^2*P1*P3]	trace-free metric fluctuation	h_0=h-eta tr(h)/4	0	0	0	4	0	4	(1,1) tensor Sym^4(1/2,1/2)	B_lin h_0	E_n:hstar_0	0	exact
4	M_n	323	h_0_(02)[P0^2*P1*P2]	trace-free metric fluctuation	h_0=h-eta tr(h)/4	0	0	0	4	0	4	(1,1) tensor Sym^4(1/2,1/2)	B_lin h_0	E_n:hstar_0	1	exact
4	M_n	324	h_0_(02)[P0^2*P1^2]	trace-free metric fluctuation	h_0=h-eta tr(h)/4	0	0	0	4	0	4	(1,1) tensor Sym^4(1/2,1/2)	B_lin h_0	E_n:hstar_0	1	exact
4	M_n	325	h_0_(02)[P0^3*P3]	trace-free metric fluctuation	h_0=h-eta tr(h)/4	0	0	0	4	0	4	(1,1) tensor Sym^4(1/2,1/2)	B_lin h_0	E_n:hstar_0	1	exact
4	M_n	326	h_0_(02)[P0^3*P2]	trace-free metric fluctuation	h_0=h-eta tr(h)/4	0	0	0	4	0	4	(1,1) tensor Sym^4(1/2,1/2)	B_lin h_0	E_n:hstar_0	2	exact
4	M_n	327	h_0_(02)[P0^3*P1]	trace-free metric fluctuation	h_0=h-eta tr(h)/4	0	0	0	4	0	4	(1,1) tensor Sym^4(1/2,1/2)	B_lin h_0	E_n:hstar_0	1	exact
4	M_n	328	h_0_(02)[P0^4]	trace-free metric fluctuation	h_0=h-eta tr(h)/4	0	0	0	4	0	4	(1,1) tensor Sym^4(1/2,1/2)	B_lin h_0	E_n:hstar_0	0	exact
4	M_n	329	h_0_(03)[P3^4]	trace-free metric fluctuation	h_0=h-eta tr(h)/4	0	0	0	4	0	4	(1,1) tensor Sym^4(1/2,1/2)	B_lin h_0	E_n:hstar_0	0	exact
4	M_n	330	h_0_(03)[P2*P3^3]	trace-free metric fluctuation	h_0=h-eta tr(h)/4	0	0	0	4	0	4	(1,1) tensor Sym^4(1/2,1/2)	B_lin h_0	E_n:hstar_0	1	exact
4	M_n	331	h_0_(03)[P2^2*P3^2]	trace-free metric fluctuation	h_0=h-eta tr(h)/4	0	0	0	4	0	4	(1,1) tensor Sym^4(1/2,1/2)	B_lin h_0	E_n:hstar_0	1	exact
4	M_n	332	h_0_(03)[P2^3*P3]	trace-free metric fluctuation	h_0=h-eta tr(h)/4	0	0	0	4	0	4	(1,1) tensor Sym^4(1/2,1/2)	B_lin h_0	E_n:hstar_0	1	exact
4	M_n	333	h_0_(03)[P2^4]	trace-free metric fluctuation	h_0=h-eta tr(h)/4	0	0	0	4	0	4	(1,1) tensor Sym^4(1/2,1/2)	B_lin h_0	E_n:hstar_0	1	exact
4	M_n	334	h_0_(03)[P1*P3^3]	trace-free metric fluctuation	h_0=h-eta tr(h)/4	0	0	0	4	0	4	(1,1) tensor Sym^4(1/2,1/2)	B_lin h_0	E_n:hstar_0	1	exact
4	M_n	335	h_0_(03)[P1*P2*P3^2]	trace-free metric fluctuation	h_0=h-eta tr(h)/4	0	0	0	4	0	4	(1,1) tensor Sym^4(1/2,1/2)	B_lin h_0	E_n:hstar_0	0	exact
4	M_n	336	h_0_(03)[P1*P2^2*P3]	trace-free metric fluctuation	h_0=h-eta tr(h)/4	0	0	0	4	0	4	(1,1) tensor Sym^4(1/2,1/2)	B_lin h_0	E_n:hstar_0	1	exact
4	M_n	337	h_0_(03)[P1*P2^3]	trace-free metric fluctuation	h_0=h-eta tr(h)/4	0	0	0	4	0	4	(1,1) tensor Sym^4(1/2,1/2)	B_lin h_0	E_n:hstar_0	0	exact
4	M_n	338	h_0_(03)[P1^2*P3^2]	trace-free metric fluctuation	h_0=h-eta tr(h)/4	0	0	0	4	0	4	(1,1) tensor Sym^4(1/2,1/2)	B_lin h_0	E_n:hstar_0	1	exact
4	M_n	339	h_0_(03)[P1^2*P2*P3]	trace-free metric fluctuation	h_0=h-eta tr(h)/4	0	0	0	4	0	4	(1,1) tensor Sym^4(1/2,1/2)	B_lin h_0	E_n:hstar_0	1	exact
4	M_n	340	h_0_(03)[P1^2*P2^2]	trace-free metric fluctuation	h_0=h-eta tr(h)/4	0	0	0	4	0	4	(1,1) tensor Sym^4(1/2,1/2)	B_lin h_0	E_n:hstar_0	1	exact
4	M_n	341	h_0_(03)[P1^3*P3]	trace-free metric fluctuation	h_0=h-eta tr(h)/4	0	0	0	4	0	4	(1,1) tensor Sym^4(1/2,1/2)	B_lin h_0	E_n:hstar_0	1	exact
4	M_n	342	h_0_(03)[P1^3*P2]	trace-free metric fluctuation	h_0=h-eta tr(h)/4	0	0	0	4	0	4	(1,1) tensor Sym^4(1/2,1/2)	B_lin h_0	E_n:hstar_0	0	exact
4	M_n	343	h_0_(03)[P1^4]	trace-free metric fluctuation	h_0=h-eta tr(h)/4	0	0	0	4	0	4	(1,1) tensor Sym^4(1/2,1/2)	B_lin h_0	E_n:hstar_0	1	exact
4	M_n	344	h_0_(03)[P0*P3^3]	trace-free metric fluctuation	h_0=h-eta tr(h)/4	0	0	0	4	0	4	(1,1) tensor Sym^4(1/2,1/2)	B_lin h_0	E_n:hstar_0	3	exact
4	M_n	345	h_0_(03)[P0*P2*P3^2]	trace-free metric fluctuation	h_0=h-eta tr(h)/4	0	0	0	4	0	4	(1,1) tensor Sym^4(1/2,1/2)	B_lin h_0	E_n:hstar_0	1	exact
4	M_n	346	h_0_(03)[P0*P2^2*P3]	trace-free metric fluctuation	h_0=h-eta tr(h)/4	0	0	0	4	0	4	(1,1) tensor Sym^4(1/2,1/2)	B_lin h_0	E_n:hstar_0	3	exact
4	M_n	347	h_0_(03)[P0*P2^3]	trace-free metric fluctuation	h_0=h-eta tr(h)/4	0	0	0	4	0	4	(1,1) tensor Sym^4(1/2,1/2)	B_lin h_0	E_n:hstar_0	1	exact
4	M_n	348	h_0_(03)[P0*P1*P3^2]	trace-free metric fluctuation	h_0=h-eta tr(h)/4	0	0	0	4	0	4	(1,1) tensor Sym^4(1/2,1/2)	B_lin h_0	E_n:hstar_0	1	exact
4	M_n	349	h_0_(03)[P0*P1*P2*P3]	trace-free metric fluctuation	h_0=h-eta tr(h)/4	0	0	0	4	0	4	(1,1) tensor Sym^4(1/2,1/2)	B_lin h_0	E_n:hstar_0	1	exact
4	M_n	350	h_0_(03)[P0*P1*P2^2]	trace-free metric fluctuation	h_0=h-eta tr(h)/4	0	0	0	4	0	4	(1,1) tensor Sym^4(1/2,1/2)	B_lin h_0	E_n:hstar_0	1	exact
4	M_n	351	h_0_(03)[P0*P1^2*P3]	trace-free metric fluctuation	h_0=h-eta tr(h)/4	0	0	0	4	0	4	(1,1) tensor Sym^4(1/2,1/2)	B_lin h_0	E_n:hstar_0	3	exact
4	M_n	352	h_0_(03)[P0*P1^2*P2]	trace-free metric fluctuation	h_0=h-eta tr(h)/4	0	0	0	4	0	4	(1,1) tensor Sym^4(1/2,1/2)	B_lin h_0	E_n:hstar_0	1	exact
4	M_n	353	h_0_(03)[P0*P1^3]	trace-free metric fluctuation	h_0=h-eta tr(h)/4	0	0	0	4	0	4	(1,1) tensor Sym^4(1/2,1/2)	B_lin h_0	E_n:hstar_0	1	exact
4	M_n	354	h_0_(03)[P0^2*P3^2]	trace-free metric fluctuation	h_0=h-eta tr(h)/4	0	0	0	4	0	4	(1,1) tensor Sym^4(1/2,1/2)	B_lin h_0	E_n:hstar_0	1	exact
4	M_n	355	h_0_(03)[P0^2*P2*P3]	trace-free metric fluctuation	h_0=h-eta tr(h)/4	0	0	0	4	0	4	(1,1) tensor Sym^4(1/2,1/2)	B_lin h_0	E_n:hstar_0	1	exact
4	M_n	356	h_0_(03)[P0^2*P2^2]	trace-free metric fluctuation	h_0=h-eta tr(h)/4	0	0	0	4	0	4	(1,1) tensor Sym^4(1/2,1/2)	B_lin h_0	E_n:hstar_0	1	exact
4	M_n	357	h_0_(03)[P0^2*P1*P3]	trace-free metric fluctuation	h_0=h-eta tr(h)/4	0	0	0	4	0	4	(1,1) tensor Sym^4(1/2,1/2)	B_lin h_0	E_n:hstar_0	1	exact
4	M_n	358	h_0_(03)[P0^2*P1*P2]	trace-free metric fluctuation	h_0=h-eta tr(h)/4	0	0	0	4	0	4	(1,1) tensor Sym^4(1/2,1/2)	B_lin h_0	E_n:hstar_0	0	exact
4	M_n	359	h_0_(03)[P0^2*P1^2]	trace-free metric fluctuation	h_0=h-eta tr(h)/4	0	0	0	4	0	4	(1,1) tensor Sym^4(1/2,1/2)	B_lin h_0	E_n:hstar_0	1	exact
4	M_n	360	h_0_(03)[P0^3*P3]	trace-free metric fluctuation	h_0=h-eta tr(h)/4	0	0	0	4	0	4	(1,1) tensor Sym^4(1/2,1/2)	B_lin h_0	E_n:hstar_0	2	exact
4	M_n	361	h_0_(03)[P0^3*P2]	trace-free metric fluctuation	h_0=h-eta tr(h)/4	0	0	0	4	0	4	(1,1) tensor Sym^4(1/2,1/2)	B_lin h_0	E_n:hstar_0	1	exact
4	M_n	362	h_0_(03)[P0^3*P1]	trace-free metric fluctuation	h_0=h-eta tr(h)/4	0	0	0	4	0	4	(1,1) tensor Sym^4(1/2,1/2)	B_lin h_0	E_n:hstar_0	1	exact
4	M_n	363	h_0_(03)[P0^4]	trace-free metric fluctuation	h_0=h-eta tr(h)/4	0	0	0	4	0	4	(1,1) tensor Sym^4(1/2,1/2)	B_lin h_0	E_n:hstar_0	0	exact
4	M_n	364	h_0_(12)[P3^4]	trace-free metric fluctuation	h_0=h-eta tr(h)/4	0	0	0	4	0	4	(1,1) tensor Sym^4(1/2,1/2)	B_lin h_0	E_n:hstar_0	1	exact
4	M_n	365	h_0_(12)[P2*P3^3]	trace-free metric fluctuation	h_0=h-eta tr(h)/4	0	0	0	4	0	4	(1,1) tensor Sym^4(1/2,1/2)	B_lin h_0	E_n:hstar_0	1	exact
4	M_n	366	h_0_(12)[P2^2*P3^2]	trace-free metric fluctuation	h_0=h-eta tr(h)/4	0	0	0	4	0	4	(1,1) tensor Sym^4(1/2,1/2)	B_lin h_0	E_n:hstar_0	1	exact
4	M_n	367	h_0_(12)[P2^3*P3]	trace-free metric fluctuation	h_0=h-eta tr(h)/4	0	0	0	4	0	4	(1,1) tensor Sym^4(1/2,1/2)	B_lin h_0	E_n:hstar_0	1	exact
4	M_n	368	h_0_(12)[P2^4]	trace-free metric fluctuation	h_0=h-eta tr(h)/4	0	0	0	4	0	4	(1,1) tensor Sym^4(1/2,1/2)	B_lin h_0	E_n:hstar_0	0	exact
4	M_n	369	h_0_(12)[P1*P3^3]	trace-free metric fluctuation	h_0=h-eta tr(h)/4	0	0	0	4	0	4	(1,1) tensor Sym^4(1/2,1/2)	B_lin h_0	E_n:hstar_0	1	exact
4	M_n	370	h_0_(12)[P1*P2*P3^2]	trace-free metric fluctuation	h_0=h-eta tr(h)/4	0	0	0	4	0	4	(1,1) tensor Sym^4(1/2,1/2)	B_lin h_0	E_n:hstar_0	3	exact
4	M_n	371	h_0_(12)[P1*P2^2*P3]	trace-free metric fluctuation	h_0=h-eta tr(h)/4	0	0	0	4	0	4	(1,1) tensor Sym^4(1/2,1/2)	B_lin h_0	E_n:hstar_0	1	exact
4	M_n	372	h_0_(12)[P1*P2^3]	trace-free metric fluctuation	h_0=h-eta tr(h)/4	0	0	0	4	0	4	(1,1) tensor Sym^4(1/2,1/2)	B_lin h_0	E_n:hstar_0	2	exact
4	M_n	373	h_0_(12)[P1^2*P3^2]	trace-free metric fluctuation	h_0=h-eta tr(h)/4	0	0	0	4	0	4	(1,1) tensor Sym^4(1/2,1/2)	B_lin h_0	E_n:hstar_0	1	exact
4	M_n	374	h_0_(12)[P1^2*P2*P3]	trace-free metric fluctuation	h_0=h-eta tr(h)/4	0	0	0	4	0	4	(1,1) tensor Sym^4(1/2,1/2)	B_lin h_0	E_n:hstar_0	1	exact
4	M_n	375	h_0_(12)[P1^2*P2^2]	trace-free metric fluctuation	h_0=h-eta tr(h)/4	0	0	0	4	0	4	(1,1) tensor Sym^4(1/2,1/2)	B_lin h_0	E_n:hstar_0	1	exact
4	M_n	376	h_0_(12)[P1^3*P3]	trace-free metric fluctuation	h_0=h-eta tr(h)/4	0	0	0	4	0	4	(1,1) tensor Sym^4(1/2,1/2)	B_lin h_0	E_n:hstar_0	1	exact
4	M_n	377	h_0_(12)[P1^3*P2]	trace-free metric fluctuation	h_0=h-eta tr(h)/4	0	0	0	4	0	4	(1,1) tensor Sym^4(1/2,1/2)	B_lin h_0	E_n:hstar_0	2	exact
4	M_n	378	h_0_(12)[P1^4]	trace-free metric fluctuation	h_0=h-eta tr(h)/4	0	0	0	4	0	4	(1,1) tensor Sym^4(1/2,1/2)	B_lin h_0	E_n:hstar_0	0	exact
4	M_n	379	h_0_(12)[P0*P3^3]	trace-free metric fluctuation	h_0=h-eta tr(h)/4	0	0	0	4	0	4	(1,1) tensor Sym^4(1/2,1/2)	B_lin h_0	E_n:hstar_0	0	exact
4	M_n	380	h_0_(12)[P0*P2*P3^2]	trace-free metric fluctuation	h_0=h-eta tr(h)/4	0	0	0	4	0	4	(1,1) tensor Sym^4(1/2,1/2)	B_lin h_0	E_n:hstar_0	1	exact
4	M_n	381	h_0_(12)[P0*P2^2*P3]	trace-free metric fluctuation	h_0=h-eta tr(h)/4	0	0	0	4	0	4	(1,1) tensor Sym^4(1/2,1/2)	B_lin h_0	E_n:hstar_0	0	exact
4	M_n	382	h_0_(12)[P0*P2^3]	trace-free metric fluctuation	h_0=h-eta tr(h)/4	0	0	0	4	0	4	(1,1) tensor Sym^4(1/2,1/2)	B_lin h_0	E_n:hstar_0	1	exact
4	M_n	383	h_0_(12)[P0*P1*P3^2]	trace-free metric fluctuation	h_0=h-eta tr(h)/4	0	0	0	4	0	4	(1,1) tensor Sym^4(1/2,1/2)	B_lin h_0	E_n:hstar_0	1	exact
4	M_n	384	h_0_(12)[P0*P1*P2*P3]	trace-free metric fluctuation	h_0=h-eta tr(h)/4	0	0	0	4	0	4	(1,1) tensor Sym^4(1/2,1/2)	B_lin h_0	E_n:hstar_0	1	exact
4	M_n	385	h_0_(12)[P0*P1*P2^2]	trace-free metric fluctuation	h_0=h-eta tr(h)/4	0	0	0	4	0	4	(1,1) tensor Sym^4(1/2,1/2)	B_lin h_0	E_n:hstar_0	1	exact
4	M_n	386	h_0_(12)[P0*P1^2*P3]	trace-free metric fluctuation	h_0=h-eta tr(h)/4	0	0	0	4	0	4	(1,1) tensor Sym^4(1/2,1/2)	B_lin h_0	E_n:hstar_0	0	exact
4	M_n	387	h_0_(12)[P0*P1^2*P2]	trace-free metric fluctuation	h_0=h-eta tr(h)/4	0	0	0	4	0	4	(1,1) tensor Sym^4(1/2,1/2)	B_lin h_0	E_n:hstar_0	1	exact
4	M_n	388	h_0_(12)[P0*P1^3]	trace-free metric fluctuation	h_0=h-eta tr(h)/4	0	0	0	4	0	4	(1,1) tensor Sym^4(1/2,1/2)	B_lin h_0	E_n:hstar_0	1	exact
4	M_n	389	h_0_(12)[P0^2*P3^2]	trace-free metric fluctuation	h_0=h-eta tr(h)/4	0	0	0	4	0	4	(1,1) tensor Sym^4(1/2,1/2)	B_lin h_0	E_n:hstar_0	1	exact
4	M_n	390	h_0_(12)[P0^2*P2*P3]	trace-free metric fluctuation	h_0=h-eta tr(h)/4	0	0	0	4	0	4	(1,1) tensor Sym^4(1/2,1/2)	B_lin h_0	E_n:hstar_0	1	exact
4	M_n	391	h_0_(12)[P0^2*P2^2]	trace-free metric fluctuation	h_0=h-eta tr(h)/4	0	0	0	4	0	4	(1,1) tensor Sym^4(1/2,1/2)	B_lin h_0	E_n:hstar_0	1	exact
4	M_n	392	h_0_(12)[P0^2*P1*P3]	trace-free metric fluctuation	h_0=h-eta tr(h)/4	0	0	0	4	0	4	(1,1) tensor Sym^4(1/2,1/2)	B_lin h_0	E_n:hstar_0	1	exact
4	M_n	393	h_0_(12)[P0^2*P1*P2]	trace-free metric fluctuation	h_0=h-eta tr(h)/4	0	0	0	4	0	4	(1,1) tensor Sym^4(1/2,1/2)	B_lin h_0	E_n:hstar_0	3	exact
4	M_n	394	h_0_(12)[P0^2*P1^2]	trace-free metric fluctuation	h_0=h-eta tr(h)/4	0	0	0	4	0	4	(1,1) tensor Sym^4(1/2,1/2)	B_lin h_0	E_n:hstar_0	1	exact
4	M_n	395	h_0_(12)[P0^3*P3]	trace-free metric fluctuation	h_0=h-eta tr(h)/4	0	0	0	4	0	4	(1,1) tensor Sym^4(1/2,1/2)	B_lin h_0	E_n:hstar_0	0	exact
4	M_n	396	h_0_(12)[P0^3*P2]	trace-free metric fluctuation	h_0=h-eta tr(h)/4	0	0	0	4	0	4	(1,1) tensor Sym^4(1/2,1/2)	B_lin h_0	E_n:hstar_0	1	exact
4	M_n	397	h_0_(12)[P0^3*P1]	trace-free metric fluctuation	h_0=h-eta tr(h)/4	0	0	0	4	0	4	(1,1) tensor Sym^4(1/2,1/2)	B_lin h_0	E_n:hstar_0	1	exact
4	M_n	398	h_0_(12)[P0^4]	trace-free metric fluctuation	h_0=h-eta tr(h)/4	0	0	0	4	0	4	(1,1) tensor Sym^4(1/2,1/2)	B_lin h_0	E_n:hstar_0	1	exact
4	M_n	399	h_0_(13)[P3^4]	trace-free metric fluctuation	h_0=h-eta tr(h)/4	0	0	0	4	0	4	(1,1) tensor Sym^4(1/2,1/2)	B_lin h_0	E_n:hstar_0	0	exact
4	M_n	400	h_0_(13)[P2*P3^3]	trace-free metric fluctuation	h_0=h-eta tr(h)/4	0	0	0	4	0	4	(1,1) tensor Sym^4(1/2,1/2)	B_lin h_0	E_n:hstar_0	1	exact
4	M_n	401	h_0_(13)[P2^2*P3^2]	trace-free metric fluctuation	h_0=h-eta tr(h)/4	0	0	0	4	0	4	(1,1) tensor Sym^4(1/2,1/2)	B_lin h_0	E_n:hstar_0	1	exact
4	M_n	402	h_0_(13)[P2^3*P3]	trace-free metric fluctuation	h_0=h-eta tr(h)/4	0	0	0	4	0	4	(1,1) tensor Sym^4(1/2,1/2)	B_lin h_0	E_n:hstar_0	1	exact
4	M_n	403	h_0_(13)[P2^4]	trace-free metric fluctuation	h_0=h-eta tr(h)/4	0	0	0	4	0	4	(1,1) tensor Sym^4(1/2,1/2)	B_lin h_0	E_n:hstar_0	1	exact
4	M_n	404	h_0_(13)[P1*P3^3]	trace-free metric fluctuation	h_0=h-eta tr(h)/4	0	0	0	4	0	4	(1,1) tensor Sym^4(1/2,1/2)	B_lin h_0	E_n:hstar_0	3	exact
4	M_n	405	h_0_(13)[P1*P2*P3^2]	trace-free metric fluctuation	h_0=h-eta tr(h)/4	0	0	0	4	0	4	(1,1) tensor Sym^4(1/2,1/2)	B_lin h_0	E_n:hstar_0	1	exact
4	M_n	406	h_0_(13)[P1*P2^2*P3]	trace-free metric fluctuation	h_0=h-eta tr(h)/4	0	0	0	4	0	4	(1,1) tensor Sym^4(1/2,1/2)	B_lin h_0	E_n:hstar_0	3	exact
4	M_n	407	h_0_(13)[P1*P2^3]	trace-free metric fluctuation	h_0=h-eta tr(h)/4	0	0	0	4	0	4	(1,1) tensor Sym^4(1/2,1/2)	B_lin h_0	E_n:hstar_0	1	exact
4	M_n	408	h_0_(13)[P1^2*P3^2]	trace-free metric fluctuation	h_0=h-eta tr(h)/4	0	0	0	4	0	4	(1,1) tensor Sym^4(1/2,1/2)	B_lin h_0	E_n:hstar_0	1	exact
4	M_n	409	h_0_(13)[P1^2*P2*P3]	trace-free metric fluctuation	h_0=h-eta tr(h)/4	0	0	0	4	0	4	(1,1) tensor Sym^4(1/2,1/2)	B_lin h_0	E_n:hstar_0	1	exact
4	M_n	410	h_0_(13)[P1^2*P2^2]	trace-free metric fluctuation	h_0=h-eta tr(h)/4	0	0	0	4	0	4	(1,1) tensor Sym^4(1/2,1/2)	B_lin h_0	E_n:hstar_0	1	exact
4	M_n	411	h_0_(13)[P1^3*P3]	trace-free metric fluctuation	h_0=h-eta tr(h)/4	0	0	0	4	0	4	(1,1) tensor Sym^4(1/2,1/2)	B_lin h_0	E_n:hstar_0	2	exact
4	M_n	412	h_0_(13)[P1^3*P2]	trace-free metric fluctuation	h_0=h-eta tr(h)/4	0	0	0	4	0	4	(1,1) tensor Sym^4(1/2,1/2)	B_lin h_0	E_n:hstar_0	1	exact
4	M_n	413	h_0_(13)[P1^4]	trace-free metric fluctuation	h_0=h-eta tr(h)/4	0	0	0	4	0	4	(1,1) tensor Sym^4(1/2,1/2)	B_lin h_0	E_n:hstar_0	0	exact
4	M_n	414	h_0_(13)[P0*P3^3]	trace-free metric fluctuation	h_0=h-eta tr(h)/4	0	0	0	4	0	4	(1,1) tensor Sym^4(1/2,1/2)	B_lin h_0	E_n:hstar_0	1	exact
4	M_n	415	h_0_(13)[P0*P2*P3^2]	trace-free metric fluctuation	h_0=h-eta tr(h)/4	0	0	0	4	0	4	(1,1) tensor Sym^4(1/2,1/2)	B_lin h_0	E_n:hstar_0	0	exact
4	M_n	416	h_0_(13)[P0*P2^2*P3]	trace-free metric fluctuation	h_0=h-eta tr(h)/4	0	0	0	4	0	4	(1,1) tensor Sym^4(1/2,1/2)	B_lin h_0	E_n:hstar_0	1	exact
4	M_n	417	h_0_(13)[P0*P2^3]	trace-free metric fluctuation	h_0=h-eta tr(h)/4	0	0	0	4	0	4	(1,1) tensor Sym^4(1/2,1/2)	B_lin h_0	E_n:hstar_0	0	exact
4	M_n	418	h_0_(13)[P0*P1*P3^2]	trace-free metric fluctuation	h_0=h-eta tr(h)/4	0	0	0	4	0	4	(1,1) tensor Sym^4(1/2,1/2)	B_lin h_0	E_n:hstar_0	1	exact
4	M_n	419	h_0_(13)[P0*P1*P2*P3]	trace-free metric fluctuation	h_0=h-eta tr(h)/4	0	0	0	4	0	4	(1,1) tensor Sym^4(1/2,1/2)	B_lin h_0	E_n:hstar_0	1	exact
4	M_n	420	h_0_(13)[P0*P1*P2^2]	trace-free metric fluctuation	h_0=h-eta tr(h)/4	0	0	0	4	0	4	(1,1) tensor Sym^4(1/2,1/2)	B_lin h_0	E_n:hstar_0	1	exact
4	M_n	421	h_0_(13)[P0*P1^2*P3]	trace-free metric fluctuation	h_0=h-eta tr(h)/4	0	0	0	4	0	4	(1,1) tensor Sym^4(1/2,1/2)	B_lin h_0	E_n:hstar_0	1	exact
4	M_n	422	h_0_(13)[P0*P1^2*P2]	trace-free metric fluctuation	h_0=h-eta tr(h)/4	0	0	0	4	0	4	(1,1) tensor Sym^4(1/2,1/2)	B_lin h_0	E_n:hstar_0	0	exact
4	M_n	423	h_0_(13)[P0*P1^3]	trace-free metric fluctuation	h_0=h-eta tr(h)/4	0	0	0	4	0	4	(1,1) tensor Sym^4(1/2,1/2)	B_lin h_0	E_n:hstar_0	1	exact
4	M_n	424	h_0_(13)[P0^2*P3^2]	trace-free metric fluctuation	h_0=h-eta tr(h)/4	0	0	0	4	0	4	(1,1) tensor Sym^4(1/2,1/2)	B_lin h_0	E_n:hstar_0	1	exact
4	M_n	425	h_0_(13)[P0^2*P2*P3]	trace-free metric fluctuation	h_0=h-eta tr(h)/4	0	0	0	4	0	4	(1,1) tensor Sym^4(1/2,1/2)	B_lin h_0	E_n:hstar_0	1	exact
4	M_n	426	h_0_(13)[P0^2*P2^2]	trace-free metric fluctuation	h_0=h-eta tr(h)/4	0	0	0	4	0	4	(1,1) tensor Sym^4(1/2,1/2)	B_lin h_0	E_n:hstar_0	1	exact
4	M_n	427	h_0_(13)[P0^2*P1*P3]	trace-free metric fluctuation	h_0=h-eta tr(h)/4	0	0	0	4	0	4	(1,1) tensor Sym^4(1/2,1/2)	B_lin h_0	E_n:hstar_0	3	exact
4	M_n	428	h_0_(13)[P0^2*P1*P2]	trace-free metric fluctuation	h_0=h-eta tr(h)/4	0	0	0	4	0	4	(1,1) tensor Sym^4(1/2,1/2)	B_lin h_0	E_n:hstar_0	1	exact
4	M_n	429	h_0_(13)[P0^2*P1^2]	trace-free metric fluctuation	h_0=h-eta tr(h)/4	0	0	0	4	0	4	(1,1) tensor Sym^4(1/2,1/2)	B_lin h_0	E_n:hstar_0	1	exact
4	M_n	430	h_0_(13)[P0^3*P3]	trace-free metric fluctuation	h_0=h-eta tr(h)/4	0	0	0	4	0	4	(1,1) tensor Sym^4(1/2,1/2)	B_lin h_0	E_n:hstar_0	1	exact
4	M_n	431	h_0_(13)[P0^3*P2]	trace-free metric fluctuation	h_0=h-eta tr(h)/4	0	0	0	4	0	4	(1,1) tensor Sym^4(1/2,1/2)	B_lin h_0	E_n:hstar_0	0	exact
4	M_n	432	h_0_(13)[P0^3*P1]	trace-free metric fluctuation	h_0=h-eta tr(h)/4	0	0	0	4	0	4	(1,1) tensor Sym^4(1/2,1/2)	B_lin h_0	E_n:hstar_0	1	exact
4	M_n	433	h_0_(13)[P0^4]	trace-free metric fluctuation	h_0=h-eta tr(h)/4	0	0	0	4	0	4	(1,1) tensor Sym^4(1/2,1/2)	B_lin h_0	E_n:hstar_0	1	exact
4	M_n	434	h_0_(23)[P3^4]	trace-free metric fluctuation	h_0=h-eta tr(h)/4	0	0	0	4	0	4	(1,1) tensor Sym^4(1/2,1/2)	B_lin h_0	E_n:hstar_0	0	exact
4	M_n	435	h_0_(23)[P2*P3^3]	trace-free metric fluctuation	h_0=h-eta tr(h)/4	0	0	0	4	0	4	(1,1) tensor Sym^4(1/2,1/2)	B_lin h_0	E_n:hstar_0	3	exact
4	M_n	436	h_0_(23)[P2^2*P3^2]	trace-free metric fluctuation	h_0=h-eta tr(h)/4	0	0	0	4	0	4	(1,1) tensor Sym^4(1/2,1/2)	B_lin h_0	E_n:hstar_0	1	exact
4	M_n	437	h_0_(23)[P2^3*P3]	trace-free metric fluctuation	h_0=h-eta tr(h)/4	0	0	0	4	0	4	(1,1) tensor Sym^4(1/2,1/2)	B_lin h_0	E_n:hstar_0	2	exact
4	M_n	438	h_0_(23)[P2^4]	trace-free metric fluctuation	h_0=h-eta tr(h)/4	0	0	0	4	0	4	(1,1) tensor Sym^4(1/2,1/2)	B_lin h_0	E_n:hstar_0	0	exact
4	M_n	439	h_0_(23)[P1*P3^3]	trace-free metric fluctuation	h_0=h-eta tr(h)/4	0	0	0	4	0	4	(1,1) tensor Sym^4(1/2,1/2)	B_lin h_0	E_n:hstar_0	1	exact
4	M_n	440	h_0_(23)[P1*P2*P3^2]	trace-free metric fluctuation	h_0=h-eta tr(h)/4	0	0	0	4	0	4	(1,1) tensor Sym^4(1/2,1/2)	B_lin h_0	E_n:hstar_0	1	exact
4	M_n	441	h_0_(23)[P1*P2^2*P3]	trace-free metric fluctuation	h_0=h-eta tr(h)/4	0	0	0	4	0	4	(1,1) tensor Sym^4(1/2,1/2)	B_lin h_0	E_n:hstar_0	1	exact
4	M_n	442	h_0_(23)[P1*P2^3]	trace-free metric fluctuation	h_0=h-eta tr(h)/4	0	0	0	4	0	4	(1,1) tensor Sym^4(1/2,1/2)	B_lin h_0	E_n:hstar_0	1	exact
4	M_n	443	h_0_(23)[P1^2*P3^2]	trace-free metric fluctuation	h_0=h-eta tr(h)/4	0	0	0	4	0	4	(1,1) tensor Sym^4(1/2,1/2)	B_lin h_0	E_n:hstar_0	1	exact
4	M_n	444	h_0_(23)[P1^2*P2*P3]	trace-free metric fluctuation	h_0=h-eta tr(h)/4	0	0	0	4	0	4	(1,1) tensor Sym^4(1/2,1/2)	B_lin h_0	E_n:hstar_0	3	exact
4	M_n	445	h_0_(23)[P1^2*P2^2]	trace-free metric fluctuation	h_0=h-eta tr(h)/4	0	0	0	4	0	4	(1,1) tensor Sym^4(1/2,1/2)	B_lin h_0	E_n:hstar_0	1	exact
4	M_n	446	h_0_(23)[P1^3*P3]	trace-free metric fluctuation	h_0=h-eta tr(h)/4	0	0	0	4	0	4	(1,1) tensor Sym^4(1/2,1/2)	B_lin h_0	E_n:hstar_0	1	exact
4	M_n	447	h_0_(23)[P1^3*P2]	trace-free metric fluctuation	h_0=h-eta tr(h)/4	0	0	0	4	0	4	(1,1) tensor Sym^4(1/2,1/2)	B_lin h_0	E_n:hstar_0	1	exact
4	M_n	448	h_0_(23)[P1^4]	trace-free metric fluctuation	h_0=h-eta tr(h)/4	0	0	0	4	0	4	(1,1) tensor Sym^4(1/2,1/2)	B_lin h_0	E_n:hstar_0	1	exact
4	M_n	449	h_0_(23)[P0*P3^3]	trace-free metric fluctuation	h_0=h-eta tr(h)/4	0	0	0	4	0	4	(1,1) tensor Sym^4(1/2,1/2)	B_lin h_0	E_n:hstar_0	1	exact
4	M_n	450	h_0_(23)[P0*P2*P3^2]	trace-free metric fluctuation	h_0=h-eta tr(h)/4	0	0	0	4	0	4	(1,1) tensor Sym^4(1/2,1/2)	B_lin h_0	E_n:hstar_0	1	exact
4	M_n	451	h_0_(23)[P0*P2^2*P3]	trace-free metric fluctuation	h_0=h-eta tr(h)/4	0	0	0	4	0	4	(1,1) tensor Sym^4(1/2,1/2)	B_lin h_0	E_n:hstar_0	1	exact
4	M_n	452	h_0_(23)[P0*P2^3]	trace-free metric fluctuation	h_0=h-eta tr(h)/4	0	0	0	4	0	4	(1,1) tensor Sym^4(1/2,1/2)	B_lin h_0	E_n:hstar_0	1	exact
4	M_n	453	h_0_(23)[P0*P1*P3^2]	trace-free metric fluctuation	h_0=h-eta tr(h)/4	0	0	0	4	0	4	(1,1) tensor Sym^4(1/2,1/2)	B_lin h_0	E_n:hstar_0	0	exact
4	M_n	454	h_0_(23)[P0*P1*P2*P3]	trace-free metric fluctuation	h_0=h-eta tr(h)/4	0	0	0	4	0	4	(1,1) tensor Sym^4(1/2,1/2)	B_lin h_0	E_n:hstar_0	1	exact
4	M_n	455	h_0_(23)[P0*P1*P2^2]	trace-free metric fluctuation	h_0=h-eta tr(h)/4	0	0	0	4	0	4	(1,1) tensor Sym^4(1/2,1/2)	B_lin h_0	E_n:hstar_0	0	exact
4	M_n	456	h_0_(23)[P0*P1^2*P3]	trace-free metric fluctuation	h_0=h-eta tr(h)/4	0	0	0	4	0	4	(1,1) tensor Sym^4(1/2,1/2)	B_lin h_0	E_n:hstar_0	1	exact
4	M_n	457	h_0_(23)[P0*P1^2*P2]	trace-free metric fluctuation	h_0=h-eta tr(h)/4	0	0	0	4	0	4	(1,1) tensor Sym^4(1/2,1/2)	B_lin h_0	E_n:hstar_0	1	exact
4	M_n	458	h_0_(23)[P0*P1^3]	trace-free metric fluctuation	h_0=h-eta tr(h)/4	0	0	0	4	0	4	(1,1) tensor Sym^4(1/2,1/2)	B_lin h_0	E_n:hstar_0	0	exact
4	M_n	459	h_0_(23)[P0^2*P3^2]	trace-free metric fluctuation	h_0=h-eta tr(h)/4	0	0	0	4	0	4	(1,1) tensor Sym^4(1/2,1/2)	B_lin h_0	E_n:hstar_0	1	exact
4	M_n	460	h_0_(23)[P0^2*P2*P3]	trace-free metric fluctuation	h_0=h-eta tr(h)/4	0	0	0	4	0	4	(1,1) tensor Sym^4(1/2,1/2)	B_lin h_0	E_n:hstar_0	3	exact
4	M_n	461	h_0_(23)[P0^2*P2^2]	trace-free metric fluctuation	h_0=h-eta tr(h)/4	0	0	0	4	0	4	(1,1) tensor Sym^4(1/2,1/2)	B_lin h_0	E_n:hstar_0	1	exact
4	M_n	462	h_0_(23)[P0^2*P1*P3]	trace-free metric fluctuation	h_0=h-eta tr(h)/4	0	0	0	4	0	4	(1,1) tensor Sym^4(1/2,1/2)	B_lin h_0	E_n:hstar_0	1	exact
4	M_n	463	h_0_(23)[P0^2*P1*P2]	trace-free metric fluctuation	h_0=h-eta tr(h)/4	0	0	0	4	0	4	(1,1) tensor Sym^4(1/2,1/2)	B_lin h_0	E_n:hstar_0	1	exact
4	M_n	464	h_0_(23)[P0^2*P1^2]	trace-free metric fluctuation	h_0=h-eta tr(h)/4	0	0	0	4	0	4	(1,1) tensor Sym^4(1/2,1/2)	B_lin h_0	E_n:hstar_0	1	exact
4	M_n	465	h_0_(23)[P0^3*P3]	trace-free metric fluctuation	h_0=h-eta tr(h)/4	0	0	0	4	0	4	(1,1) tensor Sym^4(1/2,1/2)	B_lin h_0	E_n:hstar_0	1	exact
4	M_n	466	h_0_(23)[P0^3*P2]	trace-free metric fluctuation	h_0=h-eta tr(h)/4	0	0	0	4	0	4	(1,1) tensor Sym^4(1/2,1/2)	B_lin h_0	E_n:hstar_0	1	exact
4	M_n	467	h_0_(23)[P0^3*P1]	trace-free metric fluctuation	h_0=h-eta tr(h)/4	0	0	0	4	0	4	(1,1) tensor Sym^4(1/2,1/2)	B_lin h_0	E_n:hstar_0	0	exact
4	M_n	468	h_0_(23)[P0^4]	trace-free metric fluctuation	h_0=h-eta tr(h)/4	0	0	0	4	0	4	(1,1) tensor Sym^4(1/2,1/2)	B_lin h_0	E_n:hstar_0	1	exact
4	M_n	469	h_0_(00)-(33)[P3^4]	trace-free metric fluctuation	h_0=h-eta tr(h)/4	0	0	0	4	0	4	(1,1) tensor Sym^4(1/2,1/2)	B_lin h_0	E_n:hstar_0	3	exact
4	M_n	470	h_0_(00)-(33)[P2*P3^3]	trace-free metric fluctuation	h_0=h-eta tr(h)/4	0	0	0	4	0	4	(1,1) tensor Sym^4(1/2,1/2)	B_lin h_0	E_n:hstar_0	1	exact
4	M_n	471	h_0_(00)-(33)[P2^2*P3^2]	trace-free metric fluctuation	h_0=h-eta tr(h)/4	0	0	0	4	0	4	(1,1) tensor Sym^4(1/2,1/2)	B_lin h_0	E_n:hstar_0	3	exact
4	M_n	472	h_0_(00)-(33)[P2^3*P3]	trace-free metric fluctuation	h_0=h-eta tr(h)/4	0	0	0	4	0	4	(1,1) tensor Sym^4(1/2,1/2)	B_lin h_0	E_n:hstar_0	1	exact
4	M_n	473	h_0_(00)-(33)[P2^4]	trace-free metric fluctuation	h_0=h-eta tr(h)/4	0	0	0	4	0	4	(1,1) tensor Sym^4(1/2,1/2)	B_lin h_0	E_n:hstar_0	1	exact
4	M_n	474	h_0_(00)-(33)[P1*P3^3]	trace-free metric fluctuation	h_0=h-eta tr(h)/4	0	0	0	4	0	4	(1,1) tensor Sym^4(1/2,1/2)	B_lin h_0	E_n:hstar_0	1	exact
4	M_n	475	h_0_(00)-(33)[P1*P2*P3^2]	trace-free metric fluctuation	h_0=h-eta tr(h)/4	0	0	0	4	0	4	(1,1) tensor Sym^4(1/2,1/2)	B_lin h_0	E_n:hstar_0	1	exact
4	M_n	476	h_0_(00)-(33)[P1*P2^2*P3]	trace-free metric fluctuation	h_0=h-eta tr(h)/4	0	0	0	4	0	4	(1,1) tensor Sym^4(1/2,1/2)	B_lin h_0	E_n:hstar_0	1	exact
4	M_n	477	h_0_(00)-(33)[P1*P2^3]	trace-free metric fluctuation	h_0=h-eta tr(h)/4	0	0	0	4	0	4	(1,1) tensor Sym^4(1/2,1/2)	B_lin h_0	E_n:hstar_0	0	exact
4	M_n	478	h_0_(00)-(33)[P1^2*P3^2]	trace-free metric fluctuation	h_0=h-eta tr(h)/4	0	0	0	4	0	4	(1,1) tensor Sym^4(1/2,1/2)	B_lin h_0	E_n:hstar_0	3	exact
4	M_n	479	h_0_(00)-(33)[P1^2*P2*P3]	trace-free metric fluctuation	h_0=h-eta tr(h)/4	0	0	0	4	0	4	(1,1) tensor Sym^4(1/2,1/2)	B_lin h_0	E_n:hstar_0	1	exact
4	M_n	480	h_0_(00)-(33)[P1^2*P2^2]	trace-free metric fluctuation	h_0=h-eta tr(h)/4	0	0	0	4	0	4	(1,1) tensor Sym^4(1/2,1/2)	B_lin h_0	E_n:hstar_0	1	exact
4	M_n	481	h_0_(00)-(33)[P1^3*P3]	trace-free metric fluctuation	h_0=h-eta tr(h)/4	0	0	0	4	0	4	(1,1) tensor Sym^4(1/2,1/2)	B_lin h_0	E_n:hstar_0	1	exact
4	M_n	482	h_0_(00)-(33)[P1^3*P2]	trace-free metric fluctuation	h_0=h-eta tr(h)/4	0	0	0	4	0	4	(1,1) tensor Sym^4(1/2,1/2)	B_lin h_0	E_n:hstar_0	0	exact
4	M_n	483	h_0_(00)-(33)[P1^4]	trace-free metric fluctuation	h_0=h-eta tr(h)/4	0	0	0	4	0	4	(1,1) tensor Sym^4(1/2,1/2)	B_lin h_0	E_n:hstar_0	1	exact
4	M_n	484	h_0_(00)-(33)[P0*P3^3]	trace-free metric fluctuation	h_0=h-eta tr(h)/4	0	0	0	4	0	4	(1,1) tensor Sym^4(1/2,1/2)	B_lin h_0	E_n:hstar_0	1	exact
4	M_n	485	h_0_(00)-(33)[P0*P2*P3^2]	trace-free metric fluctuation	h_0=h-eta tr(h)/4	0	0	0	4	0	4	(1,1) tensor Sym^4(1/2,1/2)	B_lin h_0	E_n:hstar_0	1	exact
4	M_n	486	h_0_(00)-(33)[P0*P2^2*P3]	trace-free metric fluctuation	h_0=h-eta tr(h)/4	0	0	0	4	0	4	(1,1) tensor Sym^4(1/2,1/2)	B_lin h_0	E_n:hstar_0	0	exact
4	M_n	487	h_0_(00)-(33)[P0*P2^3]	trace-free metric fluctuation	h_0=h-eta tr(h)/4	0	0	0	4	0	4	(1,1) tensor Sym^4(1/2,1/2)	B_lin h_0	E_n:hstar_0	1	exact
4	M_n	488	h_0_(00)-(33)[P0*P1*P3^2]	trace-free metric fluctuation	h_0=h-eta tr(h)/4	0	0	0	4	0	4	(1,1) tensor Sym^4(1/2,1/2)	B_lin h_0	E_n:hstar_0	1	exact
4	M_n	489	h_0_(00)-(33)[P0*P1*P2*P3]	trace-free metric fluctuation	h_0=h-eta tr(h)/4	0	0	0	4	0	4	(1,1) tensor Sym^4(1/2,1/2)	B_lin h_0	E_n:hstar_0	0	exact
4	M_n	490	h_0_(00)-(33)[P0*P1*P2^2]	trace-free metric fluctuation	h_0=h-eta tr(h)/4	0	0	0	4	0	4	(1,1) tensor Sym^4(1/2,1/2)	B_lin h_0	E_n:hstar_0	1	exact
4	M_n	491	h_0_(00)-(33)[P0*P1^2*P3]	trace-free metric fluctuation	h_0=h-eta tr(h)/4	0	0	0	4	0	4	(1,1) tensor Sym^4(1/2,1/2)	B_lin h_0	E_n:hstar_0	0	exact
4	M_n	492	h_0_(00)-(33)[P0*P1^2*P2]	trace-free metric fluctuation	h_0=h-eta tr(h)/4	0	0	0	4	0	4	(1,1) tensor Sym^4(1/2,1/2)	B_lin h_0	E_n:hstar_0	1	exact
4	M_n	493	h_0_(00)-(33)[P0*P1^3]	trace-free metric fluctuation	h_0=h-eta tr(h)/4	0	0	0	4	0	4	(1,1) tensor Sym^4(1/2,1/2)	B_lin h_0	E_n:hstar_0	1	exact
4	M_n	494	h_0_(00)-(33)[P0^2*P3^2]	trace-free metric fluctuation	h_0=h-eta tr(h)/4	0	0	0	4	0	4	(1,1) tensor Sym^4(1/2,1/2)	B_lin h_0	E_n:hstar_0	1	exact
4	M_n	495	h_0_(00)-(33)[P0^2*P2*P3]	trace-free metric fluctuation	h_0=h-eta tr(h)/4	0	0	0	4	0	4	(1,1) tensor Sym^4(1/2,1/2)	B_lin h_0	E_n:hstar_0	1	exact
4	M_n	496	h_0_(00)-(33)[P0^2*P2^2]	trace-free metric fluctuation	h_0=h-eta tr(h)/4	0	0	0	4	0	4	(1,1) tensor Sym^4(1/2,1/2)	B_lin h_0	E_n:hstar_0	3	exact
4	M_n	497	h_0_(00)-(33)[P0^2*P1*P3]	trace-free metric fluctuation	h_0=h-eta tr(h)/4	0	0	0	4	0	4	(1,1) tensor Sym^4(1/2,1/2)	B_lin h_0	E_n:hstar_0	1	exact
4	M_n	498	h_0_(00)-(33)[P0^2*P1*P2]	trace-free metric fluctuation	h_0=h-eta tr(h)/4	0	0	0	4	0	4	(1,1) tensor Sym^4(1/2,1/2)	B_lin h_0	E_n:hstar_0	1	exact
4	M_n	499	h_0_(00)-(33)[P0^2*P1^2]	trace-free metric fluctuation	h_0=h-eta tr(h)/4	0	0	0	4	0	4	(1,1) tensor Sym^4(1/2,1/2)	B_lin h_0	E_n:hstar_0	3	exact
4	M_n	500	h_0_(00)-(33)[P0^3*P3]	trace-free metric fluctuation	h_0=h-eta tr(h)/4	0	0	0	4	0	4	(1,1) tensor Sym^4(1/2,1/2)	B_lin h_0	E_n:hstar_0	1	exact
4	M_n	501	h_0_(00)-(33)[P0^3*P2]	trace-free metric fluctuation	h_0=h-eta tr(h)/4	0	0	0	4	0	4	(1,1) tensor Sym^4(1/2,1/2)	B_lin h_0	E_n:hstar_0	1	exact
4	M_n	502	h_0_(00)-(33)[P0^3*P1]	trace-free metric fluctuation	h_0=h-eta tr(h)/4	0	0	0	4	0	4	(1,1) tensor Sym^4(1/2,1/2)	B_lin h_0	E_n:hstar_0	1	exact
4	M_n	503	h_0_(00)-(33)[P0^4]	trace-free metric fluctuation	h_0=h-eta tr(h)/4	0	0	0	4	0	4	(1,1) tensor Sym^4(1/2,1/2)	B_lin h_0	E_n:hstar_0	2	exact
4	M_n	504	h_0_(11)-(33)[P3^4]	trace-free metric fluctuation	h_0=h-eta tr(h)/4	0	0	0	4	0	4	(1,1) tensor Sym^4(1/2,1/2)	B_lin h_0	E_n:hstar_0	3	exact
4	M_n	505	h_0_(11)-(33)[P2*P3^3]	trace-free metric fluctuation	h_0=h-eta tr(h)/4	0	0	0	4	0	4	(1,1) tensor Sym^4(1/2,1/2)	B_lin h_0	E_n:hstar_0	1	exact
4	M_n	506	h_0_(11)-(33)[P2^2*P3^2]	trace-free metric fluctuation	h_0=h-eta tr(h)/4	0	0	0	4	0	4	(1,1) tensor Sym^4(1/2,1/2)	B_lin h_0	E_n:hstar_0	3	exact
4	M_n	507	h_0_(11)-(33)[P2^3*P3]	trace-free metric fluctuation	h_0=h-eta tr(h)/4	0	0	0	4	0	4	(1,1) tensor Sym^4(1/2,1/2)	B_lin h_0	E_n:hstar_0	1	exact
4	M_n	508	h_0_(11)-(33)[P2^4]	trace-free metric fluctuation	h_0=h-eta tr(h)/4	0	0	0	4	0	4	(1,1) tensor Sym^4(1/2,1/2)	B_lin h_0	E_n:hstar_0	1	exact
4	M_n	509	h_0_(11)-(33)[P1*P3^3]	trace-free metric fluctuation	h_0=h-eta tr(h)/4	0	0	0	4	0	4	(1,1) tensor Sym^4(1/2,1/2)	B_lin h_0	E_n:hstar_0	1	exact
4	M_n	510	h_0_(11)-(33)[P1*P2*P3^2]	trace-free metric fluctuation	h_0=h-eta tr(h)/4	0	0	0	4	0	4	(1,1) tensor Sym^4(1/2,1/2)	B_lin h_0	E_n:hstar_0	1	exact
4	M_n	511	h_0_(11)-(33)[P1*P2^2*P3]	trace-free metric fluctuation	h_0=h-eta tr(h)/4	0	0	0	4	0	4	(1,1) tensor Sym^4(1/2,1/2)	B_lin h_0	E_n:hstar_0	0	exact
4	M_n	512	h_0_(11)-(33)[P1*P2^3]	trace-free metric fluctuation	h_0=h-eta tr(h)/4	0	0	0	4	0	4	(1,1) tensor Sym^4(1/2,1/2)	B_lin h_0	E_n:hstar_0	1	exact
4	M_n	513	h_0_(11)-(33)[P1^2*P3^2]	trace-free metric fluctuation	h_0=h-eta tr(h)/4	0	0	0	4	0	4	(1,1) tensor Sym^4(1/2,1/2)	B_lin h_0	E_n:hstar_0	1	exact
4	M_n	514	h_0_(11)-(33)[P1^2*P2*P3]	trace-free metric fluctuation	h_0=h-eta tr(h)/4	0	0	0	4	0	4	(1,1) tensor Sym^4(1/2,1/2)	B_lin h_0	E_n:hstar_0	1	exact
4	M_n	515	h_0_(11)-(33)[P1^2*P2^2]	trace-free metric fluctuation	h_0=h-eta tr(h)/4	0	0	0	4	0	4	(1,1) tensor Sym^4(1/2,1/2)	B_lin h_0	E_n:hstar_0	3	exact
4	M_n	516	h_0_(11)-(33)[P1^3*P3]	trace-free metric fluctuation	h_0=h-eta tr(h)/4	0	0	0	4	0	4	(1,1) tensor Sym^4(1/2,1/2)	B_lin h_0	E_n:hstar_0	1	exact
4	M_n	517	h_0_(11)-(33)[P1^3*P2]	trace-free metric fluctuation	h_0=h-eta tr(h)/4	0	0	0	4	0	4	(1,1) tensor Sym^4(1/2,1/2)	B_lin h_0	E_n:hstar_0	1	exact
4	M_n	518	h_0_(11)-(33)[P1^4]	trace-free metric fluctuation	h_0=h-eta tr(h)/4	0	0	0	4	0	4	(1,1) tensor Sym^4(1/2,1/2)	B_lin h_0	E_n:hstar_0	2	exact
4	M_n	519	h_0_(11)-(33)[P0*P3^3]	trace-free metric fluctuation	h_0=h-eta tr(h)/4	0	0	0	4	0	4	(1,1) tensor Sym^4(1/2,1/2)	B_lin h_0	E_n:hstar_0	1	exact
4	M_n	520	h_0_(11)-(33)[P0*P2*P3^2]	trace-free metric fluctuation	h_0=h-eta tr(h)/4	0	0	0	4	0	4	(1,1) tensor Sym^4(1/2,1/2)	B_lin h_0	E_n:hstar_0	1	exact
4	M_n	521	h_0_(11)-(33)[P0*P2^2*P3]	trace-free metric fluctuation	h_0=h-eta tr(h)/4	0	0	0	4	0	4	(1,1) tensor Sym^4(1/2,1/2)	B_lin h_0	E_n:hstar_0	1	exact
4	M_n	522	h_0_(11)-(33)[P0*P2^3]	trace-free metric fluctuation	h_0=h-eta tr(h)/4	0	0	0	4	0	4	(1,1) tensor Sym^4(1/2,1/2)	B_lin h_0	E_n:hstar_0	0	exact
4	M_n	523	h_0_(11)-(33)[P0*P1*P3^2]	trace-free metric fluctuation	h_0=h-eta tr(h)/4	0	0	0	4	0	4	(1,1) tensor Sym^4(1/2,1/2)	B_lin h_0	E_n:hstar_0	1	exact
4	M_n	524	h_0_(11)-(33)[P0*P1*P2*P3]	trace-free metric fluctuation	h_0=h-eta tr(h)/4	0	0	0	4	0	4	(1,1) tensor Sym^4(1/2,1/2)	B_lin h_0	E_n:hstar_0	0	exact
4	M_n	525	h_0_(11)-(33)[P0*P1*P2^2]	trace-free metric fluctuation	h_0=h-eta tr(h)/4	0	0	0	4	0	4	(1,1) tensor Sym^4(1/2,1/2)	B_lin h_0	E_n:hstar_0	1	exact
4	M_n	526	h_0_(11)-(33)[P0*P1^2*P3]	trace-free metric fluctuation	h_0=h-eta tr(h)/4	0	0	0	4	0	4	(1,1) tensor Sym^4(1/2,1/2)	B_lin h_0	E_n:hstar_0	1	exact
4	M_n	527	h_0_(11)-(33)[P0*P1^2*P2]	trace-free metric fluctuation	h_0=h-eta tr(h)/4	0	0	0	4	0	4	(1,1) tensor Sym^4(1/2,1/2)	B_lin h_0	E_n:hstar_0	1	exact
4	M_n	528	h_0_(11)-(33)[P0*P1^3]	trace-free metric fluctuation	h_0=h-eta tr(h)/4	0	0	0	4	0	4	(1,1) tensor Sym^4(1/2,1/2)	B_lin h_0	E_n:hstar_0	1	exact
4	M_n	529	h_0_(11)-(33)[P0^2*P3^2]	trace-free metric fluctuation	h_0=h-eta tr(h)/4	0	0	0	4	0	4	(1,1) tensor Sym^4(1/2,1/2)	B_lin h_0	E_n:hstar_0	3	exact
4	M_n	530	h_0_(11)-(33)[P0^2*P2*P3]	trace-free metric fluctuation	h_0=h-eta tr(h)/4	0	0	0	4	0	4	(1,1) tensor Sym^4(1/2,1/2)	B_lin h_0	E_n:hstar_0	1	exact
4	M_n	531	h_0_(11)-(33)[P0^2*P2^2]	trace-free metric fluctuation	h_0=h-eta tr(h)/4	0	0	0	4	0	4	(1,1) tensor Sym^4(1/2,1/2)	B_lin h_0	E_n:hstar_0	1	exact
4	M_n	532	h_0_(11)-(33)[P0^2*P1*P3]	trace-free metric fluctuation	h_0=h-eta tr(h)/4	0	0	0	4	0	4	(1,1) tensor Sym^4(1/2,1/2)	B_lin h_0	E_n:hstar_0	0	exact
4	M_n	533	h_0_(11)-(33)[P0^2*P1*P2]	trace-free metric fluctuation	h_0=h-eta tr(h)/4	0	0	0	4	0	4	(1,1) tensor Sym^4(1/2,1/2)	B_lin h_0	E_n:hstar_0	1	exact
4	M_n	534	h_0_(11)-(33)[P0^2*P1^2]	trace-free metric fluctuation	h_0=h-eta tr(h)/4	0	0	0	4	0	4	(1,1) tensor Sym^4(1/2,1/2)	B_lin h_0	E_n:hstar_0	3	exact
4	M_n	535	h_0_(11)-(33)[P0^3*P3]	trace-free metric fluctuation	h_0=h-eta tr(h)/4	0	0	0	4	0	4	(1,1) tensor Sym^4(1/2,1/2)	B_lin h_0	E_n:hstar_0	1	exact
4	M_n	536	h_0_(11)-(33)[P0^3*P2]	trace-free metric fluctuation	h_0=h-eta tr(h)/4	0	0	0	4	0	4	(1,1) tensor Sym^4(1/2,1/2)	B_lin h_0	E_n:hstar_0	0	exact
4	M_n	537	h_0_(11)-(33)[P0^3*P1]	trace-free metric fluctuation	h_0=h-eta tr(h)/4	0	0	0	4	0	4	(1,1) tensor Sym^4(1/2,1/2)	B_lin h_0	E_n:hstar_0	1	exact
4	M_n	538	h_0_(11)-(33)[P0^4]	trace-free metric fluctuation	h_0=h-eta tr(h)/4	0	0	0	4	0	4	(1,1) tensor Sym^4(1/2,1/2)	B_lin h_0	E_n:hstar_0	1	exact
4	M_n	539	h_0_(22)-(33)[P3^4]	trace-free metric fluctuation	h_0=h-eta tr(h)/4	0	0	0	4	0	4	(1,1) tensor Sym^4(1/2,1/2)	B_lin h_0	E_n:hstar_0	3	exact
4	M_n	540	h_0_(22)-(33)[P2*P3^3]	trace-free metric fluctuation	h_0=h-eta tr(h)/4	0	0	0	4	0	4	(1,1) tensor Sym^4(1/2,1/2)	B_lin h_0	E_n:hstar_0	1	exact
4	M_n	541	h_0_(22)-(33)[P2^2*P3^2]	trace-free metric fluctuation	h_0=h-eta tr(h)/4	0	0	0	4	0	4	(1,1) tensor Sym^4(1/2,1/2)	B_lin h_0	E_n:hstar_0	1	exact
4	M_n	542	h_0_(22)-(33)[P2^3*P3]	trace-free metric fluctuation	h_0=h-eta tr(h)/4	0	0	0	4	0	4	(1,1) tensor Sym^4(1/2,1/2)	B_lin h_0	E_n:hstar_0	1	exact
4	M_n	543	h_0_(22)-(33)[P2^4]	trace-free metric fluctuation	h_0=h-eta tr(h)/4	0	0	0	4	0	4	(1,1) tensor Sym^4(1/2,1/2)	B_lin h_0	E_n:hstar_0	2	exact
4	M_n	544	h_0_(22)-(33)[P1*P3^3]	trace-free metric fluctuation	h_0=h-eta tr(h)/4	0	0	0	4	0	4	(1,1) tensor Sym^4(1/2,1/2)	B_lin h_0	E_n:hstar_0	1	exact
4	M_n	545	h_0_(22)-(33)[P1*P2*P3^2]	trace-free metric fluctuation	h_0=h-eta tr(h)/4	0	0	0	4	0	4	(1,1) tensor Sym^4(1/2,1/2)	B_lin h_0	E_n:hstar_0	1	exact
4	M_n	546	h_0_(22)-(33)[P1*P2^2*P3]	trace-free metric fluctuation	h_0=h-eta tr(h)/4	0	0	0	4	0	4	(1,1) tensor Sym^4(1/2,1/2)	B_lin h_0	E_n:hstar_0	1	exact
4	M_n	547	h_0_(22)-(33)[P1*P2^3]	trace-free metric fluctuation	h_0=h-eta tr(h)/4	0	0	0	4	0	4	(1,1) tensor Sym^4(1/2,1/2)	B_lin h_0	E_n:hstar_0	1	exact
4	M_n	548	h_0_(22)-(33)[P1^2*P3^2]	trace-free metric fluctuation	h_0=h-eta tr(h)/4	0	0	0	4	0	4	(1,1) tensor Sym^4(1/2,1/2)	B_lin h_0	E_n:hstar_0	3	exact
4	M_n	549	h_0_(22)-(33)[P1^2*P2*P3]	trace-free metric fluctuation	h_0=h-eta tr(h)/4	0	0	0	4	0	4	(1,1) tensor Sym^4(1/2,1/2)	B_lin h_0	E_n:hstar_0	0	exact
4	M_n	550	h_0_(22)-(33)[P1^2*P2^2]	trace-free metric fluctuation	h_0=h-eta tr(h)/4	0	0	0	4	0	4	(1,1) tensor Sym^4(1/2,1/2)	B_lin h_0	E_n:hstar_0	3	exact
4	M_n	551	h_0_(22)-(33)[P1^3*P3]	trace-free metric fluctuation	h_0=h-eta tr(h)/4	0	0	0	4	0	4	(1,1) tensor Sym^4(1/2,1/2)	B_lin h_0	E_n:hstar_0	1	exact
4	M_n	552	h_0_(22)-(33)[P1^3*P2]	trace-free metric fluctuation	h_0=h-eta tr(h)/4	0	0	0	4	0	4	(1,1) tensor Sym^4(1/2,1/2)	B_lin h_0	E_n:hstar_0	1	exact
4	M_n	553	h_0_(22)-(33)[P1^4]	trace-free metric fluctuation	h_0=h-eta tr(h)/4	0	0	0	4	0	4	(1,1) tensor Sym^4(1/2,1/2)	B_lin h_0	E_n:hstar_0	1	exact
4	M_n	554	h_0_(22)-(33)[P0*P3^3]	trace-free metric fluctuation	h_0=h-eta tr(h)/4	0	0	0	4	0	4	(1,1) tensor Sym^4(1/2,1/2)	B_lin h_0	E_n:hstar_0	1	exact
4	M_n	555	h_0_(22)-(33)[P0*P2*P3^2]	trace-free metric fluctuation	h_0=h-eta tr(h)/4	0	0	0	4	0	4	(1,1) tensor Sym^4(1/2,1/2)	B_lin h_0	E_n:hstar_0	1	exact
4	M_n	556	h_0_(22)-(33)[P0*P2^2*P3]	trace-free metric fluctuation	h_0=h-eta tr(h)/4	0	0	0	4	0	4	(1,1) tensor Sym^4(1/2,1/2)	B_lin h_0	E_n:hstar_0	1	exact
4	M_n	557	h_0_(22)-(33)[P0*P2^3]	trace-free metric fluctuation	h_0=h-eta tr(h)/4	0	0	0	4	0	4	(1,1) tensor Sym^4(1/2,1/2)	B_lin h_0	E_n:hstar_0	1	exact
4	M_n	558	h_0_(22)-(33)[P0*P1*P3^2]	trace-free metric fluctuation	h_0=h-eta tr(h)/4	0	0	0	4	0	4	(1,1) tensor Sym^4(1/2,1/2)	B_lin h_0	E_n:hstar_0	1	exact
4	M_n	559	h_0_(22)-(33)[P0*P1*P2*P3]	trace-free metric fluctuation	h_0=h-eta tr(h)/4	0	0	0	4	0	4	(1,1) tensor Sym^4(1/2,1/2)	B_lin h_0	E_n:hstar_0	0	exact
4	M_n	560	h_0_(22)-(33)[P0*P1*P2^2]	trace-free metric fluctuation	h_0=h-eta tr(h)/4	0	0	0	4	0	4	(1,1) tensor Sym^4(1/2,1/2)	B_lin h_0	E_n:hstar_0	1	exact
4	M_n	561	h_0_(22)-(33)[P0*P1^2*P3]	trace-free metric fluctuation	h_0=h-eta tr(h)/4	0	0	0	4	0	4	(1,1) tensor Sym^4(1/2,1/2)	B_lin h_0	E_n:hstar_0	1	exact
4	M_n	562	h_0_(22)-(33)[P0*P1^2*P2]	trace-free metric fluctuation	h_0=h-eta tr(h)/4	0	0	0	4	0	4	(1,1) tensor Sym^4(1/2,1/2)	B_lin h_0	E_n:hstar_0	1	exact
4	M_n	563	h_0_(22)-(33)[P0*P1^3]	trace-free metric fluctuation	h_0=h-eta tr(h)/4	0	0	0	4	0	4	(1,1) tensor Sym^4(1/2,1/2)	B_lin h_0	E_n:hstar_0	0	exact
4	M_n	564	h_0_(22)-(33)[P0^2*P3^2]	trace-free metric fluctuation	h_0=h-eta tr(h)/4	0	0	0	4	0	4	(1,1) tensor Sym^4(1/2,1/2)	B_lin h_0	E_n:hstar_0	3	exact
4	M_n	565	h_0_(22)-(33)[P0^2*P2*P3]	trace-free metric fluctuation	h_0=h-eta tr(h)/4	0	0	0	4	0	4	(1,1) tensor Sym^4(1/2,1/2)	B_lin h_0	E_n:hstar_0	0	exact
4	M_n	566	h_0_(22)-(33)[P0^2*P2^2]	trace-free metric fluctuation	h_0=h-eta tr(h)/4	0	0	0	4	0	4	(1,1) tensor Sym^4(1/2,1/2)	B_lin h_0	E_n:hstar_0	3	exact
4	M_n	567	h_0_(22)-(33)[P0^2*P1*P3]	trace-free metric fluctuation	h_0=h-eta tr(h)/4	0	0	0	4	0	4	(1,1) tensor Sym^4(1/2,1/2)	B_lin h_0	E_n:hstar_0	1	exact
4	M_n	568	h_0_(22)-(33)[P0^2*P1*P2]	trace-free metric fluctuation	h_0=h-eta tr(h)/4	0	0	0	4	0	4	(1,1) tensor Sym^4(1/2,1/2)	B_lin h_0	E_n:hstar_0	1	exact
4	M_n	569	h_0_(22)-(33)[P0^2*P1^2]	trace-free metric fluctuation	h_0=h-eta tr(h)/4	0	0	0	4	0	4	(1,1) tensor Sym^4(1/2,1/2)	B_lin h_0	E_n:hstar_0	1	exact
4	M_n	570	h_0_(22)-(33)[P0^3*P3]	trace-free metric fluctuation	h_0=h-eta tr(h)/4	0	0	0	4	0	4	(1,1) tensor Sym^4(1/2,1/2)	B_lin h_0	E_n:hstar_0	1	exact
4	M_n	571	h_0_(22)-(33)[P0^3*P2]	trace-free metric fluctuation	h_0=h-eta tr(h)/4	0	0	0	4	0	4	(1,1) tensor Sym^4(1/2,1/2)	B_lin h_0	E_n:hstar_0	1	exact
4	M_n	572	h_0_(22)-(33)[P0^3*P1]	trace-free metric fluctuation	h_0=h-eta tr(h)/4	0	0	0	4	0	4	(1,1) tensor Sym^4(1/2,1/2)	B_lin h_0	E_n:hstar_0	0	exact
4	M_n	573	h_0_(22)-(33)[P0^4]	trace-free metric fluctuation	h_0=h-eta tr(h)/4	0	0	0	4	0	4	(1,1) tensor Sym^4(1/2,1/2)	B_lin h_0	E_n:hstar_0	1	exact
4	M_n	574	tau[P3^4]	metric trace	tau=tr(h)/8	0	0	0	4	0	4	(0,0) tensor Sym^4(1/2,1/2)	0	0	0	exact
4	M_n	575	tau[P2*P3^3]	metric trace	tau=tr(h)/8	0	0	0	4	0	4	(0,0) tensor Sym^4(1/2,1/2)	0	0	0	exact
4	M_n	576	tau[P2^2*P3^2]	metric trace	tau=tr(h)/8	0	0	0	4	0	4	(0,0) tensor Sym^4(1/2,1/2)	0	0	0	exact
4	M_n	577	tau[P2^3*P3]	metric trace	tau=tr(h)/8	0	0	0	4	0	4	(0,0) tensor Sym^4(1/2,1/2)	0	0	0	exact
4	M_n	578	tau[P2^4]	metric trace	tau=tr(h)/8	0	0	0	4	0	4	(0,0) tensor Sym^4(1/2,1/2)	0	0	0	exact
4	M_n	579	tau[P1*P3^3]	metric trace	tau=tr(h)/8	0	0	0	4	0	4	(0,0) tensor Sym^4(1/2,1/2)	0	0	0	exact
4	M_n	580	tau[P1*P2*P3^2]	metric trace	tau=tr(h)/8	0	0	0	4	0	4	(0,0) tensor Sym^4(1/2,1/2)	0	0	0	exact
4	M_n	581	tau[P1*P2^2*P3]	metric trace	tau=tr(h)/8	0	0	0	4	0	4	(0,0) tensor Sym^4(1/2,1/2)	0	0	0	exact
4	M_n	582	tau[P1*P2^3]	metric trace	tau=tr(h)/8	0	0	0	4	0	4	(0,0) tensor Sym^4(1/2,1/2)	0	0	0	exact
4	M_n	583	tau[P1^2*P3^2]	metric trace	tau=tr(h)/8	0	0	0	4	0	4	(0,0) tensor Sym^4(1/2,1/2)	0	0	0	exact
4	M_n	584	tau[P1^2*P2*P3]	metric trace	tau=tr(h)/8	0	0	0	4	0	4	(0,0) tensor Sym^4(1/2,1/2)	0	0	0	exact
4	M_n	585	tau[P1^2*P2^2]	metric trace	tau=tr(h)/8	0	0	0	4	0	4	(0,0) tensor Sym^4(1/2,1/2)	0	0	0	exact
4	M_n	586	tau[P1^3*P3]	metric trace	tau=tr(h)/8	0	0	0	4	0	4	(0,0) tensor Sym^4(1/2,1/2)	0	0	0	exact
4	M_n	587	tau[P1^3*P2]	metric trace	tau=tr(h)/8	0	0	0	4	0	4	(0,0) tensor Sym^4(1/2,1/2)	0	0	0	exact
4	M_n	588	tau[P1^4]	metric trace	tau=tr(h)/8	0	0	0	4	0	4	(0,0) tensor Sym^4(1/2,1/2)	0	0	0	exact
4	M_n	589	tau[P0*P3^3]	metric trace	tau=tr(h)/8	0	0	0	4	0	4	(0,0) tensor Sym^4(1/2,1/2)	0	0	0	exact
4	M_n	590	tau[P0*P2*P3^2]	metric trace	tau=tr(h)/8	0	0	0	4	0	4	(0,0) tensor Sym^4(1/2,1/2)	0	0	0	exact
4	M_n	591	tau[P0*P2^2*P3]	metric trace	tau=tr(h)/8	0	0	0	4	0	4	(0,0) tensor Sym^4(1/2,1/2)	0	0	0	exact
4	M_n	592	tau[P0*P2^3]	metric trace	tau=tr(h)/8	0	0	0	4	0	4	(0,0) tensor Sym^4(1/2,1/2)	0	0	0	exact
4	M_n	593	tau[P0*P1*P3^2]	metric trace	tau=tr(h)/8	0	0	0	4	0	4	(0,0) tensor Sym^4(1/2,1/2)	0	0	0	exact
4	M_n	594	tau[P0*P1*P2*P3]	metric trace	tau=tr(h)/8	0	0	0	4	0	4	(0,0) tensor Sym^4(1/2,1/2)	0	0	0	exact
4	M_n	595	tau[P0*P1*P2^2]	metric trace	tau=tr(h)/8	0	0	0	4	0	4	(0,0) tensor Sym^4(1/2,1/2)	0	0	0	exact
4	M_n	596	tau[P0*P1^2*P3]	metric trace	tau=tr(h)/8	0	0	0	4	0	4	(0,0) tensor Sym^4(1/2,1/2)	0	0	0	exact
4	M_n	597	tau[P0*P1^2*P2]	metric trace	tau=tr(h)/8	0	0	0	4	0	4	(0,0) tensor Sym^4(1/2,1/2)	0	0	0	exact
4	M_n	598	tau[P0*P1^3]	metric trace	tau=tr(h)/8	0	0	0	4	0	4	(0,0) tensor Sym^4(1/2,1/2)	0	0	0	exact
4	M_n	599	tau[P0^2*P3^2]	metric trace	tau=tr(h)/8	0	0	0	4	0	4	(0,0) tensor Sym^4(1/2,1/2)	0	0	0	exact
4	M_n	600	tau[P0^2*P2*P3]	metric trace	tau=tr(h)/8	0	0	0	4	0	4	(0,0) tensor Sym^4(1/2,1/2)	0	0	0	exact
4	M_n	601	tau[P0^2*P2^2]	metric trace	tau=tr(h)/8	0	0	0	4	0	4	(0,0) tensor Sym^4(1/2,1/2)	0	0	0	exact
4	M_n	602	tau[P0^2*P1*P3]	metric trace	tau=tr(h)/8	0	0	0	4	0	4	(0,0) tensor Sym^4(1/2,1/2)	0	0	0	exact
4	M_n	603	tau[P0^2*P1*P2]	metric trace	tau=tr(h)/8	0	0	0	4	0	4	(0,0) tensor Sym^4(1/2,1/2)	0	0	0	exact
4	M_n	604	tau[P0^2*P1^2]	metric trace	tau=tr(h)/8	0	0	0	4	0	4	(0,0) tensor Sym^4(1/2,1/2)	0	0	0	exact
4	M_n	605	tau[P0^3*P3]	metric trace	tau=tr(h)/8	0	0	0	4	0	4	(0,0) tensor Sym^4(1/2,1/2)	0	0	0	exact
4	M_n	606	tau[P0^3*P2]	metric trace	tau=tr(h)/8	0	0	0	4	0	4	(0,0) tensor Sym^4(1/2,1/2)	0	0	0	exact
4	M_n	607	tau[P0^3*P1]	metric trace	tau=tr(h)/8	0	0	0	4	0	4	(0,0) tensor Sym^4(1/2,1/2)	0	0	0	exact
4	M_n	608	tau[P0^4]	metric trace	tau=tr(h)/8	0	0	0	4	0	4	(0,0) tensor Sym^4(1/2,1/2)	0	0	0	exact
4	E_n	609	hstar_0_(01)[1]	trace-free metric antifield	hstar_0=hstar-eta tr(hstar)/4	-1	1	1	4	4	0	(1,1) tensor Sym^0(1/2,1/2)	partial^mu hstar_0(mu nu)	I_n:i_star	0	exact
4	E_n	610	hstar_0_(02)[1]	trace-free metric antifield	hstar_0=hstar-eta tr(hstar)/4	-1	1	1	4	4	0	(1,1) tensor Sym^0(1/2,1/2)	partial^mu hstar_0(mu nu)	I_n:i_star	0	exact
4	E_n	611	hstar_0_(03)[1]	trace-free metric antifield	hstar_0=hstar-eta tr(hstar)/4	-1	1	1	4	4	0	(1,1) tensor Sym^0(1/2,1/2)	partial^mu hstar_0(mu nu)	I_n:i_star	0	exact
4	E_n	612	hstar_0_(12)[1]	trace-free metric antifield	hstar_0=hstar-eta tr(hstar)/4	-1	1	1	4	4	0	(1,1) tensor Sym^0(1/2,1/2)	partial^mu hstar_0(mu nu)	I_n:i_star	0	exact
4	E_n	613	hstar_0_(13)[1]	trace-free metric antifield	hstar_0=hstar-eta tr(hstar)/4	-1	1	1	4	4	0	(1,1) tensor Sym^0(1/2,1/2)	partial^mu hstar_0(mu nu)	I_n:i_star	0	exact
4	E_n	614	hstar_0_(23)[1]	trace-free metric antifield	hstar_0=hstar-eta tr(hstar)/4	-1	1	1	4	4	0	(1,1) tensor Sym^0(1/2,1/2)	partial^mu hstar_0(mu nu)	I_n:i_star	0	exact
4	E_n	615	hstar_0_(00)-(33)[1]	trace-free metric antifield	hstar_0=hstar-eta tr(hstar)/4	-1	1	1	4	4	0	(1,1) tensor Sym^0(1/2,1/2)	partial^mu hstar_0(mu nu)	I_n:i_star	0	exact
4	E_n	616	hstar_0_(11)-(33)[1]	trace-free metric antifield	hstar_0=hstar-eta tr(hstar)/4	-1	1	1	4	4	0	(1,1) tensor Sym^0(1/2,1/2)	partial^mu hstar_0(mu nu)	I_n:i_star	0	exact
4	E_n	617	hstar_0_(22)-(33)[1]	trace-free metric antifield	hstar_0=hstar-eta tr(hstar)/4	-1	1	1	4	4	0	(1,1) tensor Sym^0(1/2,1/2)	partial^mu hstar_0(mu nu)	I_n:i_star	0	exact
4	E_n	618	tau_star[1]	trace metric antifield	tau_star=2 tr(hstar)	-1	1	1	4	4	0	(0,0) tensor Sym^0(1/2,1/2)	Omega_star	I_n:Omega_star	1	exact
4	I_n	619	Omega_star[1]	Weyl-ghost antifield	Omega_star=omegastar	-2	2	2	4	4	0	(0,0) tensor Sym^0(1/2,1/2)	0	0	0	exact
5	G_n	0	c_mu_0[P3^6]	diffeomorphism ghost c_mu	c_raw=c	1	0	-1	5	-1	6	(1/2,1/2) tensor Sym^6(1/2,1/2)	K_0 c	M_n:h_0	1	exact
5	G_n	1	c_mu_0[P2*P3^5]	diffeomorphism ghost c_mu	c_raw=c	1	0	-1	5	-1	6	(1/2,1/2) tensor Sym^6(1/2,1/2)	K_0 c	M_n:h_0	2	exact
5	G_n	2	c_mu_0[P2^2*P3^4]	diffeomorphism ghost c_mu	c_raw=c	1	0	-1	5	-1	6	(1/2,1/2) tensor Sym^6(1/2,1/2)	K_0 c	M_n:h_0	2	exact
5	G_n	3	c_mu_0[P2^3*P3^3]	diffeomorphism ghost c_mu	c_raw=c	1	0	-1	5	-1	6	(1/2,1/2) tensor Sym^6(1/2,1/2)	K_0 c	M_n:h_0	2	exact
5	G_n	4	c_mu_0[P2^4*P3^2]	diffeomorphism ghost c_mu	c_raw=c	1	0	-1	5	-1	6	(1/2,1/2) tensor Sym^6(1/2,1/2)	K_0 c	M_n:h_0	2	exact
5	G_n	5	c_mu_0[P2^5*P3]	diffeomorphism ghost c_mu	c_raw=c	1	0	-1	5	-1	6	(1/2,1/2) tensor Sym^6(1/2,1/2)	K_0 c	M_n:h_0	2	exact
5	G_n	6	c_mu_0[P2^6]	diffeomorphism ghost c_mu	c_raw=c	1	0	-1	5	-1	6	(1/2,1/2) tensor Sym^6(1/2,1/2)	K_0 c	M_n:h_0	1	exact
5	G_n	7	c_mu_0[P1*P3^5]	diffeomorphism ghost c_mu	c_raw=c	1	0	-1	5	-1	6	(1/2,1/2) tensor Sym^6(1/2,1/2)	K_0 c	M_n:h_0	2	exact
5	G_n	8	c_mu_0[P1*P2*P3^4]	diffeomorphism ghost c_mu	c_raw=c	1	0	-1	5	-1	6	(1/2,1/2) tensor Sym^6(1/2,1/2)	K_0 c	M_n:h_0	3	exact
5	G_n	9	c_mu_0[P1*P2^2*P3^3]	diffeomorphism ghost c_mu	c_raw=c	1	0	-1	5	-1	6	(1/2,1/2) tensor Sym^6(1/2,1/2)	K_0 c	M_n:h_0	3	exact
5	G_n	10	c_mu_0[P1*P2^3*P3^2]	diffeomorphism ghost c_mu	c_raw=c	1	0	-1	5	-1	6	(1/2,1/2) tensor Sym^6(1/2,1/2)	K_0 c	M_n:h_0	3	exact
5	G_n	11	c_mu_0[P1*P2^4*P3]	diffeomorphism ghost c_mu	c_raw=c	1	0	-1	5	-1	6	(1/2,1/2) tensor Sym^6(1/2,1/2)	K_0 c	M_n:h_0	3	exact
5	G_n	12	c_mu_0[P1*P2^5]	diffeomorphism ghost c_mu	c_raw=c	1	0	-1	5	-1	6	(1/2,1/2) tensor Sym^6(1/2,1/2)	K_0 c	M_n:h_0	2	exact
5	G_n	13	c_mu_0[P1^2*P3^4]	diffeomorphism ghost c_mu	c_raw=c	1	0	-1	5	-1	6	(1/2,1/2) tensor Sym^6(1/2,1/2)	K_0 c	M_n:h_0	2	exact
5	G_n	14	c_mu_0[P1^2*P2*P3^3]	diffeomorphism ghost c_mu	c_raw=c	1	0	-1	5	-1	6	(1/2,1/2) tensor Sym^6(1/2,1/2)	K_0 c	M_n:h_0	3	exact
5	G_n	15	c_mu_0[P1^2*P2^2*P3^2]	diffeomorphism ghost c_mu	c_raw=c	1	0	-1	5	-1	6	(1/2,1/2) tensor Sym^6(1/2,1/2)	K_0 c	M_n:h_0	3	exact
5	G_n	16	c_mu_0[P1^2*P2^3*P3]	diffeomorphism ghost c_mu	c_raw=c	1	0	-1	5	-1	6	(1/2,1/2) tensor Sym^6(1/2,1/2)	K_0 c	M_n:h_0	3	exact
5	G_n	17	c_mu_0[P1^2*P2^4]	diffeomorphism ghost c_mu	c_raw=c	1	0	-1	5	-1	6	(1/2,1/2) tensor Sym^6(1/2,1/2)	K_0 c	M_n:h_0	2	exact
5	G_n	18	c_mu_0[P1^3*P3^3]	diffeomorphism ghost c_mu	c_raw=c	1	0	-1	5	-1	6	(1/2,1/2) tensor Sym^6(1/2,1/2)	K_0 c	M_n:h_0	2	exact
5	G_n	19	c_mu_0[P1^3*P2*P3^2]	diffeomorphism ghost c_mu	c_raw=c	1	0	-1	5	-1	6	(1/2,1/2) tensor Sym^6(1/2,1/2)	K_0 c	M_n:h_0	3	exact
5	G_n	20	c_mu_0[P1^3*P2^2*P3]	diffeomorphism ghost c_mu	c_raw=c	1	0	-1	5	-1	6	(1/2,1/2) tensor Sym^6(1/2,1/2)	K_0 c	M_n:h_0	3	exact
5	G_n	21	c_mu_0[P1^3*P2^3]	diffeomorphism ghost c_mu	c_raw=c	1	0	-1	5	-1	6	(1/2,1/2) tensor Sym^6(1/2,1/2)	K_0 c	M_n:h_0	2	exact
5	G_n	22	c_mu_0[P1^4*P3^2]	diffeomorphism ghost c_mu	c_raw=c	1	0	-1	5	-1	6	(1/2,1/2) tensor Sym^6(1/2,1/2)	K_0 c	M_n:h_0	2	exact
5	G_n	23	c_mu_0[P1^4*P2*P3]	diffeomorphism ghost c_mu	c_raw=c	1	0	-1	5	-1	6	(1/2,1/2) tensor Sym^6(1/2,1/2)	K_0 c	M_n:h_0	3	exact
5	G_n	24	c_mu_0[P1^4*P2^2]	diffeomorphism ghost c_mu	c_raw=c	1	0	-1	5	-1	6	(1/2,1/2) tensor Sym^6(1/2,1/2)	K_0 c	M_n:h_0	2	exact
5	G_n	25	c_mu_0[P1^5*P3]	diffeomorphism ghost c_mu	c_raw=c	1	0	-1	5	-1	6	(1/2,1/2) tensor Sym^6(1/2,1/2)	K_0 c	M_n:h_0	2	exact
5	G_n	26	c_mu_0[P1^5*P2]	diffeomorphism ghost c_mu	c_raw=c	1	0	-1	5	-1	6	(1/2,1/2) tensor Sym^6(1/2,1/2)	K_0 c	M_n:h_0	2	exact
5	G_n	27	c_mu_0[P1^6]	diffeomorphism ghost c_mu	c_raw=c	1	0	-1	5	-1	6	(1/2,1/2) tensor Sym^6(1/2,1/2)	K_0 c	M_n:h_0	1	exact
5	G_n	28	c_mu_0[P0*P3^5]	diffeomorphism ghost c_mu	c_raw=c	1	0	-1	5	-1	6	(1/2,1/2) tensor Sym^6(1/2,1/2)	K_0 c	M_n:h_0	4	exact
5	G_n	29	c_mu_0[P0*P2*P3^4]	diffeomorphism ghost c_mu	c_raw=c	1	0	-1	5	-1	6	(1/2,1/2) tensor Sym^6(1/2,1/2)	K_0 c	M_n:h_0	5	exact
5	G_n	30	c_mu_0[P0*P2^2*P3^3]	diffeomorphism ghost c_mu	c_raw=c	1	0	-1	5	-1	6	(1/2,1/2) tensor Sym^6(1/2,1/2)	K_0 c	M_n:h_0	5	exact
5	G_n	31	c_mu_0[P0*P2^3*P3^2]	diffeomorphism ghost c_mu	c_raw=c	1	0	-1	5	-1	6	(1/2,1/2) tensor Sym^6(1/2,1/2)	K_0 c	M_n:h_0	5	exact
5	G_n	32	c_mu_0[P0*P2^4*P3]	diffeomorphism ghost c_mu	c_raw=c	1	0	-1	5	-1	6	(1/2,1/2) tensor Sym^6(1/2,1/2)	K_0 c	M_n:h_0	5	exact
5	G_n	33	c_mu_0[P0*P2^5]	diffeomorphism ghost c_mu	c_raw=c	1	0	-1	5	-1	6	(1/2,1/2) tensor Sym^6(1/2,1/2)	K_0 c	M_n:h_0	4	exact
5	G_n	34	c_mu_0[P0*P1*P3^4]	diffeomorphism ghost c_mu	c_raw=c	1	0	-1	5	-1	6	(1/2,1/2) tensor Sym^6(1/2,1/2)	K_0 c	M_n:h_0	5	exact
5	G_n	35	c_mu_0[P0*P1*P2*P3^3]	diffeomorphism ghost c_mu	c_raw=c	1	0	-1	5	-1	6	(1/2,1/2) tensor Sym^6(1/2,1/2)	K_0 c	M_n:h_0	6	exact
5	G_n	36	c_mu_0[P0*P1*P2^2*P3^2]	diffeomorphism ghost c_mu	c_raw=c	1	0	-1	5	-1	6	(1/2,1/2) tensor Sym^6(1/2,1/2)	K_0 c	M_n:h_0	6	exact
5	G_n	37	c_mu_0[P0*P1*P2^3*P3]	diffeomorphism ghost c_mu	c_raw=c	1	0	-1	5	-1	6	(1/2,1/2) tensor Sym^6(1/2,1/2)	K_0 c	M_n:h_0	6	exact
5	G_n	38	c_mu_0[P0*P1*P2^4]	diffeomorphism ghost c_mu	c_raw=c	1	0	-1	5	-1	6	(1/2,1/2) tensor Sym^6(1/2,1/2)	K_0 c	M_n:h_0	5	exact
5	G_n	39	c_mu_0[P0*P1^2*P3^3]	diffeomorphism ghost c_mu	c_raw=c	1	0	-1	5	-1	6	(1/2,1/2) tensor Sym^6(1/2,1/2)	K_0 c	M_n:h_0	5	exact
5	G_n	40	c_mu_0[P0*P1^2*P2*P3^2]	diffeomorphism ghost c_mu	c_raw=c	1	0	-1	5	-1	6	(1/2,1/2) tensor Sym^6(1/2,1/2)	K_0 c	M_n:h_0	6	exact
5	G_n	41	c_mu_0[P0*P1^2*P2^2*P3]	diffeomorphism ghost c_mu	c_raw=c	1	0	-1	5	-1	6	(1/2,1/2) tensor Sym^6(1/2,1/2)	K_0 c	M_n:h_0	6	exact
5	G_n	42	c_mu_0[P0*P1^2*P2^3]	diffeomorphism ghost c_mu	c_raw=c	1	0	-1	5	-1	6	(1/2,1/2) tensor Sym^6(1/2,1/2)	K_0 c	M_n:h_0	5	exact
5	G_n	43	c_mu_0[P0*P1^3*P3^2]	diffeomorphism ghost c_mu	c_raw=c	1	0	-1	5	-1	6	(1/2,1/2) tensor Sym^6(1/2,1/2)	K_0 c	M_n:h_0	5	exact
5	G_n	44	c_mu_0[P0*P1^3*P2*P3]	diffeomorphism ghost c_mu	c_raw=c	1	0	-1	5	-1	6	(1/2,1/2) tensor Sym^6(1/2,1/2)	K_0 c	M_n:h_0	6	exact
5	G_n	45	c_mu_0[P0*P1^3*P2^2]	diffeomorphism ghost c_mu	c_raw=c	1	0	-1	5	-1	6	(1/2,1/2) tensor Sym^6(1/2,1/2)	K_0 c	M_n:h_0	5	exact
5	G_n	46	c_mu_0[P0*P1^4*P3]	diffeomorphism ghost c_mu	c_raw=c	1	0	-1	5	-1	6	(1/2,1/2) tensor Sym^6(1/2,1/2)	K_0 c	M_n:h_0	5	exact
5	G_n	47	c_mu_0[P0*P1^4*P2]	diffeomorphism ghost c_mu	c_raw=c	1	0	-1	5	-1	6	(1/2,1/2) tensor Sym^6(1/2,1/2)	K_0 c	M_n:h_0	5	exact
5	G_n	48	c_mu_0[P0*P1^5]	diffeomorphism ghost c_mu	c_raw=c	1	0	-1	5	-1	6	(1/2,1/2) tensor Sym^6(1/2,1/2)	K_0 c	M_n:h_0	4	exact
5	G_n	49	c_mu_0[P0^2*P3^4]	diffeomorphism ghost c_mu	c_raw=c	1	0	-1	5	-1	6	(1/2,1/2) tensor Sym^6(1/2,1/2)	K_0 c	M_n:h_0	4	exact
5	G_n	50	c_mu_0[P0^2*P2*P3^3]	diffeomorphism ghost c_mu	c_raw=c	1	0	-1	5	-1	6	(1/2,1/2) tensor Sym^6(1/2,1/2)	K_0 c	M_n:h_0	5	exact
5	G_n	51	c_mu_0[P0^2*P2^2*P3^2]	diffeomorphism ghost c_mu	c_raw=c	1	0	-1	5	-1	6	(1/2,1/2) tensor Sym^6(1/2,1/2)	K_0 c	M_n:h_0	5	exact
5	G_n	52	c_mu_0[P0^2*P2^3*P3]	diffeomorphism ghost c_mu	c_raw=c	1	0	-1	5	-1	6	(1/2,1/2) tensor Sym^6(1/2,1/2)	K_0 c	M_n:h_0	5	exact
5	G_n	53	c_mu_0[P0^2*P2^4]	diffeomorphism ghost c_mu	c_raw=c	1	0	-1	5	-1	6	(1/2,1/2) tensor Sym^6(1/2,1/2)	K_0 c	M_n:h_0	4	exact
5	G_n	54	c_mu_0[P0^2*P1*P3^3]	diffeomorphism ghost c_mu	c_raw=c	1	0	-1	5	-1	6	(1/2,1/2) tensor Sym^6(1/2,1/2)	K_0 c	M_n:h_0	5	exact
5	G_n	55	c_mu_0[P0^2*P1*P2*P3^2]	diffeomorphism ghost c_mu	c_raw=c	1	0	-1	5	-1	6	(1/2,1/2) tensor Sym^6(1/2,1/2)	K_0 c	M_n:h_0	6	exact
5	G_n	56	c_mu_0[P0^2*P1*P2^2*P3]	diffeomorphism ghost c_mu	c_raw=c	1	0	-1	5	-1	6	(1/2,1/2) tensor Sym^6(1/2,1/2)	K_0 c	M_n:h_0	6	exact
5	G_n	57	c_mu_0[P0^2*P1*P2^3]	diffeomorphism ghost c_mu	c_raw=c	1	0	-1	5	-1	6	(1/2,1/2) tensor Sym^6(1/2,1/2)	K_0 c	M_n:h_0	5	exact
5	G_n	58	c_mu_0[P0^2*P1^2*P3^2]	diffeomorphism ghost c_mu	c_raw=c	1	0	-1	5	-1	6	(1/2,1/2) tensor Sym^6(1/2,1/2)	K_0 c	M_n:h_0	5	exact
5	G_n	59	c_mu_0[P0^2*P1^2*P2*P3]	diffeomorphism ghost c_mu	c_raw=c	1	0	-1	5	-1	6	(1/2,1/2) tensor Sym^6(1/2,1/2)	K_0 c	M_n:h_0	6	exact
5	G_n	60	c_mu_0[P0^2*P1^2*P2^2]	diffeomorphism ghost c_mu	c_raw=c	1	0	-1	5	-1	6	(1/2,1/2) tensor Sym^6(1/2,1/2)	K_0 c	M_n:h_0	5	exact
5	G_n	61	c_mu_0[P0^2*P1^3*P3]	diffeomorphism ghost c_mu	c_raw=c	1	0	-1	5	-1	6	(1/2,1/2) tensor Sym^6(1/2,1/2)	K_0 c	M_n:h_0	5	exact
5	G_n	62	c_mu_0[P0^2*P1^3*P2]	diffeomorphism ghost c_mu	c_raw=c	1	0	-1	5	-1	6	(1/2,1/2) tensor Sym^6(1/2,1/2)	K_0 c	M_n:h_0	5	exact
5	G_n	63	c_mu_0[P0^2*P1^4]	diffeomorphism ghost c_mu	c_raw=c	1	0	-1	5	-1	6	(1/2,1/2) tensor Sym^6(1/2,1/2)	K_0 c	M_n:h_0	4	exact
5	G_n	64	c_mu_0[P0^3*P3^3]	diffeomorphism ghost c_mu	c_raw=c	1	0	-1	5	-1	6	(1/2,1/2) tensor Sym^6(1/2,1/2)	K_0 c	M_n:h_0	4	exact
5	G_n	65	c_mu_0[P0^3*P2*P3^2]	diffeomorphism ghost c_mu	c_raw=c	1	0	-1	5	-1	6	(1/2,1/2) tensor Sym^6(1/2,1/2)	K_0 c	M_n:h_0	5	exact
5	G_n	66	c_mu_0[P0^3*P2^2*P3]	diffeomorphism ghost c_mu	c_raw=c	1	0	-1	5	-1	6	(1/2,1/2) tensor Sym^6(1/2,1/2)	K_0 c	M_n:h_0	5	exact
5	G_n	67	c_mu_0[P0^3*P2^3]	diffeomorphism ghost c_mu	c_raw=c	1	0	-1	5	-1	6	(1/2,1/2) tensor Sym^6(1/2,1/2)	K_0 c	M_n:h_0	4	exact
5	G_n	68	c_mu_0[P0^3*P1*P3^2]	diffeomorphism ghost c_mu	c_raw=c	1	0	-1	5	-1	6	(1/2,1/2) tensor Sym^6(1/2,1/2)	K_0 c	M_n:h_0	5	exact
5	G_n	69	c_mu_0[P0^3*P1*P2*P3]	diffeomorphism ghost c_mu	c_raw=c	1	0	-1	5	-1	6	(1/2,1/2) tensor Sym^6(1/2,1/2)	K_0 c	M_n:h_0	6	exact
5	G_n	70	c_mu_0[P0^3*P1*P2^2]	diffeomorphism ghost c_mu	c_raw=c	1	0	-1	5	-1	6	(1/2,1/2) tensor Sym^6(1/2,1/2)	K_0 c	M_n:h_0	5	exact
5	G_n	71	c_mu_0[P0^3*P1^2*P3]	diffeomorphism ghost c_mu	c_raw=c	1	0	-1	5	-1	6	(1/2,1/2) tensor Sym^6(1/2,1/2)	K_0 c	M_n:h_0	5	exact
5	G_n	72	c_mu_0[P0^3*P1^2*P2]	diffeomorphism ghost c_mu	c_raw=c	1	0	-1	5	-1	6	(1/2,1/2) tensor Sym^6(1/2,1/2)	K_0 c	M_n:h_0	5	exact
5	G_n	73	c_mu_0[P0^3*P1^3]	diffeomorphism ghost c_mu	c_raw=c	1	0	-1	5	-1	6	(1/2,1/2) tensor Sym^6(1/2,1/2)	K_0 c	M_n:h_0	4	exact
5	G_n	74	c_mu_0[P0^4*P3^2]	diffeomorphism ghost c_mu	c_raw=c	1	0	-1	5	-1	6	(1/2,1/2) tensor Sym^6(1/2,1/2)	K_0 c	M_n:h_0	4	exact
5	G_n	75	c_mu_0[P0^4*P2*P3]	diffeomorphism ghost c_mu	c_raw=c	1	0	-1	5	-1	6	(1/2,1/2) tensor Sym^6(1/2,1/2)	K_0 c	M_n:h_0	5	exact
5	G_n	76	c_mu_0[P0^4*P2^2]	diffeomorphism ghost c_mu	c_raw=c	1	0	-1	5	-1	6	(1/2,1/2) tensor Sym^6(1/2,1/2)	K_0 c	M_n:h_0	4	exact
5	G_n	77	c_mu_0[P0^4*P1*P3]	diffeomorphism ghost c_mu	c_raw=c	1	0	-1	5	-1	6	(1/2,1/2) tensor Sym^6(1/2,1/2)	K_0 c	M_n:h_0	5	exact
5	G_n	78	c_mu_0[P0^4*P1*P2]	diffeomorphism ghost c_mu	c_raw=c	1	0	-1	5	-1	6	(1/2,1/2) tensor Sym^6(1/2,1/2)	K_0 c	M_n:h_0	5	exact
5	G_n	79	c_mu_0[P0^4*P1^2]	diffeomorphism ghost c_mu	c_raw=c	1	0	-1	5	-1	6	(1/2,1/2) tensor Sym^6(1/2,1/2)	K_0 c	M_n:h_0	4	exact
5	G_n	80	c_mu_0[P0^5*P3]	diffeomorphism ghost c_mu	c_raw=c	1	0	-1	5	-1	6	(1/2,1/2) tensor Sym^6(1/2,1/2)	K_0 c	M_n:h_0	4	exact
5	G_n	81	c_mu_0[P0^5*P2]	diffeomorphism ghost c_mu	c_raw=c	1	0	-1	5	-1	6	(1/2,1/2) tensor Sym^6(1/2,1/2)	K_0 c	M_n:h_0	4	exact
5	G_n	82	c_mu_0[P0^5*P1]	diffeomorphism ghost c_mu	c_raw=c	1	0	-1	5	-1	6	(1/2,1/2) tensor Sym^6(1/2,1/2)	K_0 c	M_n:h_0	4	exact
5	G_n	83	c_mu_0[P0^6]	diffeomorphism ghost c_mu	c_raw=c	1	0	-1	5	-1	6	(1/2,1/2) tensor Sym^6(1/2,1/2)	K_0 c	M_n:h_0	3	exact
5	G_n	84	c_mu_1[P3^6]	diffeomorphism ghost c_mu	c_raw=c	1	0	-1	5	-1	6	(1/2,1/2) tensor Sym^6(1/2,1/2)	K_0 c	M_n:h_0	1	exact
5	G_n	85	c_mu_1[P2*P3^5]	diffeomorphism ghost c_mu	c_raw=c	1	0	-1	5	-1	6	(1/2,1/2) tensor Sym^6(1/2,1/2)	K_0 c	M_n:h_0	2	exact
5	G_n	86	c_mu_1[P2^2*P3^4]	diffeomorphism ghost c_mu	c_raw=c	1	0	-1	5	-1	6	(1/2,1/2) tensor Sym^6(1/2,1/2)	K_0 c	M_n:h_0	2	exact
5	G_n	87	c_mu_1[P2^3*P3^3]	diffeomorphism ghost c_mu	c_raw=c	1	0	-1	5	-1	6	(1/2,1/2) tensor Sym^6(1/2,1/2)	K_0 c	M_n:h_0	2	exact
5	G_n	88	c_mu_1[P2^4*P3^2]	diffeomorphism ghost c_mu	c_raw=c	1	0	-1	5	-1	6	(1/2,1/2) tensor Sym^6(1/2,1/2)	K_0 c	M_n:h_0	2	exact
5	G_n	89	c_mu_1[P2^5*P3]	diffeomorphism ghost c_mu	c_raw=c	1	0	-1	5	-1	6	(1/2,1/2) tensor Sym^6(1/2,1/2)	K_0 c	M_n:h_0	2	exact
5	G_n	90	c_mu_1[P2^6]	diffeomorphism ghost c_mu	c_raw=c	1	0	-1	5	-1	6	(1/2,1/2) tensor Sym^6(1/2,1/2)	K_0 c	M_n:h_0	1	exact
5	G_n	91	c_mu_1[P1*P3^5]	diffeomorphism ghost c_mu	c_raw=c	1	0	-1	5	-1	6	(1/2,1/2) tensor Sym^6(1/2,1/2)	K_0 c	M_n:h_0	4	exact
5	G_n	92	c_mu_1[P1*P2*P3^4]	diffeomorphism ghost c_mu	c_raw=c	1	0	-1	5	-1	6	(1/2,1/2) tensor Sym^6(1/2,1/2)	K_0 c	M_n:h_0	5	exact
5	G_n	93	c_mu_1[P1*P2^2*P3^3]	diffeomorphism ghost c_mu	c_raw=c	1	0	-1	5	-1	6	(1/2,1/2) tensor Sym^6(1/2,1/2)	K_0 c	M_n:h_0	5	exact
5	G_n	94	c_mu_1[P1*P2^3*P3^2]	diffeomorphism ghost c_mu	c_raw=c	1	0	-1	5	-1	6	(1/2,1/2) tensor Sym^6(1/2,1/2)	K_0 c	M_n:h_0	5	exact
5	G_n	95	c_mu_1[P1*P2^4*P3]	diffeomorphism ghost c_mu	c_raw=c	1	0	-1	5	-1	6	(1/2,1/2) tensor Sym^6(1/2,1/2)	K_0 c	M_n:h_0	5	exact
5	G_n	96	c_mu_1[P1*P2^5]	diffeomorphism ghost c_mu	c_raw=c	1	0	-1	5	-1	6	(1/2,1/2) tensor Sym^6(1/2,1/2)	K_0 c	M_n:h_0	4	exact
5	G_n	97	c_mu_1[P1^2*P3^4]	diffeomorphism ghost c_mu	c_raw=c	1	0	-1	5	-1	6	(1/2,1/2) tensor Sym^6(1/2,1/2)	K_0 c	M_n:h_0	4	exact
5	G_n	98	c_mu_1[P1^2*P2*P3^3]	diffeomorphism ghost c_mu	c_raw=c	1	0	-1	5	-1	6	(1/2,1/2) tensor Sym^6(1/2,1/2)	K_0 c	M_n:h_0	5	exact
5	G_n	99	c_mu_1[P1^2*P2^2*P3^2]	diffeomorphism ghost c_mu	c_raw=c	1	0	-1	5	-1	6	(1/2,1/2) tensor Sym^6(1/2,1/2)	K_0 c	M_n:h_0	5	exact
5	G_n	100	c_mu_1[P1^2*P2^3*P3]	diffeomorphism ghost c_mu	c_raw=c	1	0	-1	5	-1	6	(1/2,1/2) tensor Sym^6(1/2,1/2)	K_0 c	M_n:h_0	5	exact
5	G_n	101	c_mu_1[P1^2*P2^4]	diffeomorphism ghost c_mu	c_raw=c	1	0	-1	5	-1	6	(1/2,1/2) tensor Sym^6(1/2,1/2)	K_0 c	M_n:h_0	4	exact
5	G_n	102	c_mu_1[P1^3*P3^3]	diffeomorphism ghost c_mu	c_raw=c	1	0	-1	5	-1	6	(1/2,1/2) tensor Sym^6(1/2,1/2)	K_0 c	M_n:h_0	4	exact
5	G_n	103	c_mu_1[P1^3*P2*P3^2]	diffeomorphism ghost c_mu	c_raw=c	1	0	-1	5	-1	6	(1/2,1/2) tensor Sym^6(1/2,1/2)	K_0 c	M_n:h_0	5	exact
5	G_n	104	c_mu_1[P1^3*P2^2*P3]	diffeomorphism ghost c_mu	c_raw=c	1	0	-1	5	-1	6	(1/2,1/2) tensor Sym^6(1/2,1/2)	K_0 c	M_n:h_0	5	exact
5	G_n	105	c_mu_1[P1^3*P2^3]	diffeomorphism ghost c_mu	c_raw=c	1	0	-1	5	-1	6	(1/2,1/2) tensor Sym^6(1/2,1/2)	K_0 c	M_n:h_0	4	exact
5	G_n	106	c_mu_1[P1^4*P3^2]	diffeomorphism ghost c_mu	c_raw=c	1	0	-1	5	-1	6	(1/2,1/2) tensor Sym^6(1/2,1/2)	K_0 c	M_n:h_0	4	exact
5	G_n	107	c_mu_1[P1^4*P2*P3]	diffeomorphism ghost c_mu	c_raw=c	1	0	-1	5	-1	6	(1/2,1/2) tensor Sym^6(1/2,1/2)	K_0 c	M_n:h_0	5	exact
5	G_n	108	c_mu_1[P1^4*P2^2]	diffeomorphism ghost c_mu	c_raw=c	1	0	-1	5	-1	6	(1/2,1/2) tensor Sym^6(1/2,1/2)	K_0 c	M_n:h_0	4	exact
5	G_n	109	c_mu_1[P1^5*P3]	diffeomorphism ghost c_mu	c_raw=c	1	0	-1	5	-1	6	(1/2,1/2) tensor Sym^6(1/2,1/2)	K_0 c	M_n:h_0	4	exact
5	G_n	110	c_mu_1[P1^5*P2]	diffeomorphism ghost c_mu	c_raw=c	1	0	-1	5	-1	6	(1/2,1/2) tensor Sym^6(1/2,1/2)	K_0 c	M_n:h_0	4	exact
5	G_n	111	c_mu_1[P1^6]	diffeomorphism ghost c_mu	c_raw=c	1	0	-1	5	-1	6	(1/2,1/2) tensor Sym^6(1/2,1/2)	K_0 c	M_n:h_0	3	exact
5	G_n	112	c_mu_1[P0*P3^5]	diffeomorphism ghost c_mu	c_raw=c	1	0	-1	5	-1	6	(1/2,1/2) tensor Sym^6(1/2,1/2)	K_0 c	M_n:h_0	2	exact
5	G_n	113	c_mu_1[P0*P2*P3^4]	diffeomorphism ghost c_mu	c_raw=c	1	0	-1	5	-1	6	(1/2,1/2) tensor Sym^6(1/2,1/2)	K_0 c	M_n:h_0	3	exact
5	G_n	114	c_mu_1[P0*P2^2*P3^3]	diffeomorphism ghost c_mu	c_raw=c	1	0	-1	5	-1	6	(1/2,1/2) tensor Sym^6(1/2,1/2)	K_0 c	M_n:h_0	3	exact
5	G_n	115	c_mu_1[P0*P2^3*P3^2]	diffeomorphism ghost c_mu	c_raw=c	1	0	-1	5	-1	6	(1/2,1/2) tensor Sym^6(1/2,1/2)	K_0 c	M_n:h_0	3	exact
5	G_n	116	c_mu_1[P0*P2^4*P3]	diffeomorphism ghost c_mu	c_raw=c	1	0	-1	5	-1	6	(1/2,1/2) tensor Sym^6(1/2,1/2)	K_0 c	M_n:h_0	3	exact
5	G_n	117	c_mu_1[P0*P2^5]	diffeomorphism ghost c_mu	c_raw=c	1	0	-1	5	-1	6	(1/2,1/2) tensor Sym^6(1/2,1/2)	K_0 c	M_n:h_0	2	exact
5	G_n	118	c_mu_1[P0*P1*P3^4]	diffeomorphism ghost c_mu	c_raw=c	1	0	-1	5	-1	6	(1/2,1/2) tensor Sym^6(1/2,1/2)	K_0 c	M_n:h_0	5	exact
5	G_n	119	c_mu_1[P0*P1*P2*P3^3]	diffeomorphism ghost c_mu	c_raw=c	1	0	-1	5	-1	6	(1/2,1/2) tensor Sym^6(1/2,1/2)	K_0 c	M_n:h_0	6	exact
5	G_n	120	c_mu_1[P0*P1*P2^2*P3^2]	diffeomorphism ghost c_mu	c_raw=c	1	0	-1	5	-1	6	(1/2,1/2) tensor Sym^6(1/2,1/2)	K_0 c	M_n:h_0	6	exact
5	G_n	121	c_mu_1[P0*P1*P2^3*P3]	diffeomorphism ghost c_mu	c_raw=c	1	0	-1	5	-1	6	(1/2,1/2) tensor Sym^6(1/2,1/2)	K_0 c	M_n:h_0	6	exact
5	G_n	122	c_mu_1[P0*P1*P2^4]	diffeomorphism ghost c_mu	c_raw=c	1	0	-1	5	-1	6	(1/2,1/2) tensor Sym^6(1/2,1/2)	K_0 c	M_n:h_0	5	exact
5	G_n	123	c_mu_1[P0*P1^2*P3^3]	diffeomorphism ghost c_mu	c_raw=c	1	0	-1	5	-1	6	(1/2,1/2) tensor Sym^6(1/2,1/2)	K_0 c	M_n:h_0	5	exact
5	G_n	124	c_mu_1[P0*P1^2*P2*P3^2]	diffeomorphism ghost c_mu	c_raw=c	1	0	-1	5	-1	6	(1/2,1/2) tensor Sym^6(1/2,1/2)	K_0 c	M_n:h_0	6	exact
5	G_n	125	c_mu_1[P0*P1^2*P2^2*P3]	diffeomorphism ghost c_mu	c_raw=c	1	0	-1	5	-1	6	(1/2,1/2) tensor Sym^6(1/2,1/2)	K_0 c	M_n:h_0	6	exact
5	G_n	126	c_mu_1[P0*P1^2*P2^3]	diffeomorphism ghost c_mu	c_raw=c	1	0	-1	5	-1	6	(1/2,1/2) tensor Sym^6(1/2,1/2)	K_0 c	M_n:h_0	5	exact
5	G_n	127	c_mu_1[P0*P1^3*P3^2]	diffeomorphism ghost c_mu	c_raw=c	1	0	-1	5	-1	6	(1/2,1/2) tensor Sym^6(1/2,1/2)	K_0 c	M_n:h_0	5	exact
5	G_n	128	c_mu_1[P0*P1^3*P2*P3]	diffeomorphism ghost c_mu	c_raw=c	1	0	-1	5	-1	6	(1/2,1/2) tensor Sym^6(1/2,1/2)	K_0 c	M_n:h_0	6	exact
5	G_n	129	c_mu_1[P0*P1^3*P2^2]	diffeomorphism ghost c_mu	c_raw=c	1	0	-1	5	-1	6	(1/2,1/2) tensor Sym^6(1/2,1/2)	K_0 c	M_n:h_0	5	exact
5	G_n	130	c_mu_1[P0*P1^4*P3]	diffeomorphism ghost c_mu	c_raw=c	1	0	-1	5	-1	6	(1/2,1/2) tensor Sym^6(1/2,1/2)	K_0 c	M_n:h_0	5	exact
5	G_n	131	c_mu_1[P0*P1^4*P2]	diffeomorphism ghost c_mu	c_raw=c	1	0	-1	5	-1	6	(1/2,1/2) tensor Sym^6(1/2,1/2)	K_0 c	M_n:h_0	5	exact
5	G_n	132	c_mu_1[P0*P1^5]	diffeomorphism ghost c_mu	c_raw=c	1	0	-1	5	-1	6	(1/2,1/2) tensor Sym^6(1/2,1/2)	K_0 c	M_n:h_0	4	exact
5	G_n	133	c_mu_1[P0^2*P3^4]	diffeomorphism ghost c_mu	c_raw=c	1	0	-1	5	-1	6	(1/2,1/2) tensor Sym^6(1/2,1/2)	K_0 c	M_n:h_0	2	exact
5	G_n	134	c_mu_1[P0^2*P2*P3^3]	diffeomorphism ghost c_mu	c_raw=c	1	0	-1	5	-1	6	(1/2,1/2) tensor Sym^6(1/2,1/2)	K_0 c	M_n:h_0	3	exact
5	G_n	135	c_mu_1[P0^2*P2^2*P3^2]	diffeomorphism ghost c_mu	c_raw=c	1	0	-1	5	-1	6	(1/2,1/2) tensor Sym^6(1/2,1/2)	K_0 c	M_n:h_0	3	exact
5	G_n	136	c_mu_1[P0^2*P2^3*P3]	diffeomorphism ghost c_mu	c_raw=c	1	0	-1	5	-1	6	(1/2,1/2) tensor Sym^6(1/2,1/2)	K_0 c	M_n:h_0	3	exact
5	G_n	137	c_mu_1[P0^2*P2^4]	diffeomorphism ghost c_mu	c_raw=c	1	0	-1	5	-1	6	(1/2,1/2) tensor Sym^6(1/2,1/2)	K_0 c	M_n:h_0	2	exact
5	G_n	138	c_mu_1[P0^2*P1*P3^3]	diffeomorphism ghost c_mu	c_raw=c	1	0	-1	5	-1	6	(1/2,1/2) tensor Sym^6(1/2,1/2)	K_0 c	M_n:h_0	5	exact
5	G_n	139	c_mu_1[P0^2*P1*P2*P3^2]	diffeomorphism ghost c_mu	c_raw=c	1	0	-1	5	-1	6	(1/2,1/2) tensor Sym^6(1/2,1/2)	K_0 c	M_n:h_0	6	exact
5	G_n	140	c_mu_1[P0^2*P1*P2^2*P3]	diffeomorphism ghost c_mu	c_raw=c	1	0	-1	5	-1	6	(1/2,1/2) tensor Sym^6(1/2,1/2)	K_0 c	M_n:h_0	6	exact
5	G_n	141	c_mu_1[P0^2*P1*P2^3]	diffeomorphism ghost c_mu	c_raw=c	1	0	-1	5	-1	6	(1/2,1/2) tensor Sym^6(1/2,1/2)	K_0 c	M_n:h_0	5	exact
5	G_n	142	c_mu_1[P0^2*P1^2*P3^2]	diffeomorphism ghost c_mu	c_raw=c	1	0	-1	5	-1	6	(1/2,1/2) tensor Sym^6(1/2,1/2)	K_0 c	M_n:h_0	5	exact
5	G_n	143	c_mu_1[P0^2*P1^2*P2*P3]	diffeomorphism ghost c_mu	c_raw=c	1	0	-1	5	-1	6	(1/2,1/2) tensor Sym^6(1/2,1/2)	K_0 c	M_n:h_0	6	exact
5	G_n	144	c_mu_1[P0^2*P1^2*P2^2]	diffeomorphism ghost c_mu	c_raw=c	1	0	-1	5	-1	6	(1/2,1/2) tensor Sym^6(1/2,1/2)	K_0 c	M_n:h_0	5	exact
5	G_n	145	c_mu_1[P0^2*P1^3*P3]	diffeomorphism ghost c_mu	c_raw=c	1	0	-1	5	-1	6	(1/2,1/2) tensor Sym^6(1/2,1/2)	K_0 c	M_n:h_0	5	exact
5	G_n	146	c_mu_1[P0^2*P1^3*P2]	diffeomorphism ghost c_mu	c_raw=c	1	0	-1	5	-1	6	(1/2,1/2) tensor Sym^6(1/2,1/2)	K_0 c	M_n:h_0	5	exact
5	G_n	147	c_mu_1[P0^2*P1^4]	diffeomorphism ghost c_mu	c_raw=c	1	0	-1	5	-1	6	(1/2,1/2) tensor Sym^6(1/2,1/2)	K_0 c	M_n:h_0	4	exact
5	G_n	148	c_mu_1[P0^3*P3^3]	diffeomorphism ghost c_mu	c_raw=c	1	0	-1	5	-1	6	(1/2,1/2) tensor Sym^6(1/2,1/2)	K_0 c	M_n:h_0	2	exact
5	G_n	149	c_mu_1[P0^3*P2*P3^2]	diffeomorphism ghost c_mu	c_raw=c	1	0	-1	5	-1	6	(1/2,1/2) tensor Sym^6(1/2,1/2)	K_0 c	M_n:h_0	3	exact
5	G_n	150	c_mu_1[P0^3*P2^2*P3]	diffeomorphism ghost c_mu	c_raw=c	1	0	-1	5	-1	6	(1/2,1/2) tensor Sym^6(1/2,1/2)	K_0 c	M_n:h_0	3	exact
5	G_n	151	c_mu_1[P0^3*P2^3]	diffeomorphism ghost c_mu	c_raw=c	1	0	-1	5	-1	6	(1/2,1/2) tensor Sym^6(1/2,1/2)	K_0 c	M_n:h_0	2	exact
5	G_n	152	c_mu_1[P0^3*P1*P3^2]	diffeomorphism ghost c_mu	c_raw=c	1	0	-1	5	-1	6	(1/2,1/2) tensor Sym^6(1/2,1/2)	K_0 c	M_n:h_0	5	exact
5	G_n	153	c_mu_1[P0^3*P1*P2*P3]	diffeomorphism ghost c_mu	c_raw=c	1	0	-1	5	-1	6	(1/2,1/2) tensor Sym^6(1/2,1/2)	K_0 c	M_n:h_0	6	exact
5	G_n	154	c_mu_1[P0^3*P1*P2^2]	diffeomorphism ghost c_mu	c_raw=c	1	0	-1	5	-1	6	(1/2,1/2) tensor Sym^6(1/2,1/2)	K_0 c	M_n:h_0	5	exact
5	G_n	155	c_mu_1[P0^3*P1^2*P3]	diffeomorphism ghost c_mu	c_raw=c	1	0	-1	5	-1	6	(1/2,1/2) tensor Sym^6(1/2,1/2)	K_0 c	M_n:h_0	5	exact
5	G_n	156	c_mu_1[P0^3*P1^2*P2]	diffeomorphism ghost c_mu	c_raw=c	1	0	-1	5	-1	6	(1/2,1/2) tensor Sym^6(1/2,1/2)	K_0 c	M_n:h_0	5	exact
5	G_n	157	c_mu_1[P0^3*P1^3]	diffeomorphism ghost c_mu	c_raw=c	1	0	-1	5	-1	6	(1/2,1/2) tensor Sym^6(1/2,1/2)	K_0 c	M_n:h_0	4	exact
5	G_n	158	c_mu_1[P0^4*P3^2]	diffeomorphism ghost c_mu	c_raw=c	1	0	-1	5	-1	6	(1/2,1/2) tensor Sym^6(1/2,1/2)	K_0 c	M_n:h_0	2	exact
5	G_n	159	c_mu_1[P0^4*P2*P3]	diffeomorphism ghost c_mu	c_raw=c	1	0	-1	5	-1	6	(1/2,1/2) tensor Sym^6(1/2,1/2)	K_0 c	M_n:h_0	3	exact
5	G_n	160	c_mu_1[P0^4*P2^2]	diffeomorphism ghost c_mu	c_raw=c	1	0	-1	5	-1	6	(1/2,1/2) tensor Sym^6(1/2,1/2)	K_0 c	M_n:h_0	2	exact
5	G_n	161	c_mu_1[P0^4*P1*P3]	diffeomorphism ghost c_mu	c_raw=c	1	0	-1	5	-1	6	(1/2,1/2) tensor Sym^6(1/2,1/2)	K_0 c	M_n:h_0	5	exact
5	G_n	162	c_mu_1[P0^4*P1*P2]	diffeomorphism ghost c_mu	c_raw=c	1	0	-1	5	-1	6	(1/2,1/2) tensor Sym^6(1/2,1/2)	K_0 c	M_n:h_0	5	exact
5	G_n	163	c_mu_1[P0^4*P1^2]	diffeomorphism ghost c_mu	c_raw=c	1	0	-1	5	-1	6	(1/2,1/2) tensor Sym^6(1/2,1/2)	K_0 c	M_n:h_0	4	exact
5	G_n	164	c_mu_1[P0^5*P3]	diffeomorphism ghost c_mu	c_raw=c	1	0	-1	5	-1	6	(1/2,1/2) tensor Sym^6(1/2,1/2)	K_0 c	M_n:h_0	2	exact
5	G_n	165	c_mu_1[P0^5*P2]	diffeomorphism ghost c_mu	c_raw=c	1	0	-1	5	-1	6	(1/2,1/2) tensor Sym^6(1/2,1/2)	K_0 c	M_n:h_0	2	exact
5	G_n	166	c_mu_1[P0^5*P1]	diffeomorphism ghost c_mu	c_raw=c	1	0	-1	5	-1	6	(1/2,1/2) tensor Sym^6(1/2,1/2)	K_0 c	M_n:h_0	4	exact
5	G_n	167	c_mu_1[P0^6]	diffeomorphism ghost c_mu	c_raw=c	1	0	-1	5	-1	6	(1/2,1/2) tensor Sym^6(1/2,1/2)	K_0 c	M_n:h_0	1	exact
5	G_n	168	c_mu_2[P3^6]	diffeomorphism ghost c_mu	c_raw=c	1	0	-1	5	-1	6	(1/2,1/2) tensor Sym^6(1/2,1/2)	K_0 c	M_n:h_0	1	exact
5	G_n	169	c_mu_2[P2*P3^5]	diffeomorphism ghost c_mu	c_raw=c	1	0	-1	5	-1	6	(1/2,1/2) tensor Sym^6(1/2,1/2)	K_0 c	M_n:h_0	4	exact
5	G_n	170	c_mu_2[P2^2*P3^4]	diffeomorphism ghost c_mu	c_raw=c	1	0	-1	5	-1	6	(1/2,1/2) tensor Sym^6(1/2,1/2)	K_0 c	M_n:h_0	4	exact
5	G_n	171	c_mu_2[P2^3*P3^3]	diffeomorphism ghost c_mu	c_raw=c	1	0	-1	5	-1	6	(1/2,1/2) tensor Sym^6(1/2,1/2)	K_0 c	M_n:h_0	4	exact
5	G_n	172	c_mu_2[P2^4*P3^2]	diffeomorphism ghost c_mu	c_raw=c	1	0	-1	5	-1	6	(1/2,1/2) tensor Sym^6(1/2,1/2)	K_0 c	M_n:h_0	4	exact
5	G_n	173	c_mu_2[P2^5*P3]	diffeomorphism ghost c_mu	c_raw=c	1	0	-1	5	-1	6	(1/2,1/2) tensor Sym^6(1/2,1/2)	K_0 c	M_n:h_0	4	exact
5	G_n	174	c_mu_2[P2^6]	diffeomorphism ghost c_mu	c_raw=c	1	0	-1	5	-1	6	(1/2,1/2) tensor Sym^6(1/2,1/2)	K_0 c	M_n:h_0	3	exact
5	G_n	175	c_mu_2[P1*P3^5]	diffeomorphism ghost c_mu	c_raw=c	1	0	-1	5	-1	6	(1/2,1/2) tensor Sym^6(1/2,1/2)	K_0 c	M_n:h_0	2	exact
5	G_n	176	c_mu_2[P1*P2*P3^4]	diffeomorphism ghost c_mu	c_raw=c	1	0	-1	5	-1	6	(1/2,1/2) tensor Sym^6(1/2,1/2)	K_0 c	M_n:h_0	5	exact
5	G_n	177	c_mu_2[P1*P2^2*P3^3]	diffeomorphism ghost c_mu	c_raw=c	1	0	-1	5	-1	6	(1/2,1/2) tensor Sym^6(1/2,1/2)	K_0 c	M_n:h_0	5	exact
5	G_n	178	c_mu_2[P1*P2^3*P3^2]	diffeomorphism ghost c_mu	c_raw=c	1	0	-1	5	-1	6	(1/2,1/2) tensor Sym^6(1/2,1/2)	K_0 c	M_n:h_0	5	exact
5	G_n	179	c_mu_2[P1*P2^4*P3]	diffeomorphism ghost c_mu	c_raw=c	1	0	-1	5	-1	6	(1/2,1/2) tensor Sym^6(1/2,1/2)	K_0 c	M_n:h_0	5	exact
5	G_n	180	c_mu_2[P1*P2^5]	diffeomorphism ghost c_mu	c_raw=c	1	0	-1	5	-1	6	(1/2,1/2) tensor Sym^6(1/2,1/2)	K_0 c	M_n:h_0	4	exact
5	G_n	181	c_mu_2[P1^2*P3^4]	diffeomorphism ghost c_mu	c_raw=c	1	0	-1	5	-1	6	(1/2,1/2) tensor Sym^6(1/2,1/2)	K_0 c	M_n:h_0	2	exact
5	G_n	182	c_mu_2[P1^2*P2*P3^3]	diffeomorphism ghost c_mu	c_raw=c	1	0	-1	5	-1	6	(1/2,1/2) tensor Sym^6(1/2,1/2)	K_0 c	M_n:h_0	5	exact
5	G_n	183	c_mu_2[P1^2*P2^2*P3^2]	diffeomorphism ghost c_mu	c_raw=c	1	0	-1	5	-1	6	(1/2,1/2) tensor Sym^6(1/2,1/2)	K_0 c	M_n:h_0	5	exact
5	G_n	184	c_mu_2[P1^2*P2^3*P3]	diffeomorphism ghost c_mu	c_raw=c	1	0	-1	5	-1	6	(1/2,1/2) tensor Sym^6(1/2,1/2)	K_0 c	M_n:h_0	5	exact
5	G_n	185	c_mu_2[P1^2*P2^4]	diffeomorphism ghost c_mu	c_raw=c	1	0	-1	5	-1	6	(1/2,1/2) tensor Sym^6(1/2,1/2)	K_0 c	M_n:h_0	4	exact
5	G_n	186	c_mu_2[P1^3*P3^3]	diffeomorphism ghost c_mu	c_raw=c	1	0	-1	5	-1	6	(1/2,1/2) tensor Sym^6(1/2,1/2)	K_0 c	M_n:h_0	2	exact
5	G_n	187	c_mu_2[P1^3*P2*P3^2]	diffeomorphism ghost c_mu	c_raw=c	1	0	-1	5	-1	6	(1/2,1/2) tensor Sym^6(1/2,1/2)	K_0 c	M_n:h_0	5	exact
5	G_n	188	c_mu_2[P1^3*P2^2*P3]	diffeomorphism ghost c_mu	c_raw=c	1	0	-1	5	-1	6	(1/2,1/2) tensor Sym^6(1/2,1/2)	K_0 c	M_n:h_0	5	exact
5	G_n	189	c_mu_2[P1^3*P2^3]	diffeomorphism ghost c_mu	c_raw=c	1	0	-1	5	-1	6	(1/2,1/2) tensor Sym^6(1/2,1/2)	K_0 c	M_n:h_0	4	exact
5	G_n	190	c_mu_2[P1^4*P3^2]	diffeomorphism ghost c_mu	c_raw=c	1	0	-1	5	-1	6	(1/2,1/2) tensor Sym^6(1/2,1/2)	K_0 c	M_n:h_0	2	exact
5	G_n	191	c_mu_2[P1^4*P2*P3]	diffeomorphism ghost c_mu	c_raw=c	1	0	-1	5	-1	6	(1/2,1/2) tensor Sym^6(1/2,1/2)	K_0 c	M_n:h_0	5	exact
5	G_n	192	c_mu_2[P1^4*P2^2]	diffeomorphism ghost c_mu	c_raw=c	1	0	-1	5	-1	6	(1/2,1/2) tensor Sym^6(1/2,1/2)	K_0 c	M_n:h_0	4	exact
5	G_n	193	c_mu_2[P1^5*P3]	diffeomorphism ghost c_mu	c_raw=c	1	0	-1	5	-1	6	(1/2,1/2) tensor Sym^6(1/2,1/2)	K_0 c	M_n:h_0	2	exact
5	G_n	194	c_mu_2[P1^5*P2]	diffeomorphism ghost c_mu	c_raw=c	1	0	-1	5	-1	6	(1/2,1/2) tensor Sym^6(1/2,1/2)	K_0 c	M_n:h_0	4	exact
5	G_n	195	c_mu_2[P1^6]	diffeomorphism ghost c_mu	c_raw=c	1	0	-1	5	-1	6	(1/2,1/2) tensor Sym^6(1/2,1/2)	K_0 c	M_n:h_0	1	exact
5	G_n	196	c_mu_2[P0*P3^5]	diffeomorphism ghost c_mu	c_raw=c	1	0	-1	5	-1	6	(1/2,1/2) tensor Sym^6(1/2,1/2)	K_0 c	M_n:h_0	2	exact
5	G_n	197	c_mu_2[P0*P2*P3^4]	diffeomorphism ghost c_mu	c_raw=c	1	0	-1	5	-1	6	(1/2,1/2) tensor Sym^6(1/2,1/2)	K_0 c	M_n:h_0	5	exact
5	G_n	198	c_mu_2[P0*P2^2*P3^3]	diffeomorphism ghost c_mu	c_raw=c	1	0	-1	5	-1	6	(1/2,1/2) tensor Sym^6(1/2,1/2)	K_0 c	M_n:h_0	5	exact
5	G_n	199	c_mu_2[P0*P2^3*P3^2]	diffeomorphism ghost c_mu	c_raw=c	1	0	-1	5	-1	6	(1/2,1/2) tensor Sym^6(1/2,1/2)	K_0 c	M_n:h_0	5	exact
5	G_n	200	c_mu_2[P0*P2^4*P3]	diffeomorphism ghost c_mu	c_raw=c	1	0	-1	5	-1	6	(1/2,1/2) tensor Sym^6(1/2,1/2)	K_0 c	M_n:h_0	5	exact
5	G_n	201	c_mu_2[P0*P2^5]	diffeomorphism ghost c_mu	c_raw=c	1	0	-1	5	-1	6	(1/2,1/2) tensor Sym^6(1/2,1/2)	K_0 c	M_n:h_0	4	exact
5	G_n	202	c_mu_2[P0*P1*P3^4]	diffeomorphism ghost c_mu	c_raw=c	1	0	-1	5	-1	6	(1/2,1/2) tensor Sym^6(1/2,1/2)	K_0 c	M_n:h_0	3	exact
5	G_n	203	c_mu_2[P0*P1*P2*P3^3]	diffeomorphism ghost c_mu	c_raw=c	1	0	-1	5	-1	6	(1/2,1/2) tensor Sym^6(1/2,1/2)	K_0 c	M_n:h_0	6	exact
5	G_n	204	c_mu_2[P0*P1*P2^2*P3^2]	diffeomorphism ghost c_mu	c_raw=c	1	0	-1	5	-1	6	(1/2,1/2) tensor Sym^6(1/2,1/2)	K_0 c	M_n:h_0	6	exact
5	G_n	205	c_mu_2[P0*P1*P2^3*P3]	diffeomorphism ghost c_mu	c_raw=c	1	0	-1	5	-1	6	(1/2,1/2) tensor Sym^6(1/2,1/2)	K_0 c	M_n:h_0	6	exact
5	G_n	206	c_mu_2[P0*P1*P2^4]	diffeomorphism ghost c_mu	c_raw=c	1	0	-1	5	-1	6	(1/2,1/2) tensor Sym^6(1/2,1/2)	K_0 c	M_n:h_0	5	exact
5	G_n	207	c_mu_2[P0*P1^2*P3^3]	diffeomorphism ghost c_mu	c_raw=c	1	0	-1	5	-1	6	(1/2,1/2) tensor Sym^6(1/2,1/2)	K_0 c	M_n:h_0	3	exact
5	G_n	208	c_mu_2[P0*P1^2*P2*P3^2]	diffeomorphism ghost c_mu	c_raw=c	1	0	-1	5	-1	6	(1/2,1/2) tensor Sym^6(1/2,1/2)	K_0 c	M_n:h_0	6	exact
5	G_n	209	c_mu_2[P0*P1^2*P2^2*P3]	diffeomorphism ghost c_mu	c_raw=c	1	0	-1	5	-1	6	(1/2,1/2) tensor Sym^6(1/2,1/2)	K_0 c	M_n:h_0	6	exact
5	G_n	210	c_mu_2[P0*P1^2*P2^3]	diffeomorphism ghost c_mu	c_raw=c	1	0	-1	5	-1	6	(1/2,1/2) tensor Sym^6(1/2,1/2)	K_0 c	M_n:h_0	5	exact
5	G_n	211	c_mu_2[P0*P1^3*P3^2]	diffeomorphism ghost c_mu	c_raw=c	1	0	-1	5	-1	6	(1/2,1/2) tensor Sym^6(1/2,1/2)	K_0 c	M_n:h_0	3	exact
5	G_n	212	c_mu_2[P0*P1^3*P2*P3]	diffeomorphism ghost c_mu	c_raw=c	1	0	-1	5	-1	6	(1/2,1/2) tensor Sym^6(1/2,1/2)	K_0 c	M_n:h_0	6	exact
5	G_n	213	c_mu_2[P0*P1^3*P2^2]	diffeomorphism ghost c_mu	c_raw=c	1	0	-1	5	-1	6	(1/2,1/2) tensor Sym^6(1/2,1/2)	K_0 c	M_n:h_0	5	exact
5	G_n	214	c_mu_2[P0*P1^4*P3]	diffeomorphism ghost c_mu	c_raw=c	1	0	-1	5	-1	6	(1/2,1/2) tensor Sym^6(1/2,1/2)	K_0 c	M_n:h_0	3	exact
5	G_n	215	c_mu_2[P0*P1^4*P2]	diffeomorphism ghost c_mu	c_raw=c	1	0	-1	5	-1	6	(1/2,1/2) tensor Sym^6(1/2,1/2)	K_0 c	M_n:h_0	5	exact
5	G_n	216	c_mu_2[P0*P1^5]	diffeomorphism ghost c_mu	c_raw=c	1	0	-1	5	-1	6	(1/2,1/2) tensor Sym^6(1/2,1/2)	K_0 c	M_n:h_0	2	exact
5	G_n	217	c_mu_2[P0^2*P3^4]	diffeomorphism ghost c_mu	c_raw=c	1	0	-1	5	-1	6	(1/2,1/2) tensor Sym^6(1/2,1/2)	K_0 c	M_n:h_0	2	exact
5	G_n	218	c_mu_2[P0^2*P2*P3^3]	diffeomorphism ghost c_mu	c_raw=c	1	0	-1	5	-1	6	(1/2,1/2) tensor Sym^6(1/2,1/2)	K_0 c	M_n:h_0	5	exact
5	G_n	219	c_mu_2[P0^2*P2^2*P3^2]	diffeomorphism ghost c_mu	c_raw=c	1	0	-1	5	-1	6	(1/2,1/2) tensor Sym^6(1/2,1/2)	K_0 c	M_n:h_0	5	exact
5	G_n	220	c_mu_2[P0^2*P2^3*P3]	diffeomorphism ghost c_mu	c_raw=c	1	0	-1	5	-1	6	(1/2,1/2) tensor Sym^6(1/2,1/2)	K_0 c	M_n:h_0	5	exact
5	G_n	221	c_mu_2[P0^2*P2^4]	diffeomorphism ghost c_mu	c_raw=c	1	0	-1	5	-1	6	(1/2,1/2) tensor Sym^6(1/2,1/2)	K_0 c	M_n:h_0	4	exact
5	G_n	222	c_mu_2[P0^2*P1*P3^3]	diffeomorphism ghost c_mu	c_raw=c	1	0	-1	5	-1	6	(1/2,1/2) tensor Sym^6(1/2,1/2)	K_0 c	M_n:h_0	3	exact
5	G_n	223	c_mu_2[P0^2*P1*P2*P3^2]	diffeomorphism ghost c_mu	c_raw=c	1	0	-1	5	-1	6	(1/2,1/2) tensor Sym^6(1/2,1/2)	K_0 c	M_n:h_0	6	exact
5	G_n	224	c_mu_2[P0^2*P1*P2^2*P3]	diffeomorphism ghost c_mu	c_raw=c	1	0	-1	5	-1	6	(1/2,1/2) tensor Sym^6(1/2,1/2)	K_0 c	M_n:h_0	6	exact
5	G_n	225	c_mu_2[P0^2*P1*P2^3]	diffeomorphism ghost c_mu	c_raw=c	1	0	-1	5	-1	6	(1/2,1/2) tensor Sym^6(1/2,1/2)	K_0 c	M_n:h_0	5	exact
5	G_n	226	c_mu_2[P0^2*P1^2*P3^2]	diffeomorphism ghost c_mu	c_raw=c	1	0	-1	5	-1	6	(1/2,1/2) tensor Sym^6(1/2,1/2)	K_0 c	M_n:h_0	3	exact
5	G_n	227	c_mu_2[P0^2*P1^2*P2*P3]	diffeomorphism ghost c_mu	c_raw=c	1	0	-1	5	-1	6	(1/2,1/2) tensor Sym^6(1/2,1/2)	K_0 c	M_n:h_0	6	exact
5	G_n	228	c_mu_2[P0^2*P1^2*P2^2]	diffeomorphism ghost c_mu	c_raw=c	1	0	-1	5	-1	6	(1/2,1/2) tensor Sym^6(1/2,1/2)	K_0 c	M_n:h_0	5	exact
5	G_n	229	c_mu_2[P0^2*P1^3*P3]	diffeomorphism ghost c_mu	c_raw=c	1	0	-1	5	-1	6	(1/2,1/2) tensor Sym^6(1/2,1/2)	K_0 c	M_n:h_0	3	exact
5	G_n	230	c_mu_2[P0^2*P1^3*P2]	diffeomorphism ghost c_mu	c_raw=c	1	0	-1	5	-1	6	(1/2,1/2) tensor Sym^6(1/2,1/2)	K_0 c	M_n:h_0	5	exact
5	G_n	231	c_mu_2[P0^2*P1^4]	diffeomorphism ghost c_mu	c_raw=c	1	0	-1	5	-1	6	(1/2,1/2) tensor Sym^6(1/2,1/2)	K_0 c	M_n:h_0	2	exact
5	G_n	232	c_mu_2[P0^3*P3^3]	diffeomorphism ghost c_mu	c_raw=c	1	0	-1	5	-1	6	(1/2,1/2) tensor Sym^6(1/2,1/2)	K_0 c	M_n:h_0	2	exact
5	G_n	233	c_mu_2[P0^3*P2*P3^2]	diffeomorphism ghost c_mu	c_raw=c	1	0	-1	5	-1	6	(1/2,1/2) tensor Sym^6(1/2,1/2)	K_0 c	M_n:h_0	5	exact
5	G_n	234	c_mu_2[P0^3*P2^2*P3]	diffeomorphism ghost c_mu	c_raw=c	1	0	-1	5	-1	6	(1/2,1/2) tensor Sym^6(1/2,1/2)	K_0 c	M_n:h_0	5	exact
5	G_n	235	c_mu_2[P0^3*P2^3]	diffeomorphism ghost c_mu	c_raw=c	1	0	-1	5	-1	6	(1/2,1/2) tensor Sym^6(1/2,1/2)	K_0 c	M_n:h_0	4	exact
5	G_n	236	c_mu_2[P0^3*P1*P3^2]	diffeomorphism ghost c_mu	c_raw=c	1	0	-1	5	-1	6	(1/2,1/2) tensor Sym^6(1/2,1/2)	K_0 c	M_n:h_0	3	exact
5	G_n	237	c_mu_2[P0^3*P1*P2*P3]	diffeomorphism ghost c_mu	c_raw=c	1	0	-1	5	-1	6	(1/2,1/2) tensor Sym^6(1/2,1/2)	K_0 c	M_n:h_0	6	exact
5	G_n	238	c_mu_2[P0^3*P1*P2^2]	diffeomorphism ghost c_mu	c_raw=c	1	0	-1	5	-1	6	(1/2,1/2) tensor Sym^6(1/2,1/2)	K_0 c	M_n:h_0	5	exact
5	G_n	239	c_mu_2[P0^3*P1^2*P3]	diffeomorphism ghost c_mu	c_raw=c	1	0	-1	5	-1	6	(1/2,1/2) tensor Sym^6(1/2,1/2)	K_0 c	M_n:h_0	3	exact
5	G_n	240	c_mu_2[P0^3*P1^2*P2]	diffeomorphism ghost c_mu	c_raw=c	1	0	-1	5	-1	6	(1/2,1/2) tensor Sym^6(1/2,1/2)	K_0 c	M_n:h_0	5	exact
5	G_n	241	c_mu_2[P0^3*P1^3]	diffeomorphism ghost c_mu	c_raw=c	1	0	-1	5	-1	6	(1/2,1/2) tensor Sym^6(1/2,1/2)	K_0 c	M_n:h_0	2	exact
5	G_n	242	c_mu_2[P0^4*P3^2]	diffeomorphism ghost c_mu	c_raw=c	1	0	-1	5	-1	6	(1/2,1/2) tensor Sym^6(1/2,1/2)	K_0 c	M_n:h_0	2	exact
5	G_n	243	c_mu_2[P0^4*P2*P3]	diffeomorphism ghost c_mu	c_raw=c	1	0	-1	5	-1	6	(1/2,1/2) tensor Sym^6(1/2,1/2)	K_0 c	M_n:h_0	5	exact
5	G_n	244	c_mu_2[P0^4*P2^2]	diffeomorphism ghost c_mu	c_raw=c	1	0	-1	5	-1	6	(1/2,1/2) tensor Sym^6(1/2,1/2)	K_0 c	M_n:h_0	4	exact
5	G_n	245	c_mu_2[P0^4*P1*P3]	diffeomorphism ghost c_mu	c_raw=c	1	0	-1	5	-1	6	(1/2,1/2) tensor Sym^6(1/2,1/2)	K_0 c	M_n:h_0	3	exact
5	G_n	246	c_mu_2[P0^4*P1*P2]	diffeomorphism ghost c_mu	c_raw=c	1	0	-1	5	-1	6	(1/2,1/2) tensor Sym^6(1/2,1/2)	K_0 c	M_n:h_0	5	exact
5	G_n	247	c_mu_2[P0^4*P1^2]	diffeomorphism ghost c_mu	c_raw=c	1	0	-1	5	-1	6	(1/2,1/2) tensor Sym^6(1/2,1/2)	K_0 c	M_n:h_0	2	exact
5	G_n	248	c_mu_2[P0^5*P3]	diffeomorphism ghost c_mu	c_raw=c	1	0	-1	5	-1	6	(1/2,1/2) tensor Sym^6(1/2,1/2)	K_0 c	M_n:h_0	2	exact
5	G_n	249	c_mu_2[P0^5*P2]	diffeomorphism ghost c_mu	c_raw=c	1	0	-1	5	-1	6	(1/2,1/2) tensor Sym^6(1/2,1/2)	K_0 c	M_n:h_0	4	exact
5	G_n	250	c_mu_2[P0^5*P1]	diffeomorphism ghost c_mu	c_raw=c	1	0	-1	5	-1	6	(1/2,1/2) tensor Sym^6(1/2,1/2)	K_0 c	M_n:h_0	2	exact
5	G_n	251	c_mu_2[P0^6]	diffeomorphism ghost c_mu	c_raw=c	1	0	-1	5	-1	6	(1/2,1/2) tensor Sym^6(1/2,1/2)	K_0 c	M_n:h_0	1	exact
5	G_n	252	c_mu_3[P3^6]	diffeomorphism ghost c_mu	c_raw=c	1	0	-1	5	-1	6	(1/2,1/2) tensor Sym^6(1/2,1/2)	K_0 c	M_n:h_0	3	exact
5	G_n	253	c_mu_3[P2*P3^5]	diffeomorphism ghost c_mu	c_raw=c	1	0	-1	5	-1	6	(1/2,1/2) tensor Sym^6(1/2,1/2)	K_0 c	M_n:h_0	4	exact
5	G_n	254	c_mu_3[P2^2*P3^4]	diffeomorphism ghost c_mu	c_raw=c	1	0	-1	5	-1	6	(1/2,1/2) tensor Sym^6(1/2,1/2)	K_0 c	M_n:h_0	4	exact
5	G_n	255	c_mu_3[P2^3*P3^3]	diffeomorphism ghost c_mu	c_raw=c	1	0	-1	5	-1	6	(1/2,1/2) tensor Sym^6(1/2,1/2)	K_0 c	M_n:h_0	4	exact
5	G_n	256	c_mu_3[P2^4*P3^2]	diffeomorphism ghost c_mu	c_raw=c	1	0	-1	5	-1	6	(1/2,1/2) tensor Sym^6(1/2,1/2)	K_0 c	M_n:h_0	4	exact
5	G_n	257	c_mu_3[P2^5*P3]	diffeomorphism ghost c_mu	c_raw=c	1	0	-1	5	-1	6	(1/2,1/2) tensor Sym^6(1/2,1/2)	K_0 c	M_n:h_0	4	exact
5	G_n	258	c_mu_3[P2^6]	diffeomorphism ghost c_mu	c_raw=c	1	0	-1	5	-1	6	(1/2,1/2) tensor Sym^6(1/2,1/2)	K_0 c	M_n:h_0	1	exact
5	G_n	259	c_mu_3[P1*P3^5]	diffeomorphism ghost c_mu	c_raw=c	1	0	-1	5	-1	6	(1/2,1/2) tensor Sym^6(1/2,1/2)	K_0 c	M_n:h_0	4	exact
5	G_n	260	c_mu_3[P1*P2*P3^4]	diffeomorphism ghost c_mu	c_raw=c	1	0	-1	5	-1	6	(1/2,1/2) tensor Sym^6(1/2,1/2)	K_0 c	M_n:h_0	5	exact
5	G_n	261	c_mu_3[P1*P2^2*P3^3]	diffeomorphism ghost c_mu	c_raw=c	1	0	-1	5	-1	6	(1/2,1/2) tensor Sym^6(1/2,1/2)	K_0 c	M_n:h_0	5	exact
5	G_n	262	c_mu_3[P1*P2^3*P3^2]	diffeomorphism ghost c_mu	c_raw=c	1	0	-1	5	-1	6	(1/2,1/2) tensor Sym^6(1/2,1/2)	K_0 c	M_n:h_0	5	exact
5	G_n	263	c_mu_3[P1*P2^4*P3]	diffeomorphism ghost c_mu	c_raw=c	1	0	-1	5	-1	6	(1/2,1/2) tensor Sym^6(1/2,1/2)	K_0 c	M_n:h_0	5	exact
5	G_n	264	c_mu_3[P1*P2^5]	diffeomorphism ghost c_mu	c_raw=c	1	0	-1	5	-1	6	(1/2,1/2) tensor Sym^6(1/2,1/2)	K_0 c	M_n:h_0	2	exact
5	G_n	265	c_mu_3[P1^2*P3^4]	diffeomorphism ghost c_mu	c_raw=c	1	0	-1	5	-1	6	(1/2,1/2) tensor Sym^6(1/2,1/2)	K_0 c	M_n:h_0	4	exact
5	G_n	266	c_mu_3[P1^2*P2*P3^3]	diffeomorphism ghost c_mu	c_raw=c	1	0	-1	5	-1	6	(1/2,1/2) tensor Sym^6(1/2,1/2)	K_0 c	M_n:h_0	5	exact
5	G_n	267	c_mu_3[P1^2*P2^2*P3^2]	diffeomorphism ghost c_mu	c_raw=c	1	0	-1	5	-1	6	(1/2,1/2) tensor Sym^6(1/2,1/2)	K_0 c	M_n:h_0	5	exact
5	G_n	268	c_mu_3[P1^2*P2^3*P3]	diffeomorphism ghost c_mu	c_raw=c	1	0	-1	5	-1	6	(1/2,1/2) tensor Sym^6(1/2,1/2)	K_0 c	M_n:h_0	5	exact
5	G_n	269	c_mu_3[P1^2*P2^4]	diffeomorphism ghost c_mu	c_raw=c	1	0	-1	5	-1	6	(1/2,1/2) tensor Sym^6(1/2,1/2)	K_0 c	M_n:h_0	2	exact
5	G_n	270	c_mu_3[P1^3*P3^3]	diffeomorphism ghost c_mu	c_raw=c	1	0	-1	5	-1	6	(1/2,1/2) tensor Sym^6(1/2,1/2)	K_0 c	M_n:h_0	4	exact
5	G_n	271	c_mu_3[P1^3*P2*P3^2]	diffeomorphism ghost c_mu	c_raw=c	1	0	-1	5	-1	6	(1/2,1/2) tensor Sym^6(1/2,1/2)	K_0 c	M_n:h_0	5	exact
5	G_n	272	c_mu_3[P1^3*P2^2*P3]	diffeomorphism ghost c_mu	c_raw=c	1	0	-1	5	-1	6	(1/2,1/2) tensor Sym^6(1/2,1/2)	K_0 c	M_n:h_0	5	exact
5	G_n	273	c_mu_3[P1^3*P2^3]	diffeomorphism ghost c_mu	c_raw=c	1	0	-1	5	-1	6	(1/2,1/2) tensor Sym^6(1/2,1/2)	K_0 c	M_n:h_0	2	exact
5	G_n	274	c_mu_3[P1^4*P3^2]	diffeomorphism ghost c_mu	c_raw=c	1	0	-1	5	-1	6	(1/2,1/2) tensor Sym^6(1/2,1/2)	K_0 c	M_n:h_0	4	exact
5	G_n	275	c_mu_3[P1^4*P2*P3]	diffeomorphism ghost c_mu	c_raw=c	1	0	-1	5	-1	6	(1/2,1/2) tensor Sym^6(1/2,1/2)	K_0 c	M_n:h_0	5	exact
5	G_n	276	c_mu_3[P1^4*P2^2]	diffeomorphism ghost c_mu	c_raw=c	1	0	-1	5	-1	6	(1/2,1/2) tensor Sym^6(1/2,1/2)	K_0 c	M_n:h_0	2	exact
5	G_n	277	c_mu_3[P1^5*P3]	diffeomorphism ghost c_mu	c_raw=c	1	0	-1	5	-1	6	(1/2,1/2) tensor Sym^6(1/2,1/2)	K_0 c	M_n:h_0	4	exact
5	G_n	278	c_mu_3[P1^5*P2]	diffeomorphism ghost c_mu	c_raw=c	1	0	-1	5	-1	6	(1/2,1/2) tensor Sym^6(1/2,1/2)	K_0 c	M_n:h_0	2	exact
5	G_n	279	c_mu_3[P1^6]	diffeomorphism ghost c_mu	c_raw=c	1	0	-1	5	-1	6	(1/2,1/2) tensor Sym^6(1/2,1/2)	K_0 c	M_n:h_0	1	exact
5	G_n	280	c_mu_3[P0*P3^5]	diffeomorphism ghost c_mu	c_raw=c	1	0	-1	5	-1	6	(1/2,1/2) tensor Sym^6(1/2,1/2)	K_0 c	M_n:h_0	4	exact
5	G_n	281	c_mu_3[P0*P2*P3^4]	diffeomorphism ghost c_mu	c_raw=c	1	0	-1	5	-1	6	(1/2,1/2) tensor Sym^6(1/2,1/2)	K_0 c	M_n:h_0	5	exact
5	G_n	282	c_mu_3[P0*P2^2*P3^3]	diffeomorphism ghost c_mu	c_raw=c	1	0	-1	5	-1	6	(1/2,1/2) tensor Sym^6(1/2,1/2)	K_0 c	M_n:h_0	5	exact
5	G_n	283	c_mu_3[P0*P2^3*P3^2]	diffeomorphism ghost c_mu	c_raw=c	1	0	-1	5	-1	6	(1/2,1/2) tensor Sym^6(1/2,1/2)	K_0 c	M_n:h_0	5	exact
5	G_n	284	c_mu_3[P0*P2^4*P3]	diffeomorphism ghost c_mu	c_raw=c	1	0	-1	5	-1	6	(1/2,1/2) tensor Sym^6(1/2,1/2)	K_0 c	M_n:h_0	5	exact
5	G_n	285	c_mu_3[P0*P2^5]	diffeomorphism ghost c_mu	c_raw=c	1	0	-1	5	-1	6	(1/2,1/2) tensor Sym^6(1/2,1/2)	K_0 c	M_n:h_0	2	exact
5	G_n	286	c_mu_3[P0*P1*P3^4]	diffeomorphism ghost c_mu	c_raw=c	1	0	-1	5	-1	6	(1/2,1/2) tensor Sym^6(1/2,1/2)	K_0 c	M_n:h_0	5	exact
5	G_n	287	c_mu_3[P0*P1*P2*P3^3]	diffeomorphism ghost c_mu	c_raw=c	1	0	-1	5	-1	6	(1/2,1/2) tensor Sym^6(1/2,1/2)	K_0 c	M_n:h_0	6	exact
5	G_n	288	c_mu_3[P0*P1*P2^2*P3^2]	diffeomorphism ghost c_mu	c_raw=c	1	0	-1	5	-1	6	(1/2,1/2) tensor Sym^6(1/2,1/2)	K_0 c	M_n:h_0	6	exact
5	G_n	289	c_mu_3[P0*P1*P2^3*P3]	diffeomorphism ghost c_mu	c_raw=c	1	0	-1	5	-1	6	(1/2,1/2) tensor Sym^6(1/2,1/2)	K_0 c	M_n:h_0	6	exact
5	G_n	290	c_mu_3[P0*P1*P2^4]	diffeomorphism ghost c_mu	c_raw=c	1	0	-1	5	-1	6	(1/2,1/2) tensor Sym^6(1/2,1/2)	K_0 c	M_n:h_0	3	exact
5	G_n	291	c_mu_3[P0*P1^2*P3^3]	diffeomorphism ghost c_mu	c_raw=c	1	0	-1	5	-1	6	(1/2,1/2) tensor Sym^6(1/2,1/2)	K_0 c	M_n:h_0	5	exact
5	G_n	292	c_mu_3[P0*P1^2*P2*P3^2]	diffeomorphism ghost c_mu	c_raw=c	1	0	-1	5	-1	6	(1/2,1/2) tensor Sym^6(1/2,1/2)	K_0 c	M_n:h_0	6	exact
5	G_n	293	c_mu_3[P0*P1^2*P2^2*P3]	diffeomorphism ghost c_mu	c_raw=c	1	0	-1	5	-1	6	(1/2,1/2) tensor Sym^6(1/2,1/2)	K_0 c	M_n:h_0	6	exact
5	G_n	294	c_mu_3[P0*P1^2*P2^3]	diffeomorphism ghost c_mu	c_raw=c	1	0	-1	5	-1	6	(1/2,1/2) tensor Sym^6(1/2,1/2)	K_0 c	M_n:h_0	3	exact
5	G_n	295	c_mu_3[P0*P1^3*P3^2]	diffeomorphism ghost c_mu	c_raw=c	1	0	-1	5	-1	6	(1/2,1/2) tensor Sym^6(1/2,1/2)	K_0 c	M_n:h_0	5	exact
5	G_n	296	c_mu_3[P0*P1^3*P2*P3]	diffeomorphism ghost c_mu	c_raw=c	1	0	-1	5	-1	6	(1/2,1/2) tensor Sym^6(1/2,1/2)	K_0 c	M_n:h_0	6	exact
5	G_n	297	c_mu_3[P0*P1^3*P2^2]	diffeomorphism ghost c_mu	c_raw=c	1	0	-1	5	-1	6	(1/2,1/2) tensor Sym^6(1/2,1/2)	K_0 c	M_n:h_0	3	exact
5	G_n	298	c_mu_3[P0*P1^4*P3]	diffeomorphism ghost c_mu	c_raw=c	1	0	-1	5	-1	6	(1/2,1/2) tensor Sym^6(1/2,1/2)	K_0 c	M_n:h_0	5	exact
5	G_n	299	c_mu_3[P0*P1^4*P2]	diffeomorphism ghost c_mu	c_raw=c	1	0	-1	5	-1	6	(1/2,1/2) tensor Sym^6(1/2,1/2)	K_0 c	M_n:h_0	3	exact
5	G_n	300	c_mu_3[P0*P1^5]	diffeomorphism ghost c_mu	c_raw=c	1	0	-1	5	-1	6	(1/2,1/2) tensor Sym^6(1/2,1/2)	K_0 c	M_n:h_0	2	exact
5	G_n	301	c_mu_3[P0^2*P3^4]	diffeomorphism ghost c_mu	c_raw=c	1	0	-1	5	-1	6	(1/2,1/2) tensor Sym^6(1/2,1/2)	K_0 c	M_n:h_0	4	exact
5	G_n	302	c_mu_3[P0^2*P2*P3^3]	diffeomorphism ghost c_mu	c_raw=c	1	0	-1	5	-1	6	(1/2,1/2) tensor Sym^6(1/2,1/2)	K_0 c	M_n:h_0	5	exact
5	G_n	303	c_mu_3[P0^2*P2^2*P3^2]	diffeomorphism ghost c_mu	c_raw=c	1	0	-1	5	-1	6	(1/2,1/2) tensor Sym^6(1/2,1/2)	K_0 c	M_n:h_0	5	exact
5	G_n	304	c_mu_3[P0^2*P2^3*P3]	diffeomorphism ghost c_mu	c_raw=c	1	0	-1	5	-1	6	(1/2,1/2) tensor Sym^6(1/2,1/2)	K_0 c	M_n:h_0	5	exact
5	G_n	305	c_mu_3[P0^2*P2^4]	diffeomorphism ghost c_mu	c_raw=c	1	0	-1	5	-1	6	(1/2,1/2) tensor Sym^6(1/2,1/2)	K_0 c	M_n:h_0	2	exact
5	G_n	306	c_mu_3[P0^2*P1*P3^3]	diffeomorphism ghost c_mu	c_raw=c	1	0	-1	5	-1	6	(1/2,1/2) tensor Sym^6(1/2,1/2)	K_0 c	M_n:h_0	5	exact
5	G_n	307	c_mu_3[P0^2*P1*P2*P3^2]	diffeomorphism ghost c_mu	c_raw=c	1	0	-1	5	-1	6	(1/2,1/2) tensor Sym^6(1/2,1/2)	K_0 c	M_n:h_0	6	exact
5	G_n	308	c_mu_3[P0^2*P1*P2^2*P3]	diffeomorphism ghost c_mu	c_raw=c	1	0	-1	5	-1	6	(1/2,1/2) tensor Sym^6(1/2,1/2)	K_0 c	M_n:h_0	6	exact
5	G_n	309	c_mu_3[P0^2*P1*P2^3]	diffeomorphism ghost c_mu	c_raw=c	1	0	-1	5	-1	6	(1/2,1/2) tensor Sym^6(1/2,1/2)	K_0 c	M_n:h_0	3	exact
5	G_n	310	c_mu_3[P0^2*P1^2*P3^2]	diffeomorphism ghost c_mu	c_raw=c	1	0	-1	5	-1	6	(1/2,1/2) tensor Sym^6(1/2,1/2)	K_0 c	M_n:h_0	5	exact
5	G_n	311	c_mu_3[P0^2*P1^2*P2*P3]	diffeomorphism ghost c_mu	c_raw=c	1	0	-1	5	-1	6	(1/2,1/2) tensor Sym^6(1/2,1/2)	K_0 c	M_n:h_0	6	exact
5	G_n	312	c_mu_3[P0^2*P1^2*P2^2]	diffeomorphism ghost c_mu	c_raw=c	1	0	-1	5	-1	6	(1/2,1/2) tensor Sym^6(1/2,1/2)	K_0 c	M_n:h_0	3	exact
5	G_n	313	c_mu_3[P0^2*P1^3*P3]	diffeomorphism ghost c_mu	c_raw=c	1	0	-1	5	-1	6	(1/2,1/2) tensor Sym^6(1/2,1/2)	K_0 c	M_n:h_0	5	exact
5	G_n	314	c_mu_3[P0^2*P1^3*P2]	diffeomorphism ghost c_mu	c_raw=c	1	0	-1	5	-1	6	(1/2,1/2) tensor Sym^6(1/2,1/2)	K_0 c	M_n:h_0	3	exact
5	G_n	315	c_mu_3[P0^2*P1^4]	diffeomorphism ghost c_mu	c_raw=c	1	0	-1	5	-1	6	(1/2,1/2) tensor Sym^6(1/2,1/2)	K_0 c	M_n:h_0	2	exact
5	G_n	316	c_mu_3[P0^3*P3^3]	diffeomorphism ghost c_mu	c_raw=c	1	0	-1	5	-1	6	(1/2,1/2) tensor Sym^6(1/2,1/2)	K_0 c	M_n:h_0	4	exact
5	G_n	317	c_mu_3[P0^3*P2*P3^2]	diffeomorphism ghost c_mu	c_raw=c	1	0	-1	5	-1	6	(1/2,1/2) tensor Sym^6(1/2,1/2)	K_0 c	M_n:h_0	5	exact
5	G_n	318	c_mu_3[P0^3*P2^2*P3]	diffeomorphism ghost c_mu	c_raw=c	1	0	-1	5	-1	6	(1/2,1/2) tensor Sym^6(1/2,1/2)	K_0 c	M_n:h_0	5	exact
5	G_n	319	c_mu_3[P0^3*P2^3]	diffeomorphism ghost c_mu	c_raw=c	1	0	-1	5	-1	6	(1/2,1/2) tensor Sym^6(1/2,1/2)	K_0 c	M_n:h_0	2	exact
5	G_n	320	c_mu_3[P0^3*P1*P3^2]	diffeomorphism ghost c_mu	c_raw=c	1	0	-1	5	-1	6	(1/2,1/2) tensor Sym^6(1/2,1/2)	K_0 c	M_n:h_0	5	exact
5	G_n	321	c_mu_3[P0^3*P1*P2*P3]	diffeomorphism ghost c_mu	c_raw=c	1	0	-1	5	-1	6	(1/2,1/2) tensor Sym^6(1/2,1/2)	K_0 c	M_n:h_0	6	exact
5	G_n	322	c_mu_3[P0^3*P1*P2^2]	diffeomorphism ghost c_mu	c_raw=c	1	0	-1	5	-1	6	(1/2,1/2) tensor Sym^6(1/2,1/2)	K_0 c	M_n:h_0	3	exact
5	G_n	323	c_mu_3[P0^3*P1^2*P3]	diffeomorphism ghost c_mu	c_raw=c	1	0	-1	5	-1	6	(1/2,1/2) tensor Sym^6(1/2,1/2)	K_0 c	M_n:h_0	5	exact
5	G_n	324	c_mu_3[P0^3*P1^2*P2]	diffeomorphism ghost c_mu	c_raw=c	1	0	-1	5	-1	6	(1/2,1/2) tensor Sym^6(1/2,1/2)	K_0 c	M_n:h_0	3	exact
5	G_n	325	c_mu_3[P0^3*P1^3]	diffeomorphism ghost c_mu	c_raw=c	1	0	-1	5	-1	6	(1/2,1/2) tensor Sym^6(1/2,1/2)	K_0 c	M_n:h_0	2	exact
5	G_n	326	c_mu_3[P0^4*P3^2]	diffeomorphism ghost c_mu	c_raw=c	1	0	-1	5	-1	6	(1/2,1/2) tensor Sym^6(1/2,1/2)	K_0 c	M_n:h_0	4	exact
5	G_n	327	c_mu_3[P0^4*P2*P3]	diffeomorphism ghost c_mu	c_raw=c	1	0	-1	5	-1	6	(1/2,1/2) tensor Sym^6(1/2,1/2)	K_0 c	M_n:h_0	5	exact
5	G_n	328	c_mu_3[P0^4*P2^2]	diffeomorphism ghost c_mu	c_raw=c	1	0	-1	5	-1	6	(1/2,1/2) tensor Sym^6(1/2,1/2)	K_0 c	M_n:h_0	2	exact
5	G_n	329	c_mu_3[P0^4*P1*P3]	diffeomorphism ghost c_mu	c_raw=c	1	0	-1	5	-1	6	(1/2,1/2) tensor Sym^6(1/2,1/2)	K_0 c	M_n:h_0	5	exact
5	G_n	330	c_mu_3[P0^4*P1*P2]	diffeomorphism ghost c_mu	c_raw=c	1	0	-1	5	-1	6	(1/2,1/2) tensor Sym^6(1/2,1/2)	K_0 c	M_n:h_0	3	exact
5	G_n	331	c_mu_3[P0^4*P1^2]	diffeomorphism ghost c_mu	c_raw=c	1	0	-1	5	-1	6	(1/2,1/2) tensor Sym^6(1/2,1/2)	K_0 c	M_n:h_0	2	exact
5	G_n	332	c_mu_3[P0^5*P3]	diffeomorphism ghost c_mu	c_raw=c	1	0	-1	5	-1	6	(1/2,1/2) tensor Sym^6(1/2,1/2)	K_0 c	M_n:h_0	4	exact
5	G_n	333	c_mu_3[P0^5*P2]	diffeomorphism ghost c_mu	c_raw=c	1	0	-1	5	-1	6	(1/2,1/2) tensor Sym^6(1/2,1/2)	K_0 c	M_n:h_0	2	exact
5	G_n	334	c_mu_3[P0^5*P1]	diffeomorphism ghost c_mu	c_raw=c	1	0	-1	5	-1	6	(1/2,1/2) tensor Sym^6(1/2,1/2)	K_0 c	M_n:h_0	2	exact
5	G_n	335	c_mu_3[P0^6]	diffeomorphism ghost c_mu	c_raw=c	1	0	-1	5	-1	6	(1/2,1/2) tensor Sym^6(1/2,1/2)	K_0 c	M_n:h_0	1	exact
5	G_n	336	Omega[P3^5]	Weyl ghost omega	Omega=omega+(partial.c)/4	1	0	-1	5	0	5	(0,0) tensor Sym^5(1/2,1/2)	tau	M_n:tau	1	exact
5	G_n	337	Omega[P2*P3^4]	Weyl ghost omega	Omega=omega+(partial.c)/4	1	0	-1	5	0	5	(0,0) tensor Sym^5(1/2,1/2)	tau	M_n:tau	1	exact
5	G_n	338	Omega[P2^2*P3^3]	Weyl ghost omega	Omega=omega+(partial.c)/4	1	0	-1	5	0	5	(0,0) tensor Sym^5(1/2,1/2)	tau	M_n:tau	1	exact
5	G_n	339	Omega[P2^3*P3^2]	Weyl ghost omega	Omega=omega+(partial.c)/4	1	0	-1	5	0	5	(0,0) tensor Sym^5(1/2,1/2)	tau	M_n:tau	1	exact
5	G_n	340	Omega[P2^4*P3]	Weyl ghost omega	Omega=omega+(partial.c)/4	1	0	-1	5	0	5	(0,0) tensor Sym^5(1/2,1/2)	tau	M_n:tau	1	exact
5	G_n	341	Omega[P2^5]	Weyl ghost omega	Omega=omega+(partial.c)/4	1	0	-1	5	0	5	(0,0) tensor Sym^5(1/2,1/2)	tau	M_n:tau	1	exact
5	G_n	342	Omega[P1*P3^4]	Weyl ghost omega	Omega=omega+(partial.c)/4	1	0	-1	5	0	5	(0,0) tensor Sym^5(1/2,1/2)	tau	M_n:tau	1	exact
5	G_n	343	Omega[P1*P2*P3^3]	Weyl ghost omega	Omega=omega+(partial.c)/4	1	0	-1	5	0	5	(0,0) tensor Sym^5(1/2,1/2)	tau	M_n:tau	1	exact
5	G_n	344	Omega[P1*P2^2*P3^2]	Weyl ghost omega	Omega=omega+(partial.c)/4	1	0	-1	5	0	5	(0,0) tensor Sym^5(1/2,1/2)	tau	M_n:tau	1	exact
5	G_n	345	Omega[P1*P2^3*P3]	Weyl ghost omega	Omega=omega+(partial.c)/4	1	0	-1	5	0	5	(0,0) tensor Sym^5(1/2,1/2)	tau	M_n:tau	1	exact
5	G_n	346	Omega[P1*P2^4]	Weyl ghost omega	Omega=omega+(partial.c)/4	1	0	-1	5	0	5	(0,0) tensor Sym^5(1/2,1/2)	tau	M_n:tau	1	exact
5	G_n	347	Omega[P1^2*P3^3]	Weyl ghost omega	Omega=omega+(partial.c)/4	1	0	-1	5	0	5	(0,0) tensor Sym^5(1/2,1/2)	tau	M_n:tau	1	exact
5	G_n	348	Omega[P1^2*P2*P3^2]	Weyl ghost omega	Omega=omega+(partial.c)/4	1	0	-1	5	0	5	(0,0) tensor Sym^5(1/2,1/2)	tau	M_n:tau	1	exact
5	G_n	349	Omega[P1^2*P2^2*P3]	Weyl ghost omega	Omega=omega+(partial.c)/4	1	0	-1	5	0	5	(0,0) tensor Sym^5(1/2,1/2)	tau	M_n:tau	1	exact
5	G_n	350	Omega[P1^2*P2^3]	Weyl ghost omega	Omega=omega+(partial.c)/4	1	0	-1	5	0	5	(0,0) tensor Sym^5(1/2,1/2)	tau	M_n:tau	1	exact
5	G_n	351	Omega[P1^3*P3^2]	Weyl ghost omega	Omega=omega+(partial.c)/4	1	0	-1	5	0	5	(0,0) tensor Sym^5(1/2,1/2)	tau	M_n:tau	1	exact
5	G_n	352	Omega[P1^3*P2*P3]	Weyl ghost omega	Omega=omega+(partial.c)/4	1	0	-1	5	0	5	(0,0) tensor Sym^5(1/2,1/2)	tau	M_n:tau	1	exact
5	G_n	353	Omega[P1^3*P2^2]	Weyl ghost omega	Omega=omega+(partial.c)/4	1	0	-1	5	0	5	(0,0) tensor Sym^5(1/2,1/2)	tau	M_n:tau	1	exact
5	G_n	354	Omega[P1^4*P3]	Weyl ghost omega	Omega=omega+(partial.c)/4	1	0	-1	5	0	5	(0,0) tensor Sym^5(1/2,1/2)	tau	M_n:tau	1	exact
5	G_n	355	Omega[P1^4*P2]	Weyl ghost omega	Omega=omega+(partial.c)/4	1	0	-1	5	0	5	(0,0) tensor Sym^5(1/2,1/2)	tau	M_n:tau	1	exact
5	G_n	356	Omega[P1^5]	Weyl ghost omega	Omega=omega+(partial.c)/4	1	0	-1	5	0	5	(0,0) tensor Sym^5(1/2,1/2)	tau	M_n:tau	1	exact
5	G_n	357	Omega[P0*P3^4]	Weyl ghost omega	Omega=omega+(partial.c)/4	1	0	-1	5	0	5	(0,0) tensor Sym^5(1/2,1/2)	tau	M_n:tau	1	exact
5	G_n	358	Omega[P0*P2*P3^3]	Weyl ghost omega	Omega=omega+(partial.c)/4	1	0	-1	5	0	5	(0,0) tensor Sym^5(1/2,1/2)	tau	M_n:tau	1	exact
5	G_n	359	Omega[P0*P2^2*P3^2]	Weyl ghost omega	Omega=omega+(partial.c)/4	1	0	-1	5	0	5	(0,0) tensor Sym^5(1/2,1/2)	tau	M_n:tau	1	exact
5	G_n	360	Omega[P0*P2^3*P3]	Weyl ghost omega	Omega=omega+(partial.c)/4	1	0	-1	5	0	5	(0,0) tensor Sym^5(1/2,1/2)	tau	M_n:tau	1	exact
5	G_n	361	Omega[P0*P2^4]	Weyl ghost omega	Omega=omega+(partial.c)/4	1	0	-1	5	0	5	(0,0) tensor Sym^5(1/2,1/2)	tau	M_n:tau	1	exact
5	G_n	362	Omega[P0*P1*P3^3]	Weyl ghost omega	Omega=omega+(partial.c)/4	1	0	-1	5	0	5	(0,0) tensor Sym^5(1/2,1/2)	tau	M_n:tau	1	exact
5	G_n	363	Omega[P0*P1*P2*P3^2]	Weyl ghost omega	Omega=omega+(partial.c)/4	1	0	-1	5	0	5	(0,0) tensor Sym^5(1/2,1/2)	tau	M_n:tau	1	exact
5	G_n	364	Omega[P0*P1*P2^2*P3]	Weyl ghost omega	Omega=omega+(partial.c)/4	1	0	-1	5	0	5	(0,0) tensor Sym^5(1/2,1/2)	tau	M_n:tau	1	exact
5	G_n	365	Omega[P0*P1*P2^3]	Weyl ghost omega	Omega=omega+(partial.c)/4	1	0	-1	5	0	5	(0,0) tensor Sym^5(1/2,1/2)	tau	M_n:tau	1	exact
5	G_n	366	Omega[P0*P1^2*P3^2]	Weyl ghost omega	Omega=omega+(partial.c)/4	1	0	-1	5	0	5	(0,0) tensor Sym^5(1/2,1/2)	tau	M_n:tau	1	exact
5	G_n	367	Omega[P0*P1^2*P2*P3]	Weyl ghost omega	Omega=omega+(partial.c)/4	1	0	-1	5	0	5	(0,0) tensor Sym^5(1/2,1/2)	tau	M_n:tau	1	exact
5	G_n	368	Omega[P0*P1^2*P2^2]	Weyl ghost omega	Omega=omega+(partial.c)/4	1	0	-1	5	0	5	(0,0) tensor Sym^5(1/2,1/2)	tau	M_n:tau	1	exact
5	G_n	369	Omega[P0*P1^3*P3]	Weyl ghost omega	Omega=omega+(partial.c)/4	1	0	-1	5	0	5	(0,0) tensor Sym^5(1/2,1/2)	tau	M_n:tau	1	exact
5	G_n	370	Omega[P0*P1^3*P2]	Weyl ghost omega	Omega=omega+(partial.c)/4	1	0	-1	5	0	5	(0,0) tensor Sym^5(1/2,1/2)	tau	M_n:tau	1	exact
5	G_n	371	Omega[P0*P1^4]	Weyl ghost omega	Omega=omega+(partial.c)/4	1	0	-1	5	0	5	(0,0) tensor Sym^5(1/2,1/2)	tau	M_n:tau	1	exact
5	G_n	372	Omega[P0^2*P3^3]	Weyl ghost omega	Omega=omega+(partial.c)/4	1	0	-1	5	0	5	(0,0) tensor Sym^5(1/2,1/2)	tau	M_n:tau	1	exact
5	G_n	373	Omega[P0^2*P2*P3^2]	Weyl ghost omega	Omega=omega+(partial.c)/4	1	0	-1	5	0	5	(0,0) tensor Sym^5(1/2,1/2)	tau	M_n:tau	1	exact
5	G_n	374	Omega[P0^2*P2^2*P3]	Weyl ghost omega	Omega=omega+(partial.c)/4	1	0	-1	5	0	5	(0,0) tensor Sym^5(1/2,1/2)	tau	M_n:tau	1	exact
5	G_n	375	Omega[P0^2*P2^3]	Weyl ghost omega	Omega=omega+(partial.c)/4	1	0	-1	5	0	5	(0,0) tensor Sym^5(1/2,1/2)	tau	M_n:tau	1	exact
5	G_n	376	Omega[P0^2*P1*P3^2]	Weyl ghost omega	Omega=omega+(partial.c)/4	1	0	-1	5	0	5	(0,0) tensor Sym^5(1/2,1/2)	tau	M_n:tau	1	exact
5	G_n	377	Omega[P0^2*P1*P2*P3]	Weyl ghost omega	Omega=omega+(partial.c)/4	1	0	-1	5	0	5	(0,0) tensor Sym^5(1/2,1/2)	tau	M_n:tau	1	exact
5	G_n	378	Omega[P0^2*P1*P2^2]	Weyl ghost omega	Omega=omega+(partial.c)/4	1	0	-1	5	0	5	(0,0) tensor Sym^5(1/2,1/2)	tau	M_n:tau	1	exact
5	G_n	379	Omega[P0^2*P1^2*P3]	Weyl ghost omega	Omega=omega+(partial.c)/4	1	0	-1	5	0	5	(0,0) tensor Sym^5(1/2,1/2)	tau	M_n:tau	1	exact
5	G_n	380	Omega[P0^2*P1^2*P2]	Weyl ghost omega	Omega=omega+(partial.c)/4	1	0	-1	5	0	5	(0,0) tensor Sym^5(1/2,1/2)	tau	M_n:tau	1	exact
5	G_n	381	Omega[P0^2*P1^3]	Weyl ghost omega	Omega=omega+(partial.c)/4	1	0	-1	5	0	5	(0,0) tensor Sym^5(1/2,1/2)	tau	M_n:tau	1	exact
5	G_n	382	Omega[P0^3*P3^2]	Weyl ghost omega	Omega=omega+(partial.c)/4	1	0	-1	5	0	5	(0,0) tensor Sym^5(1/2,1/2)	tau	M_n:tau	1	exact
5	G_n	383	Omega[P0^3*P2*P3]	Weyl ghost omega	Omega=omega+(partial.c)/4	1	0	-1	5	0	5	(0,0) tensor Sym^5(1/2,1/2)	tau	M_n:tau	1	exact
5	G_n	384	Omega[P0^3*P2^2]	Weyl ghost omega	Omega=omega+(partial.c)/4	1	0	-1	5	0	5	(0,0) tensor Sym^5(1/2,1/2)	tau	M_n:tau	1	exact
5	G_n	385	Omega[P0^3*P1*P3]	Weyl ghost omega	Omega=omega+(partial.c)/4	1	0	-1	5	0	5	(0,0) tensor Sym^5(1/2,1/2)	tau	M_n:tau	1	exact
5	G_n	386	Omega[P0^3*P1*P2]	Weyl ghost omega	Omega=omega+(partial.c)/4	1	0	-1	5	0	5	(0,0) tensor Sym^5(1/2,1/2)	tau	M_n:tau	1	exact
5	G_n	387	Omega[P0^3*P1^2]	Weyl ghost omega	Omega=omega+(partial.c)/4	1	0	-1	5	0	5	(0,0) tensor Sym^5(1/2,1/2)	tau	M_n:tau	1	exact
5	G_n	388	Omega[P0^4*P3]	Weyl ghost omega	Omega=omega+(partial.c)/4	1	0	-1	5	0	5	(0,0) tensor Sym^5(1/2,1/2)	tau	M_n:tau	1	exact
5	G_n	389	Omega[P0^4*P2]	Weyl ghost omega	Omega=omega+(partial.c)/4	1	0	-1	5	0	5	(0,0) tensor Sym^5(1/2,1/2)	tau	M_n:tau	1	exact
5	G_n	390	Omega[P0^4*P1]	Weyl ghost omega	Omega=omega+(partial.c)/4	1	0	-1	5	0	5	(0,0) tensor Sym^5(1/2,1/2)	tau	M_n:tau	1	exact
5	G_n	391	Omega[P0^5]	Weyl ghost omega	Omega=omega+(partial.c)/4	1	0	-1	5	0	5	(0,0) tensor Sym^5(1/2,1/2)	tau	M_n:tau	1	exact
5	M_n	392	h_0_(01)[P3^5]	trace-free metric fluctuation	h_0=h-eta tr(h)/4	0	0	0	5	0	5	(1,1) tensor Sym^5(1/2,1/2)	B_lin h_0	E_n:hstar_0	1	exact
5	M_n	393	h_0_(01)[P2*P3^4]	trace-free metric fluctuation	h_0=h-eta tr(h)/4	0	0	0	5	0	5	(1,1) tensor Sym^5(1/2,1/2)	B_lin h_0	E_n:hstar_0	1	exact
5	M_n	394	h_0_(01)[P2^2*P3^3]	trace-free metric fluctuation	h_0=h-eta tr(h)/4	0	0	0	5	0	5	(1,1) tensor Sym^5(1/2,1/2)	B_lin h_0	E_n:hstar_0	1	exact
5	M_n	395	h_0_(01)[P2^3*P3^2]	trace-free metric fluctuation	h_0=h-eta tr(h)/4	0	0	0	5	0	5	(1,1) tensor Sym^5(1/2,1/2)	B_lin h_0	E_n:hstar_0	1	exact
5	M_n	396	h_0_(01)[P2^4*P3]	trace-free metric fluctuation	h_0=h-eta tr(h)/4	0	0	0	5	0	5	(1,1) tensor Sym^5(1/2,1/2)	B_lin h_0	E_n:hstar_0	1	exact
5	M_n	397	h_0_(01)[P2^5]	trace-free metric fluctuation	h_0=h-eta tr(h)/4	0	0	0	5	0	5	(1,1) tensor Sym^5(1/2,1/2)	B_lin h_0	E_n:hstar_0	1	exact
5	M_n	398	h_0_(01)[P1*P3^4]	trace-free metric fluctuation	h_0=h-eta tr(h)/4	0	0	0	5	0	5	(1,1) tensor Sym^5(1/2,1/2)	B_lin h_0	E_n:hstar_0	2	exact
5	M_n	399	h_0_(01)[P1*P2*P3^3]	trace-free metric fluctuation	h_0=h-eta tr(h)/4	0	0	0	5	0	5	(1,1) tensor Sym^5(1/2,1/2)	B_lin h_0	E_n:hstar_0	2	exact
5	M_n	400	h_0_(01)[P1*P2^2*P3^2]	trace-free metric fluctuation	h_0=h-eta tr(h)/4	0	0	0	5	0	5	(1,1) tensor Sym^5(1/2,1/2)	B_lin h_0	E_n:hstar_0	3	exact
5	M_n	401	h_0_(01)[P1*P2^3*P3]	trace-free metric fluctuation	h_0=h-eta tr(h)/4	0	0	0	5	0	5	(1,1) tensor Sym^5(1/2,1/2)	B_lin h_0	E_n:hstar_0	2	exact
5	M_n	402	h_0_(01)[P1*P2^4]	trace-free metric fluctuation	h_0=h-eta tr(h)/4	0	0	0	5	0	5	(1,1) tensor Sym^5(1/2,1/2)	B_lin h_0	E_n:hstar_0	2	exact
5	M_n	403	h_0_(01)[P1^2*P3^3]	trace-free metric fluctuation	h_0=h-eta tr(h)/4	0	0	0	5	0	5	(1,1) tensor Sym^5(1/2,1/2)	B_lin h_0	E_n:hstar_0	2	exact
5	M_n	404	h_0_(01)[P1^2*P2*P3^2]	trace-free metric fluctuation	h_0=h-eta tr(h)/4	0	0	0	5	0	5	(1,1) tensor Sym^5(1/2,1/2)	B_lin h_0	E_n:hstar_0	2	exact
5	M_n	405	h_0_(01)[P1^2*P2^2*P3]	trace-free metric fluctuation	h_0=h-eta tr(h)/4	0	0	0	5	0	5	(1,1) tensor Sym^5(1/2,1/2)	B_lin h_0	E_n:hstar_0	2	exact
5	M_n	406	h_0_(01)[P1^2*P2^3]	trace-free metric fluctuation	h_0=h-eta tr(h)/4	0	0	0	5	0	5	(1,1) tensor Sym^5(1/2,1/2)	B_lin h_0	E_n:hstar_0	2	exact
5	M_n	407	h_0_(01)[P1^3*P3^2]	trace-free metric fluctuation	h_0=h-eta tr(h)/4	0	0	0	5	0	5	(1,1) tensor Sym^5(1/2,1/2)	B_lin h_0	E_n:hstar_0	2	exact
5	M_n	408	h_0_(01)[P1^3*P2*P3]	trace-free metric fluctuation	h_0=h-eta tr(h)/4	0	0	0	5	0	5	(1,1) tensor Sym^5(1/2,1/2)	B_lin h_0	E_n:hstar_0	2	exact
5	M_n	409	h_0_(01)[P1^3*P2^2]	trace-free metric fluctuation	h_0=h-eta tr(h)/4	0	0	0	5	0	5	(1,1) tensor Sym^5(1/2,1/2)	B_lin h_0	E_n:hstar_0	2	exact
5	M_n	410	h_0_(01)[P1^4*P3]	trace-free metric fluctuation	h_0=h-eta tr(h)/4	0	0	0	5	0	5	(1,1) tensor Sym^5(1/2,1/2)	B_lin h_0	E_n:hstar_0	1	exact
5	M_n	411	h_0_(01)[P1^4*P2]	trace-free metric fluctuation	h_0=h-eta tr(h)/4	0	0	0	5	0	5	(1,1) tensor Sym^5(1/2,1/2)	B_lin h_0	E_n:hstar_0	1	exact
5	M_n	412	h_0_(01)[P1^5]	trace-free metric fluctuation	h_0=h-eta tr(h)/4	0	0	0	5	0	5	(1,1) tensor Sym^5(1/2,1/2)	B_lin h_0	E_n:hstar_0	0	exact
5	M_n	413	h_0_(01)[P0*P3^4]	trace-free metric fluctuation	h_0=h-eta tr(h)/4	0	0	0	5	0	5	(1,1) tensor Sym^5(1/2,1/2)	B_lin h_0	E_n:hstar_0	2	exact
5	M_n	414	h_0_(01)[P0*P2*P3^3]	trace-free metric fluctuation	h_0=h-eta tr(h)/4	0	0	0	5	0	5	(1,1) tensor Sym^5(1/2,1/2)	B_lin h_0	E_n:hstar_0	2	exact
5	M_n	415	h_0_(01)[P0*P2^2*P3^2]	trace-free metric fluctuation	h_0=h-eta tr(h)/4	0	0	0	5	0	5	(1,1) tensor Sym^5(1/2,1/2)	B_lin h_0	E_n:hstar_0	3	exact
5	M_n	416	h_0_(01)[P0*P2^3*P3]	trace-free metric fluctuation	h_0=h-eta tr(h)/4	0	0	0	5	0	5	(1,1) tensor Sym^5(1/2,1/2)	B_lin h_0	E_n:hstar_0	2	exact
5	M_n	417	h_0_(01)[P0*P2^4]	trace-free metric fluctuation	h_0=h-eta tr(h)/4	0	0	0	5	0	5	(1,1) tensor Sym^5(1/2,1/2)	B_lin h_0	E_n:hstar_0	2	exact
5	M_n	418	h_0_(01)[P0*P1*P3^3]	trace-free metric fluctuation	h_0=h-eta tr(h)/4	0	0	0	5	0	5	(1,1) tensor Sym^5(1/2,1/2)	B_lin h_0	E_n:hstar_0	5	exact
5	M_n	419	h_0_(01)[P0*P1*P2*P3^2]	trace-free metric fluctuation	h_0=h-eta tr(h)/4	0	0	0	5	0	5	(1,1) tensor Sym^5(1/2,1/2)	B_lin h_0	E_n:hstar_0	6	exact
5	M_n	420	h_0_(01)[P0*P1*P2^2*P3]	trace-free metric fluctuation	h_0=h-eta tr(h)/4	0	0	0	5	0	5	(1,1) tensor Sym^5(1/2,1/2)	B_lin h_0	E_n:hstar_0	6	exact
5	M_n	421	h_0_(01)[P0*P1*P2^3]	trace-free metric fluctuation	h_0=h-eta tr(h)/4	0	0	0	5	0	5	(1,1) tensor Sym^5(1/2,1/2)	B_lin h_0	E_n:hstar_0	5	exact
5	M_n	422	h_0_(01)[P0*P1^2*P3^2]	trace-free metric fluctuation	h_0=h-eta tr(h)/4	0	0	0	5	0	5	(1,1) tensor Sym^5(1/2,1/2)	B_lin h_0	E_n:hstar_0	5	exact
5	M_n	423	h_0_(01)[P0*P1^2*P2*P3]	trace-free metric fluctuation	h_0=h-eta tr(h)/4	0	0	0	5	0	5	(1,1) tensor Sym^5(1/2,1/2)	B_lin h_0	E_n:hstar_0	3	exact
5	M_n	424	h_0_(01)[P0*P1^2*P2^2]	trace-free metric fluctuation	h_0=h-eta tr(h)/4	0	0	0	5	0	5	(1,1) tensor Sym^5(1/2,1/2)	B_lin h_0	E_n:hstar_0	5	exact
5	M_n	425	h_0_(01)[P0*P1^3*P3]	trace-free metric fluctuation	h_0=h-eta tr(h)/4	0	0	0	5	0	5	(1,1) tensor Sym^5(1/2,1/2)	B_lin h_0	E_n:hstar_0	4	exact
5	M_n	426	h_0_(01)[P0*P1^3*P2]	trace-free metric fluctuation	h_0=h-eta tr(h)/4	0	0	0	5	0	5	(1,1) tensor Sym^5(1/2,1/2)	B_lin h_0	E_n:hstar_0	4	exact
5	M_n	427	h_0_(01)[P0*P1^4]	trace-free metric fluctuation	h_0=h-eta tr(h)/4	0	0	0	5	0	5	(1,1) tensor Sym^5(1/2,1/2)	B_lin h_0	E_n:hstar_0	2	exact
5	M_n	428	h_0_(01)[P0^2*P3^3]	trace-free metric fluctuation	h_0=h-eta tr(h)/4	0	0	0	5	0	5	(1,1) tensor Sym^5(1/2,1/2)	B_lin h_0	E_n:hstar_0	2	exact
5	M_n	429	h_0_(01)[P0^2*P2*P3^2]	trace-free metric fluctuation	h_0=h-eta tr(h)/4	0	0	0	5	0	5	(1,1) tensor Sym^5(1/2,1/2)	B_lin h_0	E_n:hstar_0	2	exact
5	M_n	430	h_0_(01)[P0^2*P2^2*P3]	trace-free metric fluctuation	h_0=h-eta tr(h)/4	0	0	0	5	0	5	(1,1) tensor Sym^5(1/2,1/2)	B_lin h_0	E_n:hstar_0	2	exact
5	M_n	431	h_0_(01)[P0^2*P2^3]	trace-free metric fluctuation	h_0=h-eta tr(h)/4	0	0	0	5	0	5	(1,1) tensor Sym^5(1/2,1/2)	B_lin h_0	E_n:hstar_0	2	exact
5	M_n	432	h_0_(01)[P0^2*P1*P3^2]	trace-free metric fluctuation	h_0=h-eta tr(h)/4	0	0	0	5	0	5	(1,1) tensor Sym^5(1/2,1/2)	B_lin h_0	E_n:hstar_0	5	exact
5	M_n	433	h_0_(01)[P0^2*P1*P2*P3]	trace-free metric fluctuation	h_0=h-eta tr(h)/4	0	0	0	5	0	5	(1,1) tensor Sym^5(1/2,1/2)	B_lin h_0	E_n:hstar_0	3	exact
5	M_n	434	h_0_(01)[P0^2*P1*P2^2]	trace-free metric fluctuation	h_0=h-eta tr(h)/4	0	0	0	5	0	5	(1,1) tensor Sym^5(1/2,1/2)	B_lin h_0	E_n:hstar_0	5	exact
5	M_n	435	h_0_(01)[P0^2*P1^2*P3]	trace-free metric fluctuation	h_0=h-eta tr(h)/4	0	0	0	5	0	5	(1,1) tensor Sym^5(1/2,1/2)	B_lin h_0	E_n:hstar_0	3	exact
5	M_n	436	h_0_(01)[P0^2*P1^2*P2]	trace-free metric fluctuation	h_0=h-eta tr(h)/4	0	0	0	5	0	5	(1,1) tensor Sym^5(1/2,1/2)	B_lin h_0	E_n:hstar_0	3	exact
5	M_n	437	h_0_(01)[P0^2*P1^3]	trace-free metric fluctuation	h_0=h-eta tr(h)/4	0	0	0	5	0	5	(1,1) tensor Sym^5(1/2,1/2)	B_lin h_0	E_n:hstar_0	3	exact
5	M_n	438	h_0_(01)[P0^3*P3^2]	trace-free metric fluctuation	h_0=h-eta tr(h)/4	0	0	0	5	0	5	(1,1) tensor Sym^5(1/2,1/2)	B_lin h_0	E_n:hstar_0	2	exact
5	M_n	439	h_0_(01)[P0^3*P2*P3]	trace-free metric fluctuation	h_0=h-eta tr(h)/4	0	0	0	5	0	5	(1,1) tensor Sym^5(1/2,1/2)	B_lin h_0	E_n:hstar_0	2	exact
5	M_n	440	h_0_(01)[P0^3*P2^2]	trace-free metric fluctuation	h_0=h-eta tr(h)/4	0	0	0	5	0	5	(1,1) tensor Sym^5(1/2,1/2)	B_lin h_0	E_n:hstar_0	2	exact
5	M_n	441	h_0_(01)[P0^3*P1*P3]	trace-free metric fluctuation	h_0=h-eta tr(h)/4	0	0	0	5	0	5	(1,1) tensor Sym^5(1/2,1/2)	B_lin h_0	E_n:hstar_0	4	exact
5	M_n	442	h_0_(01)[P0^3*P1*P2]	trace-free metric fluctuation	h_0=h-eta tr(h)/4	0	0	0	5	0	5	(1,1) tensor Sym^5(1/2,1/2)	B_lin h_0	E_n:hstar_0	4	exact
5	M_n	443	h_0_(01)[P0^3*P1^2]	trace-free metric fluctuation	h_0=h-eta tr(h)/4	0	0	0	5	0	5	(1,1) tensor Sym^5(1/2,1/2)	B_lin h_0	E_n:hstar_0	3	exact
5	M_n	444	h_0_(01)[P0^4*P3]	trace-free metric fluctuation	h_0=h-eta tr(h)/4	0	0	0	5	0	5	(1,1) tensor Sym^5(1/2,1/2)	B_lin h_0	E_n:hstar_0	1	exact
5	M_n	445	h_0_(01)[P0^4*P2]	trace-free metric fluctuation	h_0=h-eta tr(h)/4	0	0	0	5	0	5	(1,1) tensor Sym^5(1/2,1/2)	B_lin h_0	E_n:hstar_0	1	exact
5	M_n	446	h_0_(01)[P0^4*P1]	trace-free metric fluctuation	h_0=h-eta tr(h)/4	0	0	0	5	0	5	(1,1) tensor Sym^5(1/2,1/2)	B_lin h_0	E_n:hstar_0	2	exact
5	M_n	447	h_0_(01)[P0^5]	trace-free metric fluctuation	h_0=h-eta tr(h)/4	0	0	0	5	0	5	(1,1) tensor Sym^5(1/2,1/2)	B_lin h_0	E_n:hstar_0	0	exact
5	M_n	448	h_0_(02)[P3^5]	trace-free metric fluctuation	h_0=h-eta tr(h)/4	0	0	0	5	0	5	(1,1) tensor Sym^5(1/2,1/2)	B_lin h_0	E_n:hstar_0	1	exact
5	M_n	449	h_0_(02)[P2*P3^4]	trace-free metric fluctuation	h_0=h-eta tr(h)/4	0	0	0	5	0	5	(1,1) tensor Sym^5(1/2,1/2)	B_lin h_0	E_n:hstar_0	2	exact
5	M_n	450	h_0_(02)[P2^2*P3^3]	trace-free metric fluctuation	h_0=h-eta tr(h)/4	0	0	0	5	0	5	(1,1) tensor Sym^5(1/2,1/2)	B_lin h_0	E_n:hstar_0	2	exact
5	M_n	451	h_0_(02)[P2^3*P3^2]	trace-free metric fluctuation	h_0=h-eta tr(h)/4	0	0	0	5	0	5	(1,1) tensor Sym^5(1/2,1/2)	B_lin h_0	E_n:hstar_0	2	exact
5	M_n	452	h_0_(02)[P2^4*P3]	trace-free metric fluctuation	h_0=h-eta tr(h)/4	0	0	0	5	0	5	(1,1) tensor Sym^5(1/2,1/2)	B_lin h_0	E_n:hstar_0	1	exact
5	M_n	453	h_0_(02)[P2^5]	trace-free metric fluctuation	h_0=h-eta tr(h)/4	0	0	0	5	0	5	(1,1) tensor Sym^5(1/2,1/2)	B_lin h_0	E_n:hstar_0	0	exact
5	M_n	454	h_0_(02)[P1*P3^4]	trace-free metric fluctuation	h_0=h-eta tr(h)/4	0	0	0	5	0	5	(1,1) tensor Sym^5(1/2,1/2)	B_lin h_0	E_n:hstar_0	1	exact
5	M_n	455	h_0_(02)[P1*P2*P3^3]	trace-free metric fluctuation	h_0=h-eta tr(h)/4	0	0	0	5	0	5	(1,1) tensor Sym^5(1/2,1/2)	B_lin h_0	E_n:hstar_0	2	exact
5	M_n	456	h_0_(02)[P1*P2^2*P3^2]	trace-free metric fluctuation	h_0=h-eta tr(h)/4	0	0	0	5	0	5	(1,1) tensor Sym^5(1/2,1/2)	B_lin h_0	E_n:hstar_0	2	exact
5	M_n	457	h_0_(02)[P1*P2^3*P3]	trace-free metric fluctuation	h_0=h-eta tr(h)/4	0	0	0	5	0	5	(1,1) tensor Sym^5(1/2,1/2)	B_lin h_0	E_n:hstar_0	2	exact
5	M_n	458	h_0_(02)[P1*P2^4]	trace-free metric fluctuation	h_0=h-eta tr(h)/4	0	0	0	5	0	5	(1,1) tensor Sym^5(1/2,1/2)	B_lin h_0	E_n:hstar_0	1	exact
5	M_n	459	h_0_(02)[P1^2*P3^3]	trace-free metric fluctuation	h_0=h-eta tr(h)/4	0	0	0	5	0	5	(1,1) tensor Sym^5(1/2,1/2)	B_lin h_0	E_n:hstar_0	1	exact
5	M_n	460	h_0_(02)[P1^2*P2*P3^2]	trace-free metric fluctuation	h_0=h-eta tr(h)/4	0	0	0	5	0	5	(1,1) tensor Sym^5(1/2,1/2)	B_lin h_0	E_n:hstar_0	3	exact
5	M_n	461	h_0_(02)[P1^2*P2^2*P3]	trace-free metric fluctuation	h_0=h-eta tr(h)/4	0	0	0	5	0	5	(1,1) tensor Sym^5(1/2,1/2)	B_lin h_0	E_n:hstar_0	2	exact
5	M_n	462	h_0_(02)[P1^2*P2^3]	trace-free metric fluctuation	h_0=h-eta tr(h)/4	0	0	0	5	0	5	(1,1) tensor Sym^5(1/2,1/2)	B_lin h_0	E_n:hstar_0	2	exact
5	M_n	463	h_0_(02)[P1^3*P3^2]	trace-free metric fluctuation	h_0=h-eta tr(h)/4	0	0	0	5	0	5	(1,1) tensor Sym^5(1/2,1/2)	B_lin h_0	E_n:hstar_0	1	exact
5	M_n	464	h_0_(02)[P1^3*P2*P3]	trace-free metric fluctuation	h_0=h-eta tr(h)/4	0	0	0	5	0	5	(1,1) tensor Sym^5(1/2,1/2)	B_lin h_0	E_n:hstar_0	2	exact
5	M_n	465	h_0_(02)[P1^3*P2^2]	trace-free metric fluctuation	h_0=h-eta tr(h)/4	0	0	0	5	0	5	(1,1) tensor Sym^5(1/2,1/2)	B_lin h_0	E_n:hstar_0	2	exact
5	M_n	466	h_0_(02)[P1^4*P3]	trace-free metric fluctuation	h_0=h-eta tr(h)/4	0	0	0	5	0	5	(1,1) tensor Sym^5(1/2,1/2)	B_lin h_0	E_n:hstar_0	1	exact
5	M_n	467	h_0_(02)[P1^4*P2]	trace-free metric fluctuation	h_0=h-eta tr(h)/4	0	0	0	5	0	5	(1,1) tensor Sym^5(1/2,1/2)	B_lin h_0	E_n:hstar_0	2	exact
5	M_n	468	h_0_(02)[P1^5]	trace-free metric fluctuation	h_0=h-eta tr(h)/4	0	0	0	5	0	5	(1,1) tensor Sym^5(1/2,1/2)	B_lin h_0	E_n:hstar_0	1	exact
5	M_n	469	h_0_(02)[P0*P3^4]	trace-free metric fluctuation	h_0=h-eta tr(h)/4	0	0	0	5	0	5	(1,1) tensor Sym^5(1/2,1/2)	B_lin h_0	E_n:hstar_0	2	exact
5	M_n	470	h_0_(02)[P0*P2*P3^3]	trace-free metric fluctuation	h_0=h-eta tr(h)/4	0	0	0	5	0	5	(1,1) tensor Sym^5(1/2,1/2)	B_lin h_0	E_n:hstar_0	5	exact
5	M_n	471	h_0_(02)[P0*P2^2*P3^2]	trace-free metric fluctuation	h_0=h-eta tr(h)/4	0	0	0	5	0	5	(1,1) tensor Sym^5(1/2,1/2)	B_lin h_0	E_n:hstar_0	5	exact
5	M_n	472	h_0_(02)[P0*P2^3*P3]	trace-free metric fluctuation	h_0=h-eta tr(h)/4	0	0	0	5	0	5	(1,1) tensor Sym^5(1/2,1/2)	B_lin h_0	E_n:hstar_0	4	exact
5	M_n	473	h_0_(02)[P0*P2^4]	trace-free metric fluctuation	h_0=h-eta tr(h)/4	0	0	0	5	0	5	(1,1) tensor Sym^5(1/2,1/2)	B_lin h_0	E_n:hstar_0	2	exact
5	M_n	474	h_0_(02)[P0*P1*P3^3]	trace-free metric fluctuation	h_0=h-eta tr(h)/4	0	0	0	5	0	5	(1,1) tensor Sym^5(1/2,1/2)	B_lin h_0	E_n:hstar_0	2	exact
5	M_n	475	h_0_(02)[P0*P1*P2*P3^2]	trace-free metric fluctuation	h_0=h-eta tr(h)/4	0	0	0	5	0	5	(1,1) tensor Sym^5(1/2,1/2)	B_lin h_0	E_n:hstar_0	6	exact
5	M_n	476	h_0_(02)[P0*P1*P2^2*P3]	trace-free metric fluctuation	h_0=h-eta tr(h)/4	0	0	0	5	0	5	(1,1) tensor Sym^5(1/2,1/2)	B_lin h_0	E_n:hstar_0	3	exact
5	M_n	477	h_0_(02)[P0*P1*P2^3]	trace-free metric fluctuation	h_0=h-eta tr(h)/4	0	0	0	5	0	5	(1,1) tensor Sym^5(1/2,1/2)	B_lin h_0	E_n:hstar_0	4	exact
5	M_n	478	h_0_(02)[P0*P1^2*P3^2]	trace-free metric fluctuation	h_0=h-eta tr(h)/4	0	0	0	5	0	5	(1,1) tensor Sym^5(1/2,1/2)	B_lin h_0	E_n:hstar_0	3	exact
5	M_n	479	h_0_(02)[P0*P1^2*P2*P3]	trace-free metric fluctuation	h_0=h-eta tr(h)/4	0	0	0	5	0	5	(1,1) tensor Sym^5(1/2,1/2)	B_lin h_0	E_n:hstar_0	6	exact
5	M_n	480	h_0_(02)[P0*P1^2*P2^2]	trace-free metric fluctuation	h_0=h-eta tr(h)/4	0	0	0	5	0	5	(1,1) tensor Sym^5(1/2,1/2)	B_lin h_0	E_n:hstar_0	5	exact
5	M_n	481	h_0_(02)[P0*P1^3*P3]	trace-free metric fluctuation	h_0=h-eta tr(h)/4	0	0	0	5	0	5	(1,1) tensor Sym^5(1/2,1/2)	B_lin h_0	E_n:hstar_0	2	exact
5	M_n	482	h_0_(02)[P0*P1^3*P2]	trace-free metric fluctuation	h_0=h-eta tr(h)/4	0	0	0	5	0	5	(1,1) tensor Sym^5(1/2,1/2)	B_lin h_0	E_n:hstar_0	5	exact
5	M_n	483	h_0_(02)[P0*P1^4]	trace-free metric fluctuation	h_0=h-eta tr(h)/4	0	0	0	5	0	5	(1,1) tensor Sym^5(1/2,1/2)	B_lin h_0	E_n:hstar_0	2	exact
5	M_n	484	h_0_(02)[P0^2*P3^3]	trace-free metric fluctuation	h_0=h-eta tr(h)/4	0	0	0	5	0	5	(1,1) tensor Sym^5(1/2,1/2)	B_lin h_0	E_n:hstar_0	2	exact
5	M_n	485	h_0_(02)[P0^2*P2*P3^2]	trace-free metric fluctuation	h_0=h-eta tr(h)/4	0	0	0	5	0	5	(1,1) tensor Sym^5(1/2,1/2)	B_lin h_0	E_n:hstar_0	5	exact
5	M_n	486	h_0_(02)[P0^2*P2^2*P3]	trace-free metric fluctuation	h_0=h-eta tr(h)/4	0	0	0	5	0	5	(1,1) tensor Sym^5(1/2,1/2)	B_lin h_0	E_n:hstar_0	3	exact
5	M_n	487	h_0_(02)[P0^2*P2^3]	trace-free metric fluctuation	h_0=h-eta tr(h)/4	0	0	0	5	0	5	(1,1) tensor Sym^5(1/2,1/2)	B_lin h_0	E_n:hstar_0	3	exact
5	M_n	488	h_0_(02)[P0^2*P1*P3^2]	trace-free metric fluctuation	h_0=h-eta tr(h)/4	0	0	0	5	0	5	(1,1) tensor Sym^5(1/2,1/2)	B_lin h_0	E_n:hstar_0	2	exact
5	M_n	489	h_0_(02)[P0^2*P1*P2*P3]	trace-free metric fluctuation	h_0=h-eta tr(h)/4	0	0	0	5	0	5	(1,1) tensor Sym^5(1/2,1/2)	B_lin h_0	E_n:hstar_0	3	exact
5	M_n	490	h_0_(02)[P0^2*P1*P2^2]	trace-free metric fluctuation	h_0=h-eta tr(h)/4	0	0	0	5	0	5	(1,1) tensor Sym^5(1/2,1/2)	B_lin h_0	E_n:hstar_0	3	exact
5	M_n	491	h_0_(02)[P0^2*P1^2*P3]	trace-free metric fluctuation	h_0=h-eta tr(h)/4	0	0	0	5	0	5	(1,1) tensor Sym^5(1/2,1/2)	B_lin h_0	E_n:hstar_0	2	exact
5	M_n	492	h_0_(02)[P0^2*P1^2*P2]	trace-free metric fluctuation	h_0=h-eta tr(h)/4	0	0	0	5	0	5	(1,1) tensor Sym^5(1/2,1/2)	B_lin h_0	E_n:hstar_0	5	exact
5	M_n	493	h_0_(02)[P0^2*P1^3]	trace-free metric fluctuation	h_0=h-eta tr(h)/4	0	0	0	5	0	5	(1,1) tensor Sym^5(1/2,1/2)	B_lin h_0	E_n:hstar_0	2	exact
5	M_n	494	h_0_(02)[P0^3*P3^2]	trace-free metric fluctuation	h_0=h-eta tr(h)/4	0	0	0	5	0	5	(1,1) tensor Sym^5(1/2,1/2)	B_lin h_0	E_n:hstar_0	2	exact
5	M_n	495	h_0_(02)[P0^3*P2*P3]	trace-free metric fluctuation	h_0=h-eta tr(h)/4	0	0	0	5	0	5	(1,1) tensor Sym^5(1/2,1/2)	B_lin h_0	E_n:hstar_0	4	exact
5	M_n	496	h_0_(02)[P0^3*P2^2]	trace-free metric fluctuation	h_0=h-eta tr(h)/4	0	0	0	5	0	5	(1,1) tensor Sym^5(1/2,1/2)	B_lin h_0	E_n:hstar_0	3	exact
5	M_n	497	h_0_(02)[P0^3*P1*P3]	trace-free metric fluctuation	h_0=h-eta tr(h)/4	0	0	0	5	0	5	(1,1) tensor Sym^5(1/2,1/2)	B_lin h_0	E_n:hstar_0	2	exact
5	M_n	498	h_0_(02)[P0^3*P1*P2]	trace-free metric fluctuation	h_0=h-eta tr(h)/4	0	0	0	5	0	5	(1,1) tensor Sym^5(1/2,1/2)	B_lin h_0	E_n:hstar_0	4	exact
5	M_n	499	h_0_(02)[P0^3*P1^2]	trace-free metric fluctuation	h_0=h-eta tr(h)/4	0	0	0	5	0	5	(1,1) tensor Sym^5(1/2,1/2)	B_lin h_0	E_n:hstar_0	2	exact
5	M_n	500	h_0_(02)[P0^4*P3]	trace-free metric fluctuation	h_0=h-eta tr(h)/4	0	0	0	5	0	5	(1,1) tensor Sym^5(1/2,1/2)	B_lin h_0	E_n:hstar_0	1	exact
5	M_n	501	h_0_(02)[P0^4*P2]	trace-free metric fluctuation	h_0=h-eta tr(h)/4	0	0	0	5	0	5	(1,1) tensor Sym^5(1/2,1/2)	B_lin h_0	E_n:hstar_0	2	exact
5	M_n	502	h_0_(02)[P0^4*P1]	trace-free metric fluctuation	h_0=h-eta tr(h)/4	0	0	0	5	0	5	(1,1) tensor Sym^5(1/2,1/2)	B_lin h_0	E_n:hstar_0	1	exact
5	M_n	503	h_0_(02)[P0^5]	trace-free metric fluctuation	h_0=h-eta tr(h)/4	0	0	0	5	0	5	(1,1) tensor Sym^5(1/2,1/2)	B_lin h_0	E_n:hstar_0	0	exact
5	M_n	504	h_0_(03)[P3^5]	trace-free metric fluctuation	h_0=h-eta tr(h)/4	0	0	0	5	0	5	(1,1) tensor Sym^5(1/2,1/2)	B_lin h_0	E_n:hstar_0	0	exact
5	M_n	505	h_0_(03)[P2*P3^4]	trace-free metric fluctuation	h_0=h-eta tr(h)/4	0	0	0	5	0	5	(1,1) tensor Sym^5(1/2,1/2)	B_lin h_0	E_n:hstar_0	1	exact
5	M_n	506	h_0_(03)[P2^2*P3^3]	trace-free metric fluctuation	h_0=h-eta tr(h)/4	0	0	0	5	0	5	(1,1) tensor Sym^5(1/2,1/2)	B_lin h_0	E_n:hstar_0	2	exact
5	M_n	507	h_0_(03)[P2^3*P3^2]	trace-free metric fluctuation	h_0=h-eta tr(h)/4	0	0	0	5	0	5	(1,1) tensor Sym^5(1/2,1/2)	B_lin h_0	E_n:hstar_0	2	exact
5	M_n	508	h_0_(03)[P2^4*P3]	trace-free metric fluctuation	h_0=h-eta tr(h)/4	0	0	0	5	0	5	(1,1) tensor Sym^5(1/2,1/2)	B_lin h_0	E_n:hstar_0	2	exact
5	M_n	509	h_0_(03)[P2^5]	trace-free metric fluctuation	h_0=h-eta tr(h)/4	0	0	0	5	0	5	(1,1) tensor Sym^5(1/2,1/2)	B_lin h_0	E_n:hstar_0	1	exact
5	M_n	510	h_0_(03)[P1*P3^4]	trace-free metric fluctuation	h_0=h-eta tr(h)/4	0	0	0	5	0	5	(1,1) tensor Sym^5(1/2,1/2)	B_lin h_0	E_n:hstar_0	1	exact
5	M_n	511	h_0_(03)[P1*P2*P3^3]	trace-free metric fluctuation	h_0=h-eta tr(h)/4	0	0	0	5	0	5	(1,1) tensor Sym^5(1/2,1/2)	B_lin h_0	E_n:hstar_0	2	exact
5	M_n	512	h_0_(03)[P1*P2^2*P3^2]	trace-free metric fluctuation	h_0=h-eta tr(h)/4	0	0	0	5	0	5	(1,1) tensor Sym^5(1/2,1/2)	B_lin h_0	E_n:hstar_0	2	exact
5	M_n	513	h_0_(03)[P1*P2^3*P3]	trace-free metric fluctuation	h_0=h-eta tr(h)/4	0	0	0	5	0	5	(1,1) tensor Sym^5(1/2,1/2)	B_lin h_0	E_n:hstar_0	2	exact
5	M_n	514	h_0_(03)[P1*P2^4]	trace-free metric fluctuation	h_0=h-eta tr(h)/4	0	0	0	5	0	5	(1,1) tensor Sym^5(1/2,1/2)	B_lin h_0	E_n:hstar_0	1	exact
5	M_n	515	h_0_(03)[P1^2*P3^3]	trace-free metric fluctuation	h_0=h-eta tr(h)/4	0	0	0	5	0	5	(1,1) tensor Sym^5(1/2,1/2)	B_lin h_0	E_n:hstar_0	2	exact
5	M_n	516	h_0_(03)[P1^2*P2*P3^2]	trace-free metric fluctuation	h_0=h-eta tr(h)/4	0	0	0	5	0	5	(1,1) tensor Sym^5(1/2,1/2)	B_lin h_0	E_n:hstar_0	2	exact
5	M_n	517	h_0_(03)[P1^2*P2^2*P3]	trace-free metric fluctuation	h_0=h-eta tr(h)/4	0	0	0	5	0	5	(1,1) tensor Sym^5(1/2,1/2)	B_lin h_0	E_n:hstar_0	3	exact
5	M_n	518	h_0_(03)[P1^2*P2^3]	trace-free metric fluctuation	h_0=h-eta tr(h)/4	0	0	0	5	0	5	(1,1) tensor Sym^5(1/2,1/2)	B_lin h_0	E_n:hstar_0	1	exact
5	M_n	519	h_0_(03)[P1^3*P3^2]	trace-free metric fluctuation	h_0=h-eta tr(h)/4	0	0	0	5	0	5	(1,1) tensor Sym^5(1/2,1/2)	B_lin h_0	E_n:hstar_0	2	exact
5	M_n	520	h_0_(03)[P1^3*P2*P3]	trace-free metric fluctuation	h_0=h-eta tr(h)/4	0	0	0	5	0	5	(1,1) tensor Sym^5(1/2,1/2)	B_lin h_0	E_n:hstar_0	2	exact
5	M_n	521	h_0_(03)[P1^3*P2^2]	trace-free metric fluctuation	h_0=h-eta tr(h)/4	0	0	0	5	0	5	(1,1) tensor Sym^5(1/2,1/2)	B_lin h_0	E_n:hstar_0	1	exact
5	M_n	522	h_0_(03)[P1^4*P3]	trace-free metric fluctuation	h_0=h-eta tr(h)/4	0	0	0	5	0	5	(1,1) tensor Sym^5(1/2,1/2)	B_lin h_0	E_n:hstar_0	2	exact
5	M_n	523	h_0_(03)[P1^4*P2]	trace-free metric fluctuation	h_0=h-eta tr(h)/4	0	0	0	5	0	5	(1,1) tensor Sym^5(1/2,1/2)	B_lin h_0	E_n:hstar_0	1	exact
5	M_n	524	h_0_(03)[P1^5]	trace-free metric fluctuation	h_0=h-eta tr(h)/4	0	0	0	5	0	5	(1,1) tensor Sym^5(1/2,1/2)	B_lin h_0	E_n:hstar_0	1	exact
5	M_n	525	h_0_(03)[P0*P3^4]	trace-free metric fluctuation	h_0=h-eta tr(h)/4	0	0	0	5	0	5	(1,1) tensor Sym^5(1/2,1/2)	B_lin h_0	E_n:hstar_0	3	exact
5	M_n	526	h_0_(03)[P0*P2*P3^3]	trace-free metric fluctuation	h_0=h-eta tr(h)/4	0	0	0	5	0	5	(1,1) tensor Sym^5(1/2,1/2)	B_lin h_0	E_n:hstar_0	5	exact
5	M_n	527	h_0_(03)[P0*P2^2*P3^2]	trace-free metric fluctuation	h_0=h-eta tr(h)/4	0	0	0	5	0	5	(1,1) tensor Sym^5(1/2,1/2)	B_lin h_0	E_n:hstar_0	5	exact
5	M_n	528	h_0_(03)[P0*P2^3*P3]	trace-free metric fluctuation	h_0=h-eta tr(h)/4	0	0	0	5	0	5	(1,1) tensor Sym^5(1/2,1/2)	B_lin h_0	E_n:hstar_0	5	exact
5	M_n	529	h_0_(03)[P0*P2^4]	trace-free metric fluctuation	h_0=h-eta tr(h)/4	0	0	0	5	0	5	(1,1) tensor Sym^5(1/2,1/2)	B_lin h_0	E_n:hstar_0	2	exact
5	M_n	530	h_0_(03)[P0*P1*P3^3]	trace-free metric fluctuation	h_0=h-eta tr(h)/4	0	0	0	5	0	5	(1,1) tensor Sym^5(1/2,1/2)	B_lin h_0	E_n:hstar_0	5	exact
5	M_n	531	h_0_(03)[P0*P1*P2*P3^2]	trace-free metric fluctuation	h_0=h-eta tr(h)/4	0	0	0	5	0	5	(1,1) tensor Sym^5(1/2,1/2)	B_lin h_0	E_n:hstar_0	3	exact
5	M_n	532	h_0_(03)[P0*P1*P2^2*P3]	trace-free metric fluctuation	h_0=h-eta tr(h)/4	0	0	0	5	0	5	(1,1) tensor Sym^5(1/2,1/2)	B_lin h_0	E_n:hstar_0	6	exact
5	M_n	533	h_0_(03)[P0*P1*P2^3]	trace-free metric fluctuation	h_0=h-eta tr(h)/4	0	0	0	5	0	5	(1,1) tensor Sym^5(1/2,1/2)	B_lin h_0	E_n:hstar_0	2	exact
5	M_n	534	h_0_(03)[P0*P1^2*P3^2]	trace-free metric fluctuation	h_0=h-eta tr(h)/4	0	0	0	5	0	5	(1,1) tensor Sym^5(1/2,1/2)	B_lin h_0	E_n:hstar_0	5	exact
5	M_n	535	h_0_(03)[P0*P1^2*P2*P3]	trace-free metric fluctuation	h_0=h-eta tr(h)/4	0	0	0	5	0	5	(1,1) tensor Sym^5(1/2,1/2)	B_lin h_0	E_n:hstar_0	6	exact
5	M_n	536	h_0_(03)[P0*P1^2*P2^2]	trace-free metric fluctuation	h_0=h-eta tr(h)/4	0	0	0	5	0	5	(1,1) tensor Sym^5(1/2,1/2)	B_lin h_0	E_n:hstar_0	3	exact
5	M_n	537	h_0_(03)[P0*P1^3*P3]	trace-free metric fluctuation	h_0=h-eta tr(h)/4	0	0	0	5	0	5	(1,1) tensor Sym^5(1/2,1/2)	B_lin h_0	E_n:hstar_0	5	exact
5	M_n	538	h_0_(03)[P0*P1^3*P2]	trace-free metric fluctuation	h_0=h-eta tr(h)/4	0	0	0	5	0	5	(1,1) tensor Sym^5(1/2,1/2)	B_lin h_0	E_n:hstar_0	2	exact
5	M_n	539	h_0_(03)[P0*P1^4]	trace-free metric fluctuation	h_0=h-eta tr(h)/4	0	0	0	5	0	5	(1,1) tensor Sym^5(1/2,1/2)	B_lin h_0	E_n:hstar_0	2	exact
5	M_n	540	h_0_(03)[P0^2*P3^3]	trace-free metric fluctuation	h_0=h-eta tr(h)/4	0	0	0	5	0	5	(1,1) tensor Sym^5(1/2,1/2)	B_lin h_0	E_n:hstar_0	4	exact
5	M_n	541	h_0_(03)[P0^2*P2*P3^2]	trace-free metric fluctuation	h_0=h-eta tr(h)/4	0	0	0	5	0	5	(1,1) tensor Sym^5(1/2,1/2)	B_lin h_0	E_n:hstar_0	3	exact
5	M_n	542	h_0_(03)[P0^2*P2^2*P3]	trace-free metric fluctuation	h_0=h-eta tr(h)/4	0	0	0	5	0	5	(1,1) tensor Sym^5(1/2,1/2)	B_lin h_0	E_n:hstar_0	5	exact
5	M_n	543	h_0_(03)[P0^2*P2^3]	trace-free metric fluctuation	h_0=h-eta tr(h)/4	0	0	0	5	0	5	(1,1) tensor Sym^5(1/2,1/2)	B_lin h_0	E_n:hstar_0	2	exact
5	M_n	544	h_0_(03)[P0^2*P1*P3^2]	trace-free metric fluctuation	h_0=h-eta tr(h)/4	0	0	0	5	0	5	(1,1) tensor Sym^5(1/2,1/2)	B_lin h_0	E_n:hstar_0	3	exact
5	M_n	545	h_0_(03)[P0^2*P1*P2*P3]	trace-free metric fluctuation	h_0=h-eta tr(h)/4	0	0	0	5	0	5	(1,1) tensor Sym^5(1/2,1/2)	B_lin h_0	E_n:hstar_0	3	exact
5	M_n	546	h_0_(03)[P0^2*P1*P2^2]	trace-free metric fluctuation	h_0=h-eta tr(h)/4	0	0	0	5	0	5	(1,1) tensor Sym^5(1/2,1/2)	B_lin h_0	E_n:hstar_0	2	exact
5	M_n	547	h_0_(03)[P0^2*P1^2*P3]	trace-free metric fluctuation	h_0=h-eta tr(h)/4	0	0	0	5	0	5	(1,1) tensor Sym^5(1/2,1/2)	B_lin h_0	E_n:hstar_0	5	exact
5	M_n	548	h_0_(03)[P0^2*P1^2*P2]	trace-free metric fluctuation	h_0=h-eta tr(h)/4	0	0	0	5	0	5	(1,1) tensor Sym^5(1/2,1/2)	B_lin h_0	E_n:hstar_0	2	exact
5	M_n	549	h_0_(03)[P0^2*P1^3]	trace-free metric fluctuation	h_0=h-eta tr(h)/4	0	0	0	5	0	5	(1,1) tensor Sym^5(1/2,1/2)	B_lin h_0	E_n:hstar_0	2	exact
5	M_n	550	h_0_(03)[P0^3*P3^2]	trace-free metric fluctuation	h_0=h-eta tr(h)/4	0	0	0	5	0	5	(1,1) tensor Sym^5(1/2,1/2)	B_lin h_0	E_n:hstar_0	3	exact
5	M_n	551	h_0_(03)[P0^3*P2*P3]	trace-free metric fluctuation	h_0=h-eta tr(h)/4	0	0	0	5	0	5	(1,1) tensor Sym^5(1/2,1/2)	B_lin h_0	E_n:hstar_0	4	exact
5	M_n	552	h_0_(03)[P0^3*P2^2]	trace-free metric fluctuation	h_0=h-eta tr(h)/4	0	0	0	5	0	5	(1,1) tensor Sym^5(1/2,1/2)	B_lin h_0	E_n:hstar_0	2	exact
5	M_n	553	h_0_(03)[P0^3*P1*P3]	trace-free metric fluctuation	h_0=h-eta tr(h)/4	0	0	0	5	0	5	(1,1) tensor Sym^5(1/2,1/2)	B_lin h_0	E_n:hstar_0	4	exact
5	M_n	554	h_0_(03)[P0^3*P1*P2]	trace-free metric fluctuation	h_0=h-eta tr(h)/4	0	0	0	5	0	5	(1,1) tensor Sym^5(1/2,1/2)	B_lin h_0	E_n:hstar_0	2	exact
5	M_n	555	h_0_(03)[P0^3*P1^2]	trace-free metric fluctuation	h_0=h-eta tr(h)/4	0	0	0	5	0	5	(1,1) tensor Sym^5(1/2,1/2)	B_lin h_0	E_n:hstar_0	2	exact
5	M_n	556	h_0_(03)[P0^4*P3]	trace-free metric fluctuation	h_0=h-eta tr(h)/4	0	0	0	5	0	5	(1,1) tensor Sym^5(1/2,1/2)	B_lin h_0	E_n:hstar_0	2	exact
5	M_n	557	h_0_(03)[P0^4*P2]	trace-free metric fluctuation	h_0=h-eta tr(h)/4	0	0	0	5	0	5	(1,1) tensor Sym^5(1/2,1/2)	B_lin h_0	E_n:hstar_0	1	exact
5	M_n	558	h_0_(03)[P0^4*P1]	trace-free metric fluctuation	h_0=h-eta tr(h)/4	0	0	0	5	0	5	(1,1) tensor Sym^5(1/2,1/2)	B_lin h_0	E_n:hstar_0	1	exact
5	M_n	559	h_0_(03)[P0^5]	trace-free metric fluctuation	h_0=h-eta tr(h)/4	0	0	0	5	0	5	(1,1) tensor Sym^5(1/2,1/2)	B_lin h_0	E_n:hstar_0	0	exact
5	M_n	560	h_0_(12)[P3^5]	trace-free metric fluctuation	h_0=h-eta tr(h)/4	0	0	0	5	0	5	(1,1) tensor Sym^5(1/2,1/2)	B_lin h_0	E_n:hstar_0	1	exact
5	M_n	561	h_0_(12)[P2*P3^4]	trace-free metric fluctuation	h_0=h-eta tr(h)/4	0	0	0	5	0	5	(1,1) tensor Sym^5(1/2,1/2)	B_lin h_0	E_n:hstar_0	2	exact
5	M_n	562	h_0_(12)[P2^2*P3^3]	trace-free metric fluctuation	h_0=h-eta tr(h)/4	0	0	0	5	0	5	(1,1) tensor Sym^5(1/2,1/2)	B_lin h_0	E_n:hstar_0	2	exact
5	M_n	563	h_0_(12)[P2^3*P3^2]	trace-free metric fluctuation	h_0=h-eta tr(h)/4	0	0	0	5	0	5	(1,1) tensor Sym^5(1/2,1/2)	B_lin h_0	E_n:hstar_0	2	exact
5	M_n	564	h_0_(12)[P2^4*P3]	trace-free metric fluctuation	h_0=h-eta tr(h)/4	0	0	0	5	0	5	(1,1) tensor Sym^5(1/2,1/2)	B_lin h_0	E_n:hstar_0	1	exact
5	M_n	565	h_0_(12)[P2^5]	trace-free metric fluctuation	h_0=h-eta tr(h)/4	0	0	0	5	0	5	(1,1) tensor Sym^5(1/2,1/2)	B_lin h_0	E_n:hstar_0	0	exact
5	M_n	566	h_0_(12)[P1*P3^4]	trace-free metric fluctuation	h_0=h-eta tr(h)/4	0	0	0	5	0	5	(1,1) tensor Sym^5(1/2,1/2)	B_lin h_0	E_n:hstar_0	2	exact
5	M_n	567	h_0_(12)[P1*P2*P3^3]	trace-free metric fluctuation	h_0=h-eta tr(h)/4	0	0	0	5	0	5	(1,1) tensor Sym^5(1/2,1/2)	B_lin h_0	E_n:hstar_0	5	exact
5	M_n	568	h_0_(12)[P1*P2^2*P3^2]	trace-free metric fluctuation	h_0=h-eta tr(h)/4	0	0	0	5	0	5	(1,1) tensor Sym^5(1/2,1/2)	B_lin h_0	E_n:hstar_0	5	exact
5	M_n	569	h_0_(12)[P1*P2^3*P3]	trace-free metric fluctuation	h_0=h-eta tr(h)/4	0	0	0	5	0	5	(1,1) tensor Sym^5(1/2,1/2)	B_lin h_0	E_n:hstar_0	4	exact
5	M_n	570	h_0_(12)[P1*P2^4]	trace-free metric fluctuation	h_0=h-eta tr(h)/4	0	0	0	5	0	5	(1,1) tensor Sym^5(1/2,1/2)	B_lin h_0	E_n:hstar_0	2	exact
5	M_n	571	h_0_(12)[P1^2*P3^3]	trace-free metric fluctuation	h_0=h-eta tr(h)/4	0	0	0	5	0	5	(1,1) tensor Sym^5(1/2,1/2)	B_lin h_0	E_n:hstar_0	2	exact
5	M_n	572	h_0_(12)[P1^2*P2*P3^2]	trace-free metric fluctuation	h_0=h-eta tr(h)/4	0	0	0	5	0	5	(1,1) tensor Sym^5(1/2,1/2)	B_lin h_0	E_n:hstar_0	5	exact
5	M_n	573	h_0_(12)[P1^2*P2^2*P3]	trace-free metric fluctuation	h_0=h-eta tr(h)/4	0	0	0	5	0	5	(1,1) tensor Sym^5(1/2,1/2)	B_lin h_0	E_n:hstar_0	3	exact
5	M_n	574	h_0_(12)[P1^2*P2^3]	trace-free metric fluctuation	h_0=h-eta tr(h)/4	0	0	0	5	0	5	(1,1) tensor Sym^5(1/2,1/2)	B_lin h_0	E_n:hstar_0	3	exact
5	M_n	575	h_0_(12)[P1^3*P3^2]	trace-free metric fluctuation	h_0=h-eta tr(h)/4	0	0	0	5	0	5	(1,1) tensor Sym^5(1/2,1/2)	B_lin h_0	E_n:hstar_0	2	exact
5	M_n	576	h_0_(12)[P1^3*P2*P3]	trace-free metric fluctuation	h_0=h-eta tr(h)/4	0	0	0	5	0	5	(1,1) tensor Sym^5(1/2,1/2)	B_lin h_0	E_n:hstar_0	4	exact
5	M_n	577	h_0_(12)[P1^3*P2^2]	trace-free metric fluctuation	h_0=h-eta tr(h)/4	0	0	0	5	0	5	(1,1) tensor Sym^5(1/2,1/2)	B_lin h_0	E_n:hstar_0	3	exact
5	M_n	578	h_0_(12)[P1^4*P3]	trace-free metric fluctuation	h_0=h-eta tr(h)/4	0	0	0	5	0	5	(1,1) tensor Sym^5(1/2,1/2)	B_lin h_0	E_n:hstar_0	1	exact
5	M_n	579	h_0_(12)[P1^4*P2]	trace-free metric fluctuation	h_0=h-eta tr(h)/4	0	0	0	5	0	5	(1,1) tensor Sym^5(1/2,1/2)	B_lin h_0	E_n:hstar_0	2	exact
5	M_n	580	h_0_(12)[P1^5]	trace-free metric fluctuation	h_0=h-eta tr(h)/4	0	0	0	5	0	5	(1,1) tensor Sym^5(1/2,1/2)	B_lin h_0	E_n:hstar_0	0	exact
5	M_n	581	h_0_(12)[P0*P3^4]	trace-free metric fluctuation	h_0=h-eta tr(h)/4	0	0	0	5	0	5	(1,1) tensor Sym^5(1/2,1/2)	B_lin h_0	E_n:hstar_0	1	exact
5	M_n	582	h_0_(12)[P0*P2*P3^3]	trace-free metric fluctuation	h_0=h-eta tr(h)/4	0	0	0	5	0	5	(1,1) tensor Sym^5(1/2,1/2)	B_lin h_0	E_n:hstar_0	2	exact
5	M_n	583	h_0_(12)[P0*P2^2*P3^2]	trace-free metric fluctuation	h_0=h-eta tr(h)/4	0	0	0	5	0	5	(1,1) tensor Sym^5(1/2,1/2)	B_lin h_0	E_n:hstar_0	2	exact
5	M_n	584	h_0_(12)[P0*P2^3*P3]	trace-free metric fluctuation	h_0=h-eta tr(h)/4	0	0	0	5	0	5	(1,1) tensor Sym^5(1/2,1/2)	B_lin h_0	E_n:hstar_0	2	exact
5	M_n	585	h_0_(12)[P0*P2^4]	trace-free metric fluctuation	h_0=h-eta tr(h)/4	0	0	0	5	0	5	(1,1) tensor Sym^5(1/2,1/2)	B_lin h_0	E_n:hstar_0	1	exact
5	M_n	586	h_0_(12)[P0*P1*P3^3]	trace-free metric fluctuation	h_0=h-eta tr(h)/4	0	0	0	5	0	5	(1,1) tensor Sym^5(1/2,1/2)	B_lin h_0	E_n:hstar_0	2	exact
5	M_n	587	h_0_(12)[P0*P1*P2*P3^2]	trace-free metric fluctuation	h_0=h-eta tr(h)/4	0	0	0	5	0	5	(1,1) tensor Sym^5(1/2,1/2)	B_lin h_0	E_n:hstar_0	6	exact
5	M_n	588	h_0_(12)[P0*P1*P2^2*P3]	trace-free metric fluctuation	h_0=h-eta tr(h)/4	0	0	0	5	0	5	(1,1) tensor Sym^5(1/2,1/2)	B_lin h_0	E_n:hstar_0	3	exact
5	M_n	589	h_0_(12)[P0*P1*P2^3]	trace-free metric fluctuation	h_0=h-eta tr(h)/4	0	0	0	5	0	5	(1,1) tensor Sym^5(1/2,1/2)	B_lin h_0	E_n:hstar_0	4	exact
5	M_n	590	h_0_(12)[P0*P1^2*P3^2]	trace-free metric fluctuation	h_0=h-eta tr(h)/4	0	0	0	5	0	5	(1,1) tensor Sym^5(1/2,1/2)	B_lin h_0	E_n:hstar_0	2	exact
5	M_n	591	h_0_(12)[P0*P1^2*P2*P3]	trace-free metric fluctuation	h_0=h-eta tr(h)/4	0	0	0	5	0	5	(1,1) tensor Sym^5(1/2,1/2)	B_lin h_0	E_n:hstar_0	3	exact
5	M_n	592	h_0_(12)[P0*P1^2*P2^2]	trace-free metric fluctuation	h_0=h-eta tr(h)/4	0	0	0	5	0	5	(1,1) tensor Sym^5(1/2,1/2)	B_lin h_0	E_n:hstar_0	3	exact
5	M_n	593	h_0_(12)[P0*P1^3*P3]	trace-free metric fluctuation	h_0=h-eta tr(h)/4	0	0	0	5	0	5	(1,1) tensor Sym^5(1/2,1/2)	B_lin h_0	E_n:hstar_0	2	exact
5	M_n	594	h_0_(12)[P0*P1^3*P2]	trace-free metric fluctuation	h_0=h-eta tr(h)/4	0	0	0	5	0	5	(1,1) tensor Sym^5(1/2,1/2)	B_lin h_0	E_n:hstar_0	4	exact
5	M_n	595	h_0_(12)[P0*P1^4]	trace-free metric fluctuation	h_0=h-eta tr(h)/4	0	0	0	5	0	5	(1,1) tensor Sym^5(1/2,1/2)	B_lin h_0	E_n:hstar_0	1	exact
5	M_n	596	h_0_(12)[P0^2*P3^3]	trace-free metric fluctuation	h_0=h-eta tr(h)/4	0	0	0	5	0	5	(1,1) tensor Sym^5(1/2,1/2)	B_lin h_0	E_n:hstar_0	1	exact
5	M_n	597	h_0_(12)[P0^2*P2*P3^2]	trace-free metric fluctuation	h_0=h-eta tr(h)/4	0	0	0	5	0	5	(1,1) tensor Sym^5(1/2,1/2)	B_lin h_0	E_n:hstar_0	3	exact
5	M_n	598	h_0_(12)[P0^2*P2^2*P3]	trace-free metric fluctuation	h_0=h-eta tr(h)/4	0	0	0	5	0	5	(1,1) tensor Sym^5(1/2,1/2)	B_lin h_0	E_n:hstar_0	2	exact
5	M_n	599	h_0_(12)[P0^2*P2^3]	trace-free metric fluctuation	h_0=h-eta tr(h)/4	0	0	0	5	0	5	(1,1) tensor Sym^5(1/2,1/2)	B_lin h_0	E_n:hstar_0	2	exact
5	M_n	600	h_0_(12)[P0^2*P1*P3^2]	trace-free metric fluctuation	h_0=h-eta tr(h)/4	0	0	0	5	0	5	(1,1) tensor Sym^5(1/2,1/2)	B_lin h_0	E_n:hstar_0	3	exact
5	M_n	601	h_0_(12)[P0^2*P1*P2*P3]	trace-free metric fluctuation	h_0=h-eta tr(h)/4	0	0	0	5	0	5	(1,1) tensor Sym^5(1/2,1/2)	B_lin h_0	E_n:hstar_0	6	exact
5	M_n	602	h_0_(12)[P0^2*P1*P2^2]	trace-free metric fluctuation	h_0=h-eta tr(h)/4	0	0	0	5	0	5	(1,1) tensor Sym^5(1/2,1/2)	B_lin h_0	E_n:hstar_0	5	exact
5	M_n	603	h_0_(12)[P0^2*P1^2*P3]	trace-free metric fluctuation	h_0=h-eta tr(h)/4	0	0	0	5	0	5	(1,1) tensor Sym^5(1/2,1/2)	B_lin h_0	E_n:hstar_0	2	exact
5	M_n	604	h_0_(12)[P0^2*P1^2*P2]	trace-free metric fluctuation	h_0=h-eta tr(h)/4	0	0	0	5	0	5	(1,1) tensor Sym^5(1/2,1/2)	B_lin h_0	E_n:hstar_0	5	exact
5	M_n	605	h_0_(12)[P0^2*P1^3]	trace-free metric fluctuation	h_0=h-eta tr(h)/4	0	0	0	5	0	5	(1,1) tensor Sym^5(1/2,1/2)	B_lin h_0	E_n:hstar_0	2	exact
5	M_n	606	h_0_(12)[P0^3*P3^2]	trace-free metric fluctuation	h_0=h-eta tr(h)/4	0	0	0	5	0	5	(1,1) tensor Sym^5(1/2,1/2)	B_lin h_0	E_n:hstar_0	1	exact
5	M_n	607	h_0_(12)[P0^3*P2*P3]	trace-free metric fluctuation	h_0=h-eta tr(h)/4	0	0	0	5	0	5	(1,1) tensor Sym^5(1/2,1/2)	B_lin h_0	E_n:hstar_0	2	exact
5	M_n	608	h_0_(12)[P0^3*P2^2]	trace-free metric fluctuation	h_0=h-eta tr(h)/4	0	0	0	5	0	5	(1,1) tensor Sym^5(1/2,1/2)	B_lin h_0	E_n:hstar_0	2	exact
5	M_n	609	h_0_(12)[P0^3*P1*P3]	trace-free metric fluctuation	h_0=h-eta tr(h)/4	0	0	0	5	0	5	(1,1) tensor Sym^5(1/2,1/2)	B_lin h_0	E_n:hstar_0	2	exact
5	M_n	610	h_0_(12)[P0^3*P1*P2]	trace-free metric fluctuation	h_0=h-eta tr(h)/4	0	0	0	5	0	5	(1,1) tensor Sym^5(1/2,1/2)	B_lin h_0	E_n:hstar_0	5	exact
5	M_n	611	h_0_(12)[P0^3*P1^2]	trace-free metric fluctuation	h_0=h-eta tr(h)/4	0	0	0	5	0	5	(1,1) tensor Sym^5(1/2,1/2)	B_lin h_0	E_n:hstar_0	2	exact
5	M_n	612	h_0_(12)[P0^4*P3]	trace-free metric fluctuation	h_0=h-eta tr(h)/4	0	0	0	5	0	5	(1,1) tensor Sym^5(1/2,1/2)	B_lin h_0	E_n:hstar_0	1	exact
5	M_n	613	h_0_(12)[P0^4*P2]	trace-free metric fluctuation	h_0=h-eta tr(h)/4	0	0	0	5	0	5	(1,1) tensor Sym^5(1/2,1/2)	B_lin h_0	E_n:hstar_0	2	exact
5	M_n	614	h_0_(12)[P0^4*P1]	trace-free metric fluctuation	h_0=h-eta tr(h)/4	0	0	0	5	0	5	(1,1) tensor Sym^5(1/2,1/2)	B_lin h_0	E_n:hstar_0	2	exact
5	M_n	615	h_0_(12)[P0^5]	trace-free metric fluctuation	h_0=h-eta tr(h)/4	0	0	0	5	0	5	(1,1) tensor Sym^5(1/2,1/2)	B_lin h_0	E_n:hstar_0	1	exact
5	M_n	616	h_0_(13)[P3^5]	trace-free metric fluctuation	h_0=h-eta tr(h)/4	0	0	0	5	0	5	(1,1) tensor Sym^5(1/2,1/2)	B_lin h_0	E_n:hstar_0	0	exact
5	M_n	617	h_0_(13)[P2*P3^4]	trace-free metric fluctuation	h_0=h-eta tr(h)/4	0	0	0	5	0	5	(1,1) tensor Sym^5(1/2,1/2)	B_lin h_0	E_n:hstar_0	1	exact
5	M_n	618	h_0_(13)[P2^2*P3^3]	trace-free metric fluctuation	h_0=h-eta tr(h)/4	0	0	0	5	0	5	(1,1) tensor Sym^5(1/2,1/2)	B_lin h_0	E_n:hstar_0	2	exact
5	M_n	619	h_0_(13)[P2^3*P3^2]	trace-free metric fluctuation	h_0=h-eta tr(h)/4	0	0	0	5	0	5	(1,1) tensor Sym^5(1/2,1/2)	B_lin h_0	E_n:hstar_0	2	exact
5	M_n	620	h_0_(13)[P2^4*P3]	trace-free metric fluctuation	h_0=h-eta tr(h)/4	0	0	0	5	0	5	(1,1) tensor Sym^5(1/2,1/2)	B_lin h_0	E_n:hstar_0	2	exact
5	M_n	621	h_0_(13)[P2^5]	trace-free metric fluctuation	h_0=h-eta tr(h)/4	0	0	0	5	0	5	(1,1) tensor Sym^5(1/2,1/2)	B_lin h_0	E_n:hstar_0	1	exact
5	M_n	622	h_0_(13)[P1*P3^4]	trace-free metric fluctuation	h_0=h-eta tr(h)/4	0	0	0	5	0	5	(1,1) tensor Sym^5(1/2,1/2)	B_lin h_0	E_n:hstar_0	3	exact
5	M_n	623	h_0_(13)[P1*P2*P3^3]	trace-free metric fluctuation	h_0=h-eta tr(h)/4	0	0	0	5	0	5	(1,1) tensor Sym^5(1/2,1/2)	B_lin h_0	E_n:hstar_0	5	exact
5	M_n	624	h_0_(13)[P1*P2^2*P3^2]	trace-free metric fluctuation	h_0=h-eta tr(h)/4	0	0	0	5	0	5	(1,1) tensor Sym^5(1/2,1/2)	B_lin h_0	E_n:hstar_0	5	exact
5	M_n	625	h_0_(13)[P1*P2^3*P3]	trace-free metric fluctuation	h_0=h-eta tr(h)/4	0	0	0	5	0	5	(1,1) tensor Sym^5(1/2,1/2)	B_lin h_0	E_n:hstar_0	5	exact
5	M_n	626	h_0_(13)[P1*P2^4]	trace-free metric fluctuation	h_0=h-eta tr(h)/4	0	0	0	5	0	5	(1,1) tensor Sym^5(1/2,1/2)	B_lin h_0	E_n:hstar_0	2	exact
5	M_n	627	h_0_(13)[P1^2*P3^3]	trace-free metric fluctuation	h_0=h-eta tr(h)/4	0	0	0	5	0	5	(1,1) tensor Sym^5(1/2,1/2)	B_lin h_0	E_n:hstar_0	4	exact
5	M_n	628	h_0_(13)[P1^2*P2*P3^2]	trace-free metric fluctuation	h_0=h-eta tr(h)/4	0	0	0	5	0	5	(1,1) tensor Sym^5(1/2,1/2)	B_lin h_0	E_n:hstar_0	3	exact
5	M_n	629	h_0_(13)[P1^2*P2^2*P3]	trace-free metric fluctuation	h_0=h-eta tr(h)/4	0	0	0	5	0	5	(1,1) tensor Sym^5(1/2,1/2)	B_lin h_0	E_n:hstar_0	5	exact
5	M_n	630	h_0_(13)[P1^2*P2^3]	trace-free metric fluctuation	h_0=h-eta tr(h)/4	0	0	0	5	0	5	(1,1) tensor Sym^5(1/2,1/2)	B_lin h_0	E_n:hstar_0	2	exact
5	M_n	631	h_0_(13)[P1^3*P3^2]	trace-free metric fluctuation	h_0=h-eta tr(h)/4	0	0	0	5	0	5	(1,1) tensor Sym^5(1/2,1/2)	B_lin h_0	E_n:hstar_0	3	exact
5	M_n	632	h_0_(13)[P1^3*P2*P3]	trace-free metric fluctuation	h_0=h-eta tr(h)/4	0	0	0	5	0	5	(1,1) tensor Sym^5(1/2,1/2)	B_lin h_0	E_n:hstar_0	4	exact
5	M_n	633	h_0_(13)[P1^3*P2^2]	trace-free metric fluctuation	h_0=h-eta tr(h)/4	0	0	0	5	0	5	(1,1) tensor Sym^5(1/2,1/2)	B_lin h_0	E_n:hstar_0	2	exact
5	M_n	634	h_0_(13)[P1^4*P3]	trace-free metric fluctuation	h_0=h-eta tr(h)/4	0	0	0	5	0	5	(1,1) tensor Sym^5(1/2,1/2)	B_lin h_0	E_n:hstar_0	2	exact
5	M_n	635	h_0_(13)[P1^4*P2]	trace-free metric fluctuation	h_0=h-eta tr(h)/4	0	0	0	5	0	5	(1,1) tensor Sym^5(1/2,1/2)	B_lin h_0	E_n:hstar_0	1	exact
5	M_n	636	h_0_(13)[P1^5]	trace-free metric fluctuation	h_0=h-eta tr(h)/4	0	0	0	5	0	5	(1,1) tensor Sym^5(1/2,1/2)	B_lin h_0	E_n:hstar_0	0	exact
5	M_n	637	h_0_(13)[P0*P3^4]	trace-free metric fluctuation	h_0=h-eta tr(h)/4	0	0	0	5	0	5	(1,1) tensor Sym^5(1/2,1/2)	B_lin h_0	E_n:hstar_0	1	exact
5	M_n	638	h_0_(13)[P0*P2*P3^3]	trace-free metric fluctuation	h_0=h-eta tr(h)/4	0	0	0	5	0	5	(1,1) tensor Sym^5(1/2,1/2)	B_lin h_0	E_n:hstar_0	2	exact
5	M_n	639	h_0_(13)[P0*P2^2*P3^2]	trace-free metric fluctuation	h_0=h-eta tr(h)/4	0	0	0	5	0	5	(1,1) tensor Sym^5(1/2,1/2)	B_lin h_0	E_n:hstar_0	2	exact
5	M_n	640	h_0_(13)[P0*P2^3*P3]	trace-free metric fluctuation	h_0=h-eta tr(h)/4	0	0	0	5	0	5	(1,1) tensor Sym^5(1/2,1/2)	B_lin h_0	E_n:hstar_0	2	exact
5	M_n	641	h_0_(13)[P0*P2^4]	trace-free metric fluctuation	h_0=h-eta tr(h)/4	0	0	0	5	0	5	(1,1) tensor Sym^5(1/2,1/2)	B_lin h_0	E_n:hstar_0	1	exact
5	M_n	642	h_0_(13)[P0*P1*P3^3]	trace-free metric fluctuation	h_0=h-eta tr(h)/4	0	0	0	5	0	5	(1,1) tensor Sym^5(1/2,1/2)	B_lin h_0	E_n:hstar_0	5	exact
5	M_n	643	h_0_(13)[P0*P1*P2*P3^2]	trace-free metric fluctuation	h_0=h-eta tr(h)/4	0	0	0	5	0	5	(1,1) tensor Sym^5(1/2,1/2)	B_lin h_0	E_n:hstar_0	3	exact
5	M_n	644	h_0_(13)[P0*P1*P2^2*P3]	trace-free metric fluctuation	h_0=h-eta tr(h)/4	0	0	0	5	0	5	(1,1) tensor Sym^5(1/2,1/2)	B_lin h_0	E_n:hstar_0	6	exact
5	M_n	645	h_0_(13)[P0*P1*P2^3]	trace-free metric fluctuation	h_0=h-eta tr(h)/4	0	0	0	5	0	5	(1,1) tensor Sym^5(1/2,1/2)	B_lin h_0	E_n:hstar_0	2	exact
5	M_n	646	h_0_(13)[P0*P1^2*P3^2]	trace-free metric fluctuation	h_0=h-eta tr(h)/4	0	0	0	5	0	5	(1,1) tensor Sym^5(1/2,1/2)	B_lin h_0	E_n:hstar_0	3	exact
5	M_n	647	h_0_(13)[P0*P1^2*P2*P3]	trace-free metric fluctuation	h_0=h-eta tr(h)/4	0	0	0	5	0	5	(1,1) tensor Sym^5(1/2,1/2)	B_lin h_0	E_n:hstar_0	3	exact
5	M_n	648	h_0_(13)[P0*P1^2*P2^2]	trace-free metric fluctuation	h_0=h-eta tr(h)/4	0	0	0	5	0	5	(1,1) tensor Sym^5(1/2,1/2)	B_lin h_0	E_n:hstar_0	2	exact
5	M_n	649	h_0_(13)[P0*P1^3*P3]	trace-free metric fluctuation	h_0=h-eta tr(h)/4	0	0	0	5	0	5	(1,1) tensor Sym^5(1/2,1/2)	B_lin h_0	E_n:hstar_0	4	exact
5	M_n	650	h_0_(13)[P0*P1^3*P2]	trace-free metric fluctuation	h_0=h-eta tr(h)/4	0	0	0	5	0	5	(1,1) tensor Sym^5(1/2,1/2)	B_lin h_0	E_n:hstar_0	2	exact
5	M_n	651	h_0_(13)[P0*P1^4]	trace-free metric fluctuation	h_0=h-eta tr(h)/4	0	0	0	5	0	5	(1,1) tensor Sym^5(1/2,1/2)	B_lin h_0	E_n:hstar_0	1	exact
5	M_n	652	h_0_(13)[P0^2*P3^3]	trace-free metric fluctuation	h_0=h-eta tr(h)/4	0	0	0	5	0	5	(1,1) tensor Sym^5(1/2,1/2)	B_lin h_0	E_n:hstar_0	2	exact
5	M_n	653	h_0_(13)[P0^2*P2*P3^2]	trace-free metric fluctuation	h_0=h-eta tr(h)/4	0	0	0	5	0	5	(1,1) tensor Sym^5(1/2,1/2)	B_lin h_0	E_n:hstar_0	2	exact
5	M_n	654	h_0_(13)[P0^2*P2^2*P3]	trace-free metric fluctuation	h_0=h-eta tr(h)/4	0	0	0	5	0	5	(1,1) tensor Sym^5(1/2,1/2)	B_lin h_0	E_n:hstar_0	3	exact
5	M_n	655	h_0_(13)[P0^2*P2^3]	trace-free metric fluctuation	h_0=h-eta tr(h)/4	0	0	0	5	0	5	(1,1) tensor Sym^5(1/2,1/2)	B_lin h_0	E_n:hstar_0	1	exact
5	M_n	656	h_0_(13)[P0^2*P1*P3^2]	trace-free metric fluctuation	h_0=h-eta tr(h)/4	0	0	0	5	0	5	(1,1) tensor Sym^5(1/2,1/2)	B_lin h_0	E_n:hstar_0	5	exact
5	M_n	657	h_0_(13)[P0^2*P1*P2*P3]	trace-free metric fluctuation	h_0=h-eta tr(h)/4	0	0	0	5	0	5	(1,1) tensor Sym^5(1/2,1/2)	B_lin h_0	E_n:hstar_0	6	exact
5	M_n	658	h_0_(13)[P0^2*P1*P2^2]	trace-free metric fluctuation	h_0=h-eta tr(h)/4	0	0	0	5	0	5	(1,1) tensor Sym^5(1/2,1/2)	B_lin h_0	E_n:hstar_0	3	exact
5	M_n	659	h_0_(13)[P0^2*P1^2*P3]	trace-free metric fluctuation	h_0=h-eta tr(h)/4	0	0	0	5	0	5	(1,1) tensor Sym^5(1/2,1/2)	B_lin h_0	E_n:hstar_0	5	exact
5	M_n	660	h_0_(13)[P0^2*P1^2*P2]	trace-free metric fluctuation	h_0=h-eta tr(h)/4	0	0	0	5	0	5	(1,1) tensor Sym^5(1/2,1/2)	B_lin h_0	E_n:hstar_0	2	exact
5	M_n	661	h_0_(13)[P0^2*P1^3]	trace-free metric fluctuation	h_0=h-eta tr(h)/4	0	0	0	5	0	5	(1,1) tensor Sym^5(1/2,1/2)	B_lin h_0	E_n:hstar_0	2	exact
5	M_n	662	h_0_(13)[P0^3*P3^2]	trace-free metric fluctuation	h_0=h-eta tr(h)/4	0	0	0	5	0	5	(1,1) tensor Sym^5(1/2,1/2)	B_lin h_0	E_n:hstar_0	2	exact
5	M_n	663	h_0_(13)[P0^3*P2*P3]	trace-free metric fluctuation	h_0=h-eta tr(h)/4	0	0	0	5	0	5	(1,1) tensor Sym^5(1/2,1/2)	B_lin h_0	E_n:hstar_0	2	exact
5	M_n	664	h_0_(13)[P0^3*P2^2]	trace-free metric fluctuation	h_0=h-eta tr(h)/4	0	0	0	5	0	5	(1,1) tensor Sym^5(1/2,1/2)	B_lin h_0	E_n:hstar_0	1	exact
5	M_n	665	h_0_(13)[P0^3*P1*P3]	trace-free metric fluctuation	h_0=h-eta tr(h)/4	0	0	0	5	0	5	(1,1) tensor Sym^5(1/2,1/2)	B_lin h_0	E_n:hstar_0	5	exact
5	M_n	666	h_0_(13)[P0^3*P1*P2]	trace-free metric fluctuation	h_0=h-eta tr(h)/4	0	0	0	5	0	5	(1,1) tensor Sym^5(1/2,1/2)	B_lin h_0	E_n:hstar_0	2	exact
5	M_n	667	h_0_(13)[P0^3*P1^2]	trace-free metric fluctuation	h_0=h-eta tr(h)/4	0	0	0	5	0	5	(1,1) tensor Sym^5(1/2,1/2)	B_lin h_0	E_n:hstar_0	2	exact
5	M_n	668	h_0_(13)[P0^4*P3]	trace-free metric fluctuation	h_0=h-eta tr(h)/4	0	0	0	5	0	5	(1,1) tensor Sym^5(1/2,1/2)	B_lin h_0	E_n:hstar_0	2	exact
5	M_n	669	h_0_(13)[P0^4*P2]	trace-free metric fluctuation	h_0=h-eta tr(h)/4	0	0	0	5	0	5	(1,1) tensor Sym^5(1/2,1/2)	B_lin h_0	E_n:hstar_0	1	exact
5	M_n	670	h_0_(13)[P0^4*P1]	trace-free metric fluctuation	h_0=h-eta tr(h)/4	0	0	0	5	0	5	(1,1) tensor Sym^5(1/2,1/2)	B_lin h_0	E_n:hstar_0	2	exact
5	M_n	671	h_0_(13)[P0^5]	trace-free metric fluctuation	h_0=h-eta tr(h)/4	0	0	0	5	0	5	(1,1) tensor Sym^5(1/2,1/2)	B_lin h_0	E_n:hstar_0	1	exact
5	M_n	672	h_0_(23)[P3^5]	trace-free metric fluctuation	h_0=h-eta tr(h)/4	0	0	0	5	0	5	(1,1) tensor Sym^5(1/2,1/2)	B_lin h_0	E_n:hstar_0	0	exact
5	M_n	673	h_0_(23)[P2*P3^4]	trace-free metric fluctuation	h_0=h-eta tr(h)/4	0	0	0	5	0	5	(1,1) tensor Sym^5(1/2,1/2)	B_lin h_0	E_n:hstar_0	3	exact
5	M_n	674	h_0_(23)[P2^2*P3^3]	trace-free metric fluctuation	h_0=h-eta tr(h)/4	0	0	0	5	0	5	(1,1) tensor Sym^5(1/2,1/2)	B_lin h_0	E_n:hstar_0	4	exact
5	M_n	675	h_0_(23)[P2^3*P3^2]	trace-free metric fluctuation	h_0=h-eta tr(h)/4	0	0	0	5	0	5	(1,1) tensor Sym^5(1/2,1/2)	B_lin h_0	E_n:hstar_0	3	exact
5	M_n	676	h_0_(23)[P2^4*P3]	trace-free metric fluctuation	h_0=h-eta tr(h)/4	0	0	0	5	0	5	(1,1) tensor Sym^5(1/2,1/2)	B_lin h_0	E_n:hstar_0	2	exact
5	M_n	677	h_0_(23)[P2^5]	trace-free metric fluctuation	h_0=h-eta tr(h)/4	0	0	0	5	0	5	(1,1) tensor Sym^5(1/2,1/2)	B_lin h_0	E_n:hstar_0	0	exact
5	M_n	678	h_0_(23)[P1*P3^4]	trace-free metric fluctuation	h_0=h-eta tr(h)/4	0	0	0	5	0	5	(1,1) tensor Sym^5(1/2,1/2)	B_lin h_0	E_n:hstar_0	1	exact
5	M_n	679	h_0_(23)[P1*P2*P3^3]	trace-free metric fluctuation	h_0=h-eta tr(h)/4	0	0	0	5	0	5	(1,1) tensor Sym^5(1/2,1/2)	B_lin h_0	E_n:hstar_0	5	exact
5	M_n	680	h_0_(23)[P1*P2^2*P3^2]	trace-free metric fluctuation	h_0=h-eta tr(h)/4	0	0	0	5	0	5	(1,1) tensor Sym^5(1/2,1/2)	B_lin h_0	E_n:hstar_0	3	exact
5	M_n	681	h_0_(23)[P1*P2^3*P3]	trace-free metric fluctuation	h_0=h-eta tr(h)/4	0	0	0	5	0	5	(1,1) tensor Sym^5(1/2,1/2)	B_lin h_0	E_n:hstar_0	4	exact
5	M_n	682	h_0_(23)[P1*P2^4]	trace-free metric fluctuation	h_0=h-eta tr(h)/4	0	0	0	5	0	5	(1,1) tensor Sym^5(1/2,1/2)	B_lin h_0	E_n:hstar_0	1	exact
5	M_n	683	h_0_(23)[P1^2*P3^3]	trace-free metric fluctuation	h_0=h-eta tr(h)/4	0	0	0	5	0	5	(1,1) tensor Sym^5(1/2,1/2)	B_lin h_0	E_n:hstar_0	2	exact
5	M_n	684	h_0_(23)[P1^2*P2*P3^2]	trace-free metric fluctuation	h_0=h-eta tr(h)/4	0	0	0	5	0	5	(1,1) tensor Sym^5(1/2,1/2)	B_lin h_0	E_n:hstar_0	5	exact
5	M_n	685	h_0_(23)[P1^2*P2^2*P3]	trace-free metric fluctuation	h_0=h-eta tr(h)/4	0	0	0	5	0	5	(1,1) tensor Sym^5(1/2,1/2)	B_lin h_0	E_n:hstar_0	5	exact
5	M_n	686	h_0_(23)[P1^2*P2^3]	trace-free metric fluctuation	h_0=h-eta tr(h)/4	0	0	0	5	0	5	(1,1) tensor Sym^5(1/2,1/2)	B_lin h_0	E_n:hstar_0	2	exact
5	M_n	687	h_0_(23)[P1^3*P3^2]	trace-free metric fluctuation	h_0=h-eta tr(h)/4	0	0	0	5	0	5	(1,1) tensor Sym^5(1/2,1/2)	B_lin h_0	E_n:hstar_0	2	exact
5	M_n	688	h_0_(23)[P1^3*P2*P3]	trace-free metric fluctuation	h_0=h-eta tr(h)/4	0	0	0	5	0	5	(1,1) tensor Sym^5(1/2,1/2)	B_lin h_0	E_n:hstar_0	5	exact
5	M_n	689	h_0_(23)[P1^3*P2^2]	trace-free metric fluctuation	h_0=h-eta tr(h)/4	0	0	0	5	0	5	(1,1) tensor Sym^5(1/2,1/2)	B_lin h_0	E_n:hstar_0	2	exact
5	M_n	690	h_0_(23)[P1^4*P3]	trace-free metric fluctuation	h_0=h-eta tr(h)/4	0	0	0	5	0	5	(1,1) tensor Sym^5(1/2,1/2)	B_lin h_0	E_n:hstar_0	2	exact
5	M_n	691	h_0_(23)[P1^4*P2]	trace-free metric fluctuation	h_0=h-eta tr(h)/4	0	0	0	5	0	5	(1,1) tensor Sym^5(1/2,1/2)	B_lin h_0	E_n:hstar_0	2	exact
5	M_n	692	h_0_(23)[P1^5]	trace-free metric fluctuation	h_0=h-eta tr(h)/4	0	0	0	5	0	5	(1,1) tensor Sym^5(1/2,1/2)	B_lin h_0	E_n:hstar_0	1	exact
5	M_n	693	h_0_(23)[P0*P3^4]	trace-free metric fluctuation	h_0=h-eta tr(h)/4	0	0	0	5	0	5	(1,1) tensor Sym^5(1/2,1/2)	B_lin h_0	E_n:hstar_0	1	exact
5	M_n	694	h_0_(23)[P0*P2*P3^3]	trace-free metric fluctuation	h_0=h-eta tr(h)/4	0	0	0	5	0	5	(1,1) tensor Sym^5(1/2,1/2)	B_lin h_0	E_n:hstar_0	5	exact
5	M_n	695	h_0_(23)[P0*P2^2*P3^2]	trace-free metric fluctuation	h_0=h-eta tr(h)/4	0	0	0	5	0	5	(1,1) tensor Sym^5(1/2,1/2)	B_lin h_0	E_n:hstar_0	3	exact
5	M_n	696	h_0_(23)[P0*P2^3*P3]	trace-free metric fluctuation	h_0=h-eta tr(h)/4	0	0	0	5	0	5	(1,1) tensor Sym^5(1/2,1/2)	B_lin h_0	E_n:hstar_0	4	exact
5	M_n	697	h_0_(23)[P0*P2^4]	trace-free metric fluctuation	h_0=h-eta tr(h)/4	0	0	0	5	0	5	(1,1) tensor Sym^5(1/2,1/2)	B_lin h_0	E_n:hstar_0	1	exact
5	M_n	698	h_0_(23)[P0*P1*P3^3]	trace-free metric fluctuation	h_0=h-eta tr(h)/4	0	0	0	5	0	5	(1,1) tensor Sym^5(1/2,1/2)	B_lin h_0	E_n:hstar_0	2	exact
5	M_n	699	h_0_(23)[P0*P1*P2*P3^2]	trace-free metric fluctuation	h_0=h-eta tr(h)/4	0	0	0	5	0	5	(1,1) tensor Sym^5(1/2,1/2)	B_lin h_0	E_n:hstar_0	3	exact
5	M_n	700	h_0_(23)[P0*P1*P2^2*P3]	trace-free metric fluctuation	h_0=h-eta tr(h)/4	0	0	0	5	0	5	(1,1) tensor Sym^5(1/2,1/2)	B_lin h_0	E_n:hstar_0	3	exact
5	M_n	701	h_0_(23)[P0*P1*P2^3]	trace-free metric fluctuation	h_0=h-eta tr(h)/4	0	0	0	5	0	5	(1,1) tensor Sym^5(1/2,1/2)	B_lin h_0	E_n:hstar_0	2	exact
5	M_n	702	h_0_(23)[P0*P1^2*P3^2]	trace-free metric fluctuation	h_0=h-eta tr(h)/4	0	0	0	5	0	5	(1,1) tensor Sym^5(1/2,1/2)	B_lin h_0	E_n:hstar_0	2	exact
5	M_n	703	h_0_(23)[P0*P1^2*P2*P3]	trace-free metric fluctuation	h_0=h-eta tr(h)/4	0	0	0	5	0	5	(1,1) tensor Sym^5(1/2,1/2)	B_lin h_0	E_n:hstar_0	6	exact
5	M_n	704	h_0_(23)[P0*P1^2*P2^2]	trace-free metric fluctuation	h_0=h-eta tr(h)/4	0	0	0	5	0	5	(1,1) tensor Sym^5(1/2,1/2)	B_lin h_0	E_n:hstar_0	2	exact
5	M_n	705	h_0_(23)[P0*P1^3*P3]	trace-free metric fluctuation	h_0=h-eta tr(h)/4	0	0	0	5	0	5	(1,1) tensor Sym^5(1/2,1/2)	B_lin h_0	E_n:hstar_0	2	exact
5	M_n	706	h_0_(23)[P0*P1^3*P2]	trace-free metric fluctuation	h_0=h-eta tr(h)/4	0	0	0	5	0	5	(1,1) tensor Sym^5(1/2,1/2)	B_lin h_0	E_n:hstar_0	2	exact
5	M_n	707	h_0_(23)[P0*P1^4]	trace-free metric fluctuation	h_0=h-eta tr(h)/4	0	0	0	5	0	5	(1,1) tensor Sym^5(1/2,1/2)	B_lin h_0	E_n:hstar_0	1	exact
5	M_n	708	h_0_(23)[P0^2*P3^3]	trace-free metric fluctuation	h_0=h-eta tr(h)/4	0	0	0	5	0	5	(1,1) tensor Sym^5(1/2,1/2)	B_lin h_0	E_n:hstar_0	2	exact
5	M_n	709	h_0_(23)[P0^2*P2*P3^2]	trace-free metric fluctuation	h_0=h-eta tr(h)/4	0	0	0	5	0	5	(1,1) tensor Sym^5(1/2,1/2)	B_lin h_0	E_n:hstar_0	5	exact
5	M_n	710	h_0_(23)[P0^2*P2^2*P3]	trace-free metric fluctuation	h_0=h-eta tr(h)/4	0	0	0	5	0	5	(1,1) tensor Sym^5(1/2,1/2)	B_lin h_0	E_n:hstar_0	5	exact
5	M_n	711	h_0_(23)[P0^2*P2^3]	trace-free metric fluctuation	h_0=h-eta tr(h)/4	0	0	0	5	0	5	(1,1) tensor Sym^5(1/2,1/2)	B_lin h_0	E_n:hstar_0	2	exact
5	M_n	712	h_0_(23)[P0^2*P1*P3^2]	trace-free metric fluctuation	h_0=h-eta tr(h)/4	0	0	0	5	0	5	(1,1) tensor Sym^5(1/2,1/2)	B_lin h_0	E_n:hstar_0	2	exact
5	M_n	713	h_0_(23)[P0^2*P1*P2*P3]	trace-free metric fluctuation	h_0=h-eta tr(h)/4	0	0	0	5	0	5	(1,1) tensor Sym^5(1/2,1/2)	B_lin h_0	E_n:hstar_0	6	exact
5	M_n	714	h_0_(23)[P0^2*P1*P2^2]	trace-free metric fluctuation	h_0=h-eta tr(h)/4	0	0	0	5	0	5	(1,1) tensor Sym^5(1/2,1/2)	B_lin h_0	E_n:hstar_0	2	exact
5	M_n	715	h_0_(23)[P0^2*P1^2*P3]	trace-free metric fluctuation	h_0=h-eta tr(h)/4	0	0	0	5	0	5	(1,1) tensor Sym^5(1/2,1/2)	B_lin h_0	E_n:hstar_0	3	exact
5	M_n	716	h_0_(23)[P0^2*P1^2*P2]	trace-free metric fluctuation	h_0=h-eta tr(h)/4	0	0	0	5	0	5	(1,1) tensor Sym^5(1/2,1/2)	B_lin h_0	E_n:hstar_0	3	exact
5	M_n	717	h_0_(23)[P0^2*P1^3]	trace-free metric fluctuation	h_0=h-eta tr(h)/4	0	0	0	5	0	5	(1,1) tensor Sym^5(1/2,1/2)	B_lin h_0	E_n:hstar_0	1	exact
5	M_n	718	h_0_(23)[P0^3*P3^2]	trace-free metric fluctuation	h_0=h-eta tr(h)/4	0	0	0	5	0	5	(1,1) tensor Sym^5(1/2,1/2)	B_lin h_0	E_n:hstar_0	2	exact
5	M_n	719	h_0_(23)[P0^3*P2*P3]	trace-free metric fluctuation	h_0=h-eta tr(h)/4	0	0	0	5	0	5	(1,1) tensor Sym^5(1/2,1/2)	B_lin h_0	E_n:hstar_0	5	exact
5	M_n	720	h_0_(23)[P0^3*P2^2]	trace-free metric fluctuation	h_0=h-eta tr(h)/4	0	0	0	5	0	5	(1,1) tensor Sym^5(1/2,1/2)	B_lin h_0	E_n:hstar_0	2	exact
5	M_n	721	h_0_(23)[P0^3*P1*P3]	trace-free metric fluctuation	h_0=h-eta tr(h)/4	0	0	0	5	0	5	(1,1) tensor Sym^5(1/2,1/2)	B_lin h_0	E_n:hstar_0	2	exact
5	M_n	722	h_0_(23)[P0^3*P1*P2]	trace-free metric fluctuation	h_0=h-eta tr(h)/4	0	0	0	5	0	5	(1,1) tensor Sym^5(1/2,1/2)	B_lin h_0	E_n:hstar_0	2	exact
5	M_n	723	h_0_(23)[P0^3*P1^2]	trace-free metric fluctuation	h_0=h-eta tr(h)/4	0	0	0	5	0	5	(1,1) tensor Sym^5(1/2,1/2)	B_lin h_0	E_n:hstar_0	1	exact
5	M_n	724	h_0_(23)[P0^4*P3]	trace-free metric fluctuation	h_0=h-eta tr(h)/4	0	0	0	5	0	5	(1,1) tensor Sym^5(1/2,1/2)	B_lin h_0	E_n:hstar_0	2	exact
5	M_n	725	h_0_(23)[P0^4*P2]	trace-free metric fluctuation	h_0=h-eta tr(h)/4	0	0	0	5	0	5	(1,1) tensor Sym^5(1/2,1/2)	B_lin h_0	E_n:hstar_0	2	exact
5	M_n	726	h_0_(23)[P0^4*P1]	trace-free metric fluctuation	h_0=h-eta tr(h)/4	0	0	0	5	0	5	(1,1) tensor Sym^5(1/2,1/2)	B_lin h_0	E_n:hstar_0	1	exact
5	M_n	727	h_0_(23)[P0^5]	trace-free metric fluctuation	h_0=h-eta tr(h)/4	0	0	0	5	0	5	(1,1) tensor Sym^5(1/2,1/2)	B_lin h_0	E_n:hstar_0	1	exact
5	M_n	728	h_0_(00)-(33)[P3^5]	trace-free metric fluctuation	h_0=h-eta tr(h)/4	0	0	0	5	0	5	(1,1) tensor Sym^5(1/2,1/2)	B_lin h_0	E_n:hstar_0	3	exact
5	M_n	729	h_0_(00)-(33)[P2*P3^4]	trace-free metric fluctuation	h_0=h-eta tr(h)/4	0	0	0	5	0	5	(1,1) tensor Sym^5(1/2,1/2)	B_lin h_0	E_n:hstar_0	4	exact
5	M_n	730	h_0_(00)-(33)[P2^2*P3^3]	trace-free metric fluctuation	h_0=h-eta tr(h)/4	0	0	0	5	0	5	(1,1) tensor Sym^5(1/2,1/2)	B_lin h_0	E_n:hstar_0	4	exact
5	M_n	731	h_0_(00)-(33)[P2^3*P3^2]	trace-free metric fluctuation	h_0=h-eta tr(h)/4	0	0	0	5	0	5	(1,1) tensor Sym^5(1/2,1/2)	B_lin h_0	E_n:hstar_0	4	exact
5	M_n	732	h_0_(00)-(33)[P2^4*P3]	trace-free metric fluctuation	h_0=h-eta tr(h)/4	0	0	0	5	0	5	(1,1) tensor Sym^5(1/2,1/2)	B_lin h_0	E_n:hstar_0	2	exact
5	M_n	733	h_0_(00)-(33)[P2^5]	trace-free metric fluctuation	h_0=h-eta tr(h)/4	0	0	0	5	0	5	(1,1) tensor Sym^5(1/2,1/2)	B_lin h_0	E_n:hstar_0	1	exact
5	M_n	734	h_0_(00)-(33)[P1*P3^4]	trace-free metric fluctuation	h_0=h-eta tr(h)/4	0	0	0	5	0	5	(1,1) tensor Sym^5(1/2,1/2)	B_lin h_0	E_n:hstar_0	4	exact
5	M_n	735	h_0_(00)-(33)[P1*P2*P3^3]	trace-free metric fluctuation	h_0=h-eta tr(h)/4	0	0	0	5	0	5	(1,1) tensor Sym^5(1/2,1/2)	B_lin h_0	E_n:hstar_0	3	exact
5	M_n	736	h_0_(00)-(33)[P1*P2^2*P3^2]	trace-free metric fluctuation	h_0=h-eta tr(h)/4	0	0	0	5	0	5	(1,1) tensor Sym^5(1/2,1/2)	B_lin h_0	E_n:hstar_0	5	exact
5	M_n	737	h_0_(00)-(33)[P1*P2^3*P3]	trace-free metric fluctuation	h_0=h-eta tr(h)/4	0	0	0	5	0	5	(1,1) tensor Sym^5(1/2,1/2)	B_lin h_0	E_n:hstar_0	2	exact
5	M_n	738	h_0_(00)-(33)[P1*P2^4]	trace-free metric fluctuation	h_0=h-eta tr(h)/4	0	0	0	5	0	5	(1,1) tensor Sym^5(1/2,1/2)	B_lin h_0	E_n:hstar_0	1	exact
5	M_n	739	h_0_(00)-(33)[P1^2*P3^3]	trace-free metric fluctuation	h_0=h-eta tr(h)/4	0	0	0	5	0	5	(1,1) tensor Sym^5(1/2,1/2)	B_lin h_0	E_n:hstar_0	4	exact
5	M_n	740	h_0_(00)-(33)[P1^2*P2*P3^2]	trace-free metric fluctuation	h_0=h-eta tr(h)/4	0	0	0	5	0	5	(1,1) tensor Sym^5(1/2,1/2)	B_lin h_0	E_n:hstar_0	5	exact
5	M_n	741	h_0_(00)-(33)[P1^2*P2^2*P3]	trace-free metric fluctuation	h_0=h-eta tr(h)/4	0	0	0	5	0	5	(1,1) tensor Sym^5(1/2,1/2)	B_lin h_0	E_n:hstar_0	3	exact
5	M_n	742	h_0_(00)-(33)[P1^2*P2^3]	trace-free metric fluctuation	h_0=h-eta tr(h)/4	0	0	0	5	0	5	(1,1) tensor Sym^5(1/2,1/2)	B_lin h_0	E_n:hstar_0	1	exact
5	M_n	743	h_0_(00)-(33)[P1^3*P3^2]	trace-free metric fluctuation	h_0=h-eta tr(h)/4	0	0	0	5	0	5	(1,1) tensor Sym^5(1/2,1/2)	B_lin h_0	E_n:hstar_0	4	exact
5	M_n	744	h_0_(00)-(33)[P1^3*P2*P3]	trace-free metric fluctuation	h_0=h-eta tr(h)/4	0	0	0	5	0	5	(1,1) tensor Sym^5(1/2,1/2)	B_lin h_0	E_n:hstar_0	2	exact
5	M_n	745	h_0_(00)-(33)[P1^3*P2^2]	trace-free metric fluctuation	h_0=h-eta tr(h)/4	0	0	0	5	0	5	(1,1) tensor Sym^5(1/2,1/2)	B_lin h_0	E_n:hstar_0	1	exact
5	M_n	746	h_0_(00)-(33)[P1^4*P3]	trace-free metric fluctuation	h_0=h-eta tr(h)/4	0	0	0	5	0	5	(1,1) tensor Sym^5(1/2,1/2)	B_lin h_0	E_n:hstar_0	2	exact
5	M_n	747	h_0_(00)-(33)[P1^4*P2]	trace-free metric fluctuation	h_0=h-eta tr(h)/4	0	0	0	5	0	5	(1,1) tensor Sym^5(1/2,1/2)	B_lin h_0	E_n:hstar_0	1	exact
5	M_n	748	h_0_(00)-(33)[P1^5]	trace-free metric fluctuation	h_0=h-eta tr(h)/4	0	0	0	5	0	5	(1,1) tensor Sym^5(1/2,1/2)	B_lin h_0	E_n:hstar_0	1	exact
5	M_n	749	h_0_(00)-(33)[P0*P3^4]	trace-free metric fluctuation	h_0=h-eta tr(h)/4	0	0	0	5	0	5	(1,1) tensor Sym^5(1/2,1/2)	B_lin h_0	E_n:hstar_0	4	exact
5	M_n	750	h_0_(00)-(33)[P0*P2*P3^3]	trace-free metric fluctuation	h_0=h-eta tr(h)/4	0	0	0	5	0	5	(1,1) tensor Sym^5(1/2,1/2)	B_lin h_0	E_n:hstar_0	3	exact
5	M_n	751	h_0_(00)-(33)[P0*P2^2*P3^2]	trace-free metric fluctuation	h_0=h-eta tr(h)/4	0	0	0	5	0	5	(1,1) tensor Sym^5(1/2,1/2)	B_lin h_0	E_n:hstar_0	4	exact
5	M_n	752	h_0_(00)-(33)[P0*P2^3*P3]	trace-free metric fluctuation	h_0=h-eta tr(h)/4	0	0	0	5	0	5	(1,1) tensor Sym^5(1/2,1/2)	B_lin h_0	E_n:hstar_0	2	exact
5	M_n	753	h_0_(00)-(33)[P0*P2^4]	trace-free metric fluctuation	h_0=h-eta tr(h)/4	0	0	0	5	0	5	(1,1) tensor Sym^5(1/2,1/2)	B_lin h_0	E_n:hstar_0	2	exact
5	M_n	754	h_0_(00)-(33)[P0*P1*P3^3]	trace-free metric fluctuation	h_0=h-eta tr(h)/4	0	0	0	5	0	5	(1,1) tensor Sym^5(1/2,1/2)	B_lin h_0	E_n:hstar_0	3	exact
5	M_n	755	h_0_(00)-(33)[P0*P1*P2*P3^2]	trace-free metric fluctuation	h_0=h-eta tr(h)/4	0	0	0	5	0	5	(1,1) tensor Sym^5(1/2,1/2)	B_lin h_0	E_n:hstar_0	3	exact
5	M_n	756	h_0_(00)-(33)[P0*P1*P2^2*P3]	trace-free metric fluctuation	h_0=h-eta tr(h)/4	0	0	0	5	0	5	(1,1) tensor Sym^5(1/2,1/2)	B_lin h_0	E_n:hstar_0	2	exact
5	M_n	757	h_0_(00)-(33)[P0*P1*P2^3]	trace-free metric fluctuation	h_0=h-eta tr(h)/4	0	0	0	5	0	5	(1,1) tensor Sym^5(1/2,1/2)	B_lin h_0	E_n:hstar_0	2	exact
5	M_n	758	h_0_(00)-(33)[P0*P1^2*P3^2]	trace-free metric fluctuation	h_0=h-eta tr(h)/4	0	0	0	5	0	5	(1,1) tensor Sym^5(1/2,1/2)	B_lin h_0	E_n:hstar_0	4	exact
5	M_n	759	h_0_(00)-(33)[P0*P1^2*P2*P3]	trace-free metric fluctuation	h_0=h-eta tr(h)/4	0	0	0	5	0	5	(1,1) tensor Sym^5(1/2,1/2)	B_lin h_0	E_n:hstar_0	2	exact
5	M_n	760	h_0_(00)-(33)[P0*P1^2*P2^2]	trace-free metric fluctuation	h_0=h-eta tr(h)/4	0	0	0	5	0	5	(1,1) tensor Sym^5(1/2,1/2)	B_lin h_0	E_n:hstar_0	3	exact
5	M_n	761	h_0_(00)-(33)[P0*P1^3*P3]	trace-free metric fluctuation	h_0=h-eta tr(h)/4	0	0	0	5	0	5	(1,1) tensor Sym^5(1/2,1/2)	B_lin h_0	E_n:hstar_0	2	exact
5	M_n	762	h_0_(00)-(33)[P0*P1^3*P2]	trace-free metric fluctuation	h_0=h-eta tr(h)/4	0	0	0	5	0	5	(1,1) tensor Sym^5(1/2,1/2)	B_lin h_0	E_n:hstar_0	2	exact
5	M_n	763	h_0_(00)-(33)[P0*P1^4]	trace-free metric fluctuation	h_0=h-eta tr(h)/4	0	0	0	5	0	5	(1,1) tensor Sym^5(1/2,1/2)	B_lin h_0	E_n:hstar_0	2	exact
5	M_n	764	h_0_(00)-(33)[P0^2*P3^3]	trace-free metric fluctuation	h_0=h-eta tr(h)/4	0	0	0	5	0	5	(1,1) tensor Sym^5(1/2,1/2)	B_lin h_0	E_n:hstar_0	2	exact
5	M_n	765	h_0_(00)-(33)[P0^2*P2*P3^2]	trace-free metric fluctuation	h_0=h-eta tr(h)/4	0	0	0	5	0	5	(1,1) tensor Sym^5(1/2,1/2)	B_lin h_0	E_n:hstar_0	3	exact
5	M_n	766	h_0_(00)-(33)[P0^2*P2^2*P3]	trace-free metric fluctuation	h_0=h-eta tr(h)/4	0	0	0	5	0	5	(1,1) tensor Sym^5(1/2,1/2)	B_lin h_0	E_n:hstar_0	4	exact
5	M_n	767	h_0_(00)-(33)[P0^2*P2^3]	trace-free metric fluctuation	h_0=h-eta tr(h)/4	0	0	0	5	0	5	(1,1) tensor Sym^5(1/2,1/2)	B_lin h_0	E_n:hstar_0	4	exact
5	M_n	768	h_0_(00)-(33)[P0^2*P1*P3^2]	trace-free metric fluctuation	h_0=h-eta tr(h)/4	0	0	0	5	0	5	(1,1) tensor Sym^5(1/2,1/2)	B_lin h_0	E_n:hstar_0	3	exact
5	M_n	769	h_0_(00)-(33)[P0^2*P1*P2*P3]	trace-free metric fluctuation	h_0=h-eta tr(h)/4	0	0	0	5	0	5	(1,1) tensor Sym^5(1/2,1/2)	B_lin h_0	E_n:hstar_0	3	exact
5	M_n	770	h_0_(00)-(33)[P0^2*P1*P2^2]	trace-free metric fluctuation	h_0=h-eta tr(h)/4	0	0	0	5	0	5	(1,1) tensor Sym^5(1/2,1/2)	B_lin h_0	E_n:hstar_0	5	exact
5	M_n	771	h_0_(00)-(33)[P0^2*P1^2*P3]	trace-free metric fluctuation	h_0=h-eta tr(h)/4	0	0	0	5	0	5	(1,1) tensor Sym^5(1/2,1/2)	B_lin h_0	E_n:hstar_0	4	exact
5	M_n	772	h_0_(00)-(33)[P0^2*P1^2*P2]	trace-free metric fluctuation	h_0=h-eta tr(h)/4	0	0	0	5	0	5	(1,1) tensor Sym^5(1/2,1/2)	B_lin h_0	E_n:hstar_0	5	exact
5	M_n	773	h_0_(00)-(33)[P0^2*P1^3]	trace-free metric fluctuation	h_0=h-eta tr(h)/4	0	0	0	5	0	5	(1,1) tensor Sym^5(1/2,1/2)	B_lin h_0	E_n:hstar_0	4	exact
5	M_n	774	h_0_(00)-(33)[P0^3*P3^2]	trace-free metric fluctuation	h_0=h-eta tr(h)/4	0	0	0	5	0	5	(1,1) tensor Sym^5(1/2,1/2)	B_lin h_0	E_n:hstar_0	2	exact
5	M_n	775	h_0_(00)-(33)[P0^3*P2*P3]	trace-free metric fluctuation	h_0=h-eta tr(h)/4	0	0	0	5	0	5	(1,1) tensor Sym^5(1/2,1/2)	B_lin h_0	E_n:hstar_0	3	exact
5	M_n	776	h_0_(00)-(33)[P0^3*P2^2]	trace-free metric fluctuation	h_0=h-eta tr(h)/4	0	0	0	5	0	5	(1,1) tensor Sym^5(1/2,1/2)	B_lin h_0	E_n:hstar_0	4	exact
5	M_n	777	h_0_(00)-(33)[P0^3*P1*P3]	trace-free metric fluctuation	h_0=h-eta tr(h)/4	0	0	0	5	0	5	(1,1) tensor Sym^5(1/2,1/2)	B_lin h_0	E_n:hstar_0	3	exact
5	M_n	778	h_0_(00)-(33)[P0^3*P1*P2]	trace-free metric fluctuation	h_0=h-eta tr(h)/4	0	0	0	5	0	5	(1,1) tensor Sym^5(1/2,1/2)	B_lin h_0	E_n:hstar_0	3	exact
5	M_n	779	h_0_(00)-(33)[P0^3*P1^2]	trace-free metric fluctuation	h_0=h-eta tr(h)/4	0	0	0	5	0	5	(1,1) tensor Sym^5(1/2,1/2)	B_lin h_0	E_n:hstar_0	4	exact
5	M_n	780	h_0_(00)-(33)[P0^4*P3]	trace-free metric fluctuation	h_0=h-eta tr(h)/4	0	0	0	5	0	5	(1,1) tensor Sym^5(1/2,1/2)	B_lin h_0	E_n:hstar_0	3	exact
5	M_n	781	h_0_(00)-(33)[P0^4*P2]	trace-free metric fluctuation	h_0=h-eta tr(h)/4	0	0	0	5	0	5	(1,1) tensor Sym^5(1/2,1/2)	B_lin h_0	E_n:hstar_0	3	exact
5	M_n	782	h_0_(00)-(33)[P0^4*P1]	trace-free metric fluctuation	h_0=h-eta tr(h)/4	0	0	0	5	0	5	(1,1) tensor Sym^5(1/2,1/2)	B_lin h_0	E_n:hstar_0	3	exact
5	M_n	783	h_0_(00)-(33)[P0^5]	trace-free metric fluctuation	h_0=h-eta tr(h)/4	0	0	0	5	0	5	(1,1) tensor Sym^5(1/2,1/2)	B_lin h_0	E_n:hstar_0	2	exact
5	M_n	784	h_0_(11)-(33)[P3^5]	trace-free metric fluctuation	h_0=h-eta tr(h)/4	0	0	0	5	0	5	(1,1) tensor Sym^5(1/2,1/2)	B_lin h_0	E_n:hstar_0	3	exact
5	M_n	785	h_0_(11)-(33)[P2*P3^4]	trace-free metric fluctuation	h_0=h-eta tr(h)/4	0	0	0	5	0	5	(1,1) tensor Sym^5(1/2,1/2)	B_lin h_0	E_n:hstar_0	4	exact
5	M_n	786	h_0_(11)-(33)[P2^2*P3^3]	trace-free metric fluctuation	h_0=h-eta tr(h)/4	0	0	0	5	0	5	(1,1) tensor Sym^5(1/2,1/2)	B_lin h_0	E_n:hstar_0	4	exact
5	M_n	787	h_0_(11)-(33)[P2^3*P3^2]	trace-free metric fluctuation	h_0=h-eta tr(h)/4	0	0	0	5	0	5	(1,1) tensor Sym^5(1/2,1/2)	B_lin h_0	E_n:hstar_0	4	exact
5	M_n	788	h_0_(11)-(33)[P2^4*P3]	trace-free metric fluctuation	h_0=h-eta tr(h)/4	0	0	0	5	0	5	(1,1) tensor Sym^5(1/2,1/2)	B_lin h_0	E_n:hstar_0	2	exact
5	M_n	789	h_0_(11)-(33)[P2^5]	trace-free metric fluctuation	h_0=h-eta tr(h)/4	0	0	0	5	0	5	(1,1) tensor Sym^5(1/2,1/2)	B_lin h_0	E_n:hstar_0	1	exact
5	M_n	790	h_0_(11)-(33)[P1*P3^4]	trace-free metric fluctuation	h_0=h-eta tr(h)/4	0	0	0	5	0	5	(1,1) tensor Sym^5(1/2,1/2)	B_lin h_0	E_n:hstar_0	4	exact
5	M_n	791	h_0_(11)-(33)[P1*P2*P3^3]	trace-free metric fluctuation	h_0=h-eta tr(h)/4	0	0	0	5	0	5	(1,1) tensor Sym^5(1/2,1/2)	B_lin h_0	E_n:hstar_0	3	exact
5	M_n	792	h_0_(11)-(33)[P1*P2^2*P3^2]	trace-free metric fluctuation	h_0=h-eta tr(h)/4	0	0	0	5	0	5	(1,1) tensor Sym^5(1/2,1/2)	B_lin h_0	E_n:hstar_0	4	exact
5	M_n	793	h_0_(11)-(33)[P1*P2^3*P3]	trace-free metric fluctuation	h_0=h-eta tr(h)/4	0	0	0	5	0	5	(1,1) tensor Sym^5(1/2,1/2)	B_lin h_0	E_n:hstar_0	2	exact
5	M_n	794	h_0_(11)-(33)[P1*P2^4]	trace-free metric fluctuation	h_0=h-eta tr(h)/4	0	0	0	5	0	5	(1,1) tensor Sym^5(1/2,1/2)	B_lin h_0	E_n:hstar_0	2	exact
5	M_n	795	h_0_(11)-(33)[P1^2*P3^3]	trace-free metric fluctuation	h_0=h-eta tr(h)/4	0	0	0	5	0	5	(1,1) tensor Sym^5(1/2,1/2)	B_lin h_0	E_n:hstar_0	2	exact
5	M_n	796	h_0_(11)-(33)[P1^2*P2*P3^2]	trace-free metric fluctuation	h_0=h-eta tr(h)/4	0	0	0	5	0	5	(1,1) tensor Sym^5(1/2,1/2)	B_lin h_0	E_n:hstar_0	3	exact
5	M_n	797	h_0_(11)-(33)[P1^2*P2^2*P3]	trace-free metric fluctuation	h_0=h-eta tr(h)/4	0	0	0	5	0	5	(1,1) tensor Sym^5(1/2,1/2)	B_lin h_0	E_n:hstar_0	4	exact
5	M_n	798	h_0_(11)-(33)[P1^2*P2^3]	trace-free metric fluctuation	h_0=h-eta tr(h)/4	0	0	0	5	0	5	(1,1) tensor Sym^5(1/2,1/2)	B_lin h_0	E_n:hstar_0	4	exact
5	M_n	799	h_0_(11)-(33)[P1^3*P3^2]	trace-free metric fluctuation	h_0=h-eta tr(h)/4	0	0	0	5	0	5	(1,1) tensor Sym^5(1/2,1/2)	B_lin h_0	E_n:hstar_0	2	exact
5	M_n	800	h_0_(11)-(33)[P1^3*P2*P3]	trace-free metric fluctuation	h_0=h-eta tr(h)/4	0	0	0	5	0	5	(1,1) tensor Sym^5(1/2,1/2)	B_lin h_0	E_n:hstar_0	3	exact
5	M_n	801	h_0_(11)-(33)[P1^3*P2^2]	trace-free metric fluctuation	h_0=h-eta tr(h)/4	0	0	0	5	0	5	(1,1) tensor Sym^5(1/2,1/2)	B_lin h_0	E_n:hstar_0	4	exact
5	M_n	802	h_0_(11)-(33)[P1^4*P3]	trace-free metric fluctuation	h_0=h-eta tr(h)/4	0	0	0	5	0	5	(1,1) tensor Sym^5(1/2,1/2)	B_lin h_0	E_n:hstar_0	3	exact
5	M_n	803	h_0_(11)-(33)[P1^4*P2]	trace-free metric fluctuation	h_0=h-eta tr(h)/4	0	0	0	5	0	5	(1,1) tensor Sym^5(1/2,1/2)	B_lin h_0	E_n:hstar_0	3	exact
5	M_n	804	h_0_(11)-(33)[P1^5]	trace-free metric fluctuation	h_0=h-eta tr(h)/4	0	0	0	5	0	5	(1,1) tensor Sym^5(1/2,1/2)	B_lin h_0	E_n:hstar_0	2	exact
5	M_n	805	h_0_(11)-(33)[P0*P3^4]	trace-free metric fluctuation	h_0=h-eta tr(h)/4	0	0	0	5	0	5	(1,1) tensor Sym^5(1/2,1/2)	B_lin h_0	E_n:hstar_0	4	exact
5	M_n	806	h_0_(11)-(33)[P0*P2*P3^3]	trace-free metric fluctuation	h_0=h-eta tr(h)/4	0	0	0	5	0	5	(1,1) tensor Sym^5(1/2,1/2)	B_lin h_0	E_n:hstar_0	3	exact
5	M_n	807	h_0_(11)-(33)[P0*P2^2*P3^2]	trace-free metric fluctuation	h_0=h-eta tr(h)/4	0	0	0	5	0	5	(1,1) tensor Sym^5(1/2,1/2)	B_lin h_0	E_n:hstar_0	5	exact
5	M_n	808	h_0_(11)-(33)[P0*P2^3*P3]	trace-free metric fluctuation	h_0=h-eta tr(h)/4	0	0	0	5	0	5	(1,1) tensor Sym^5(1/2,1/2)	B_lin h_0	E_n:hstar_0	2	exact
5	M_n	809	h_0_(11)-(33)[P0*P2^4]	trace-free metric fluctuation	h_0=h-eta tr(h)/4	0	0	0	5	0	5	(1,1) tensor Sym^5(1/2,1/2)	B_lin h_0	E_n:hstar_0	1	exact
5	M_n	810	h_0_(11)-(33)[P0*P1*P3^3]	trace-free metric fluctuation	h_0=h-eta tr(h)/4	0	0	0	5	0	5	(1,1) tensor Sym^5(1/2,1/2)	B_lin h_0	E_n:hstar_0	3	exact
5	M_n	811	h_0_(11)-(33)[P0*P1*P2*P3^2]	trace-free metric fluctuation	h_0=h-eta tr(h)/4	0	0	0	5	0	5	(1,1) tensor Sym^5(1/2,1/2)	B_lin h_0	E_n:hstar_0	3	exact
5	M_n	812	h_0_(11)-(33)[P0*P1*P2^2*P3]	trace-free metric fluctuation	h_0=h-eta tr(h)/4	0	0	0	5	0	5	(1,1) tensor Sym^5(1/2,1/2)	B_lin h_0	E_n:hstar_0	2	exact
5	M_n	813	h_0_(11)-(33)[P0*P1*P2^3]	trace-free metric fluctuation	h_0=h-eta tr(h)/4	0	0	0	5	0	5	(1,1) tensor Sym^5(1/2,1/2)	B_lin h_0	E_n:hstar_0	2	exact
5	M_n	814	h_0_(11)-(33)[P0*P1^2*P3^2]	trace-free metric fluctuation	h_0=h-eta tr(h)/4	0	0	0	5	0	5	(1,1) tensor Sym^5(1/2,1/2)	B_lin h_0	E_n:hstar_0	3	exact
5	M_n	815	h_0_(11)-(33)[P0*P1^2*P2*P3]	trace-free metric fluctuation	h_0=h-eta tr(h)/4	0	0	0	5	0	5	(1,1) tensor Sym^5(1/2,1/2)	B_lin h_0	E_n:hstar_0	3	exact
5	M_n	816	h_0_(11)-(33)[P0*P1^2*P2^2]	trace-free metric fluctuation	h_0=h-eta tr(h)/4	0	0	0	5	0	5	(1,1) tensor Sym^5(1/2,1/2)	B_lin h_0	E_n:hstar_0	5	exact
5	M_n	817	h_0_(11)-(33)[P0*P1^3*P3]	trace-free metric fluctuation	h_0=h-eta tr(h)/4	0	0	0	5	0	5	(1,1) tensor Sym^5(1/2,1/2)	B_lin h_0	E_n:hstar_0	3	exact
5	M_n	818	h_0_(11)-(33)[P0*P1^3*P2]	trace-free metric fluctuation	h_0=h-eta tr(h)/4	0	0	0	5	0	5	(1,1) tensor Sym^5(1/2,1/2)	B_lin h_0	E_n:hstar_0	3	exact
5	M_n	819	h_0_(11)-(33)[P0*P1^4]	trace-free metric fluctuation	h_0=h-eta tr(h)/4	0	0	0	5	0	5	(1,1) tensor Sym^5(1/2,1/2)	B_lin h_0	E_n:hstar_0	3	exact
5	M_n	820	h_0_(11)-(33)[P0^2*P3^3]	trace-free metric fluctuation	h_0=h-eta tr(h)/4	0	0	0	5	0	5	(1,1) tensor Sym^5(1/2,1/2)	B_lin h_0	E_n:hstar_0	4	exact
5	M_n	821	h_0_(11)-(33)[P0^2*P2*P3^2]	trace-free metric fluctuation	h_0=h-eta tr(h)/4	0	0	0	5	0	5	(1,1) tensor Sym^5(1/2,1/2)	B_lin h_0	E_n:hstar_0	5	exact
5	M_n	822	h_0_(11)-(33)[P0^2*P2^2*P3]	trace-free metric fluctuation	h_0=h-eta tr(h)/4	0	0	0	5	0	5	(1,1) tensor Sym^5(1/2,1/2)	B_lin h_0	E_n:hstar_0	3	exact
5	M_n	823	h_0_(11)-(33)[P0^2*P2^3]	trace-free metric fluctuation	h_0=h-eta tr(h)/4	0	0	0	5	0	5	(1,1) tensor Sym^5(1/2,1/2)	B_lin h_0	E_n:hstar_0	1	exact
5	M_n	824	h_0_(11)-(33)[P0^2*P1*P3^2]	trace-free metric fluctuation	h_0=h-eta tr(h)/4	0	0	0	5	0	5	(1,1) tensor Sym^5(1/2,1/2)	B_lin h_0	E_n:hstar_0	4	exact
5	M_n	825	h_0_(11)-(33)[P0^2*P1*P2*P3]	trace-free metric fluctuation	h_0=h-eta tr(h)/4	0	0	0	5	0	5	(1,1) tensor Sym^5(1/2,1/2)	B_lin h_0	E_n:hstar_0	2	exact
5	M_n	826	h_0_(11)-(33)[P0^2*P1*P2^2]	trace-free metric fluctuation	h_0=h-eta tr(h)/4	0	0	0	5	0	5	(1,1) tensor Sym^5(1/2,1/2)	B_lin h_0	E_n:hstar_0	3	exact
5	M_n	827	h_0_(11)-(33)[P0^2*P1^2*P3]	trace-free metric fluctuation	h_0=h-eta tr(h)/4	0	0	0	5	0	5	(1,1) tensor Sym^5(1/2,1/2)	B_lin h_0	E_n:hstar_0	4	exact
5	M_n	828	h_0_(11)-(33)[P0^2*P1^2*P2]	trace-free metric fluctuation	h_0=h-eta tr(h)/4	0	0	0	5	0	5	(1,1) tensor Sym^5(1/2,1/2)	B_lin h_0	E_n:hstar_0	5	exact
5	M_n	829	h_0_(11)-(33)[P0^2*P1^3]	trace-free metric fluctuation	h_0=h-eta tr(h)/4	0	0	0	5	0	5	(1,1) tensor Sym^5(1/2,1/2)	B_lin h_0	E_n:hstar_0	4	exact
5	M_n	830	h_0_(11)-(33)[P0^3*P3^2]	trace-free metric fluctuation	h_0=h-eta tr(h)/4	0	0	0	5	0	5	(1,1) tensor Sym^5(1/2,1/2)	B_lin h_0	E_n:hstar_0	4	exact
5	M_n	831	h_0_(11)-(33)[P0^3*P2*P3]	trace-free metric fluctuation	h_0=h-eta tr(h)/4	0	0	0	5	0	5	(1,1) tensor Sym^5(1/2,1/2)	B_lin h_0	E_n:hstar_0	2	exact
5	M_n	832	h_0_(11)-(33)[P0^3*P2^2]	trace-free metric fluctuation	h_0=h-eta tr(h)/4	0	0	0	5	0	5	(1,1) tensor Sym^5(1/2,1/2)	B_lin h_0	E_n:hstar_0	1	exact
5	M_n	833	h_0_(11)-(33)[P0^3*P1*P3]	trace-free metric fluctuation	h_0=h-eta tr(h)/4	0	0	0	5	0	5	(1,1) tensor Sym^5(1/2,1/2)	B_lin h_0	E_n:hstar_0	2	exact
5	M_n	834	h_0_(11)-(33)[P0^3*P1*P2]	trace-free metric fluctuation	h_0=h-eta tr(h)/4	0	0	0	5	0	5	(1,1) tensor Sym^5(1/2,1/2)	B_lin h_0	E_n:hstar_0	2	exact
5	M_n	835	h_0_(11)-(33)[P0^3*P1^2]	trace-free metric fluctuation	h_0=h-eta tr(h)/4	0	0	0	5	0	5	(1,1) tensor Sym^5(1/2,1/2)	B_lin h_0	E_n:hstar_0	4	exact
5	M_n	836	h_0_(11)-(33)[P0^4*P3]	trace-free metric fluctuation	h_0=h-eta tr(h)/4	0	0	0	5	0	5	(1,1) tensor Sym^5(1/2,1/2)	B_lin h_0	E_n:hstar_0	2	exact
5	M_n	837	h_0_(11)-(33)[P0^4*P2]	trace-free metric fluctuation	h_0=h-eta tr(h)/4	0	0	0	5	0	5	(1,1) tensor Sym^5(1/2,1/2)	B_lin h_0	E_n:hstar_0	1	exact
5	M_n	838	h_0_(11)-(33)[P0^4*P1]	trace-free metric fluctuation	h_0=h-eta tr(h)/4	0	0	0	5	0	5	(1,1) tensor Sym^5(1/2,1/2)	B_lin h_0	E_n:hstar_0	2	exact
5	M_n	839	h_0_(11)-(33)[P0^5]	trace-free metric fluctuation	h_0=h-eta tr(h)/4	0	0	0	5	0	5	(1,1) tensor Sym^5(1/2,1/2)	B_lin h_0	E_n:hstar_0	1	exact
5	M_n	840	h_0_(22)-(33)[P3^5]	trace-free metric fluctuation	h_0=h-eta tr(h)/4	0	0	0	5	0	5	(1,1) tensor Sym^5(1/2,1/2)	B_lin h_0	E_n:hstar_0	3	exact
5	M_n	841	h_0_(22)-(33)[P2*P3^4]	trace-free metric fluctuation	h_0=h-eta tr(h)/4	0	0	0	5	0	5	(1,1) tensor Sym^5(1/2,1/2)	B_lin h_0	E_n:hstar_0	4	exact
5	M_n	842	h_0_(22)-(33)[P2^2*P3^3]	trace-free metric fluctuation	h_0=h-eta tr(h)/4	0	0	0	5	0	5	(1,1) tensor Sym^5(1/2,1/2)	B_lin h_0	E_n:hstar_0	2	exact
5	M_n	843	h_0_(22)-(33)[P2^3*P3^2]	trace-free metric fluctuation	h_0=h-eta tr(h)/4	0	0	0	5	0	5	(1,1) tensor Sym^5(1/2,1/2)	B_lin h_0	E_n:hstar_0	2	exact
5	M_n	844	h_0_(22)-(33)[P2^4*P3]	trace-free metric fluctuation	h_0=h-eta tr(h)/4	0	0	0	5	0	5	(1,1) tensor Sym^5(1/2,1/2)	B_lin h_0	E_n:hstar_0	3	exact
5	M_n	845	h_0_(22)-(33)[P2^5]	trace-free metric fluctuation	h_0=h-eta tr(h)/4	0	0	0	5	0	5	(1,1) tensor Sym^5(1/2,1/2)	B_lin h_0	E_n:hstar_0	2	exact
5	M_n	846	h_0_(22)-(33)[P1*P3^4]	trace-free metric fluctuation	h_0=h-eta tr(h)/4	0	0	0	5	0	5	(1,1) tensor Sym^5(1/2,1/2)	B_lin h_0	E_n:hstar_0	4	exact
5	M_n	847	h_0_(22)-(33)[P1*P2*P3^3]	trace-free metric fluctuation	h_0=h-eta tr(h)/4	0	0	0	5	0	5	(1,1) tensor Sym^5(1/2,1/2)	B_lin h_0	E_n:hstar_0	3	exact
5	M_n	848	h_0_(22)-(33)[P1*P2^2*P3^2]	trace-free metric fluctuation	h_0=h-eta tr(h)/4	0	0	0	5	0	5	(1,1) tensor Sym^5(1/2,1/2)	B_lin h_0	E_n:hstar_0	3	exact
5	M_n	849	h_0_(22)-(33)[P1*P2^3*P3]	trace-free metric fluctuation	h_0=h-eta tr(h)/4	0	0	0	5	0	5	(1,1) tensor Sym^5(1/2,1/2)	B_lin h_0	E_n:hstar_0	3	exact
5	M_n	850	h_0_(22)-(33)[P1*P2^4]	trace-free metric fluctuation	h_0=h-eta tr(h)/4	0	0	0	5	0	5	(1,1) tensor Sym^5(1/2,1/2)	B_lin h_0	E_n:hstar_0	3	exact
5	M_n	851	h_0_(22)-(33)[P1^2*P3^3]	trace-free metric fluctuation	h_0=h-eta tr(h)/4	0	0	0	5	0	5	(1,1) tensor Sym^5(1/2,1/2)	B_lin h_0	E_n:hstar_0	4	exact
5	M_n	852	h_0_(22)-(33)[P1^2*P2*P3^2]	trace-free metric fluctuation	h_0=h-eta tr(h)/4	0	0	0	5	0	5	(1,1) tensor Sym^5(1/2,1/2)	B_lin h_0	E_n:hstar_0	4	exact
5	M_n	853	h_0_(22)-(33)[P1^2*P2^2*P3]	trace-free metric fluctuation	h_0=h-eta tr(h)/4	0	0	0	5	0	5	(1,1) tensor Sym^5(1/2,1/2)	B_lin h_0	E_n:hstar_0	4	exact
5	M_n	854	h_0_(22)-(33)[P1^2*P2^3]	trace-free metric fluctuation	h_0=h-eta tr(h)/4	0	0	0	5	0	5	(1,1) tensor Sym^5(1/2,1/2)	B_lin h_0	E_n:hstar_0	4	exact
5	M_n	855	h_0_(22)-(33)[P1^3*P3^2]	trace-free metric fluctuation	h_0=h-eta tr(h)/4	0	0	0	5	0	5	(1,1) tensor Sym^5(1/2,1/2)	B_lin h_0	E_n:hstar_0	4	exact
5	M_n	856	h_0_(22)-(33)[P1^3*P2*P3]	trace-free metric fluctuation	h_0=h-eta tr(h)/4	0	0	0	5	0	5	(1,1) tensor Sym^5(1/2,1/2)	B_lin h_0	E_n:hstar_0	2	exact
5	M_n	857	h_0_(22)-(33)[P1^3*P2^2]	trace-free metric fluctuation	h_0=h-eta tr(h)/4	0	0	0	5	0	5	(1,1) tensor Sym^5(1/2,1/2)	B_lin h_0	E_n:hstar_0	4	exact
5	M_n	858	h_0_(22)-(33)[P1^4*P3]	trace-free metric fluctuation	h_0=h-eta tr(h)/4	0	0	0	5	0	5	(1,1) tensor Sym^5(1/2,1/2)	B_lin h_0	E_n:hstar_0	2	exact
5	M_n	859	h_0_(22)-(33)[P1^4*P2]	trace-free metric fluctuation	h_0=h-eta tr(h)/4	0	0	0	5	0	5	(1,1) tensor Sym^5(1/2,1/2)	B_lin h_0	E_n:hstar_0	2	exact
5	M_n	860	h_0_(22)-(33)[P1^5]	trace-free metric fluctuation	h_0=h-eta tr(h)/4	0	0	0	5	0	5	(1,1) tensor Sym^5(1/2,1/2)	B_lin h_0	E_n:hstar_0	1	exact
5	M_n	861	h_0_(22)-(33)[P0*P3^4]	trace-free metric fluctuation	h_0=h-eta tr(h)/4	0	0	0	5	0	5	(1,1) tensor Sym^5(1/2,1/2)	B_lin h_0	E_n:hstar_0	4	exact
5	M_n	862	h_0_(22)-(33)[P0*P2*P3^3]	trace-free metric fluctuation	h_0=h-eta tr(h)/4	0	0	0	5	0	5	(1,1) tensor Sym^5(1/2,1/2)	B_lin h_0	E_n:hstar_0	3	exact
5	M_n	863	h_0_(22)-(33)[P0*P2^2*P3^2]	trace-free metric fluctuation	h_0=h-eta tr(h)/4	0	0	0	5	0	5	(1,1) tensor Sym^5(1/2,1/2)	B_lin h_0	E_n:hstar_0	3	exact
5	M_n	864	h_0_(22)-(33)[P0*P2^3*P3]	trace-free metric fluctuation	h_0=h-eta tr(h)/4	0	0	0	5	0	5	(1,1) tensor Sym^5(1/2,1/2)	B_lin h_0	E_n:hstar_0	3	exact
5	M_n	865	h_0_(22)-(33)[P0*P2^4]	trace-free metric fluctuation	h_0=h-eta tr(h)/4	0	0	0	5	0	5	(1,1) tensor Sym^5(1/2,1/2)	B_lin h_0	E_n:hstar_0	3	exact
5	M_n	866	h_0_(22)-(33)[P0*P1*P3^3]	trace-free metric fluctuation	h_0=h-eta tr(h)/4	0	0	0	5	0	5	(1,1) tensor Sym^5(1/2,1/2)	B_lin h_0	E_n:hstar_0	3	exact
5	M_n	867	h_0_(22)-(33)[P0*P1*P2*P3^2]	trace-free metric fluctuation	h_0=h-eta tr(h)/4	0	0	0	5	0	5	(1,1) tensor Sym^5(1/2,1/2)	B_lin h_0	E_n:hstar_0	3	exact
5	M_n	868	h_0_(22)-(33)[P0*P1*P2^2*P3]	trace-free metric fluctuation	h_0=h-eta tr(h)/4	0	0	0	5	0	5	(1,1) tensor Sym^5(1/2,1/2)	B_lin h_0	E_n:hstar_0	3	exact
5	M_n	869	h_0_(22)-(33)[P0*P1*P2^3]	trace-free metric fluctuation	h_0=h-eta tr(h)/4	0	0	0	5	0	5	(1,1) tensor Sym^5(1/2,1/2)	B_lin h_0	E_n:hstar_0	3	exact
5	M_n	870	h_0_(22)-(33)[P0*P1^2*P3^2]	trace-free metric fluctuation	h_0=h-eta tr(h)/4	0	0	0	5	0	5	(1,1) tensor Sym^5(1/2,1/2)	B_lin h_0	E_n:hstar_0	5	exact
5	M_n	871	h_0_(22)-(33)[P0*P1^2*P2*P3]	trace-free metric fluctuation	h_0=h-eta tr(h)/4	0	0	0	5	0	5	(1,1) tensor Sym^5(1/2,1/2)	B_lin h_0	E_n:hstar_0	2	exact
5	M_n	872	h_0_(22)-(33)[P0*P1^2*P2^2]	trace-free metric fluctuation	h_0=h-eta tr(h)/4	0	0	0	5	0	5	(1,1) tensor Sym^5(1/2,1/2)	B_lin h_0	E_n:hstar_0	5	exact
5	M_n	873	h_0_(22)-(33)[P0*P1^3*P3]	trace-free metric fluctuation	h_0=h-eta tr(h)/4	0	0	0	5	0	5	(1,1) tensor Sym^5(1/2,1/2)	B_lin h_0	E_n:hstar_0	2	exact
5	M_n	874	h_0_(22)-(33)[P0*P1^3*P2]	trace-free metric fluctuation	h_0=h-eta tr(h)/4	0	0	0	5	0	5	(1,1) tensor Sym^5(1/2,1/2)	B_lin h_0	E_n:hstar_0	2	exact
5	M_n	875	h_0_(22)-(33)[P0*P1^4]	trace-free metric fluctuation	h_0=h-eta tr(h)/4	0	0	0	5	0	5	(1,1) tensor Sym^5(1/2,1/2)	B_lin h_0	E_n:hstar_0	1	exact
5	M_n	876	h_0_(22)-(33)[P0^2*P3^3]	trace-free metric fluctuation	h_0=h-eta tr(h)/4	0	0	0	5	0	5	(1,1) tensor Sym^5(1/2,1/2)	B_lin h_0	E_n:hstar_0	4	exact
5	M_n	877	h_0_(22)-(33)[P0^2*P2*P3^2]	trace-free metric fluctuation	h_0=h-eta tr(h)/4	0	0	0	5	0	5	(1,1) tensor Sym^5(1/2,1/2)	B_lin h_0	E_n:hstar_0	4	exact
5	M_n	878	h_0_(22)-(33)[P0^2*P2^2*P3]	trace-free metric fluctuation	h_0=h-eta tr(h)/4	0	0	0	5	0	5	(1,1) tensor Sym^5(1/2,1/2)	B_lin h_0	E_n:hstar_0	4	exact
5	M_n	879	h_0_(22)-(33)[P0^2*P2^3]	trace-free metric fluctuation	h_0=h-eta tr(h)/4	0	0	0	5	0	5	(1,1) tensor Sym^5(1/2,1/2)	B_lin h_0	E_n:hstar_0	4	exact
5	M_n	880	h_0_(22)-(33)[P0^2*P1*P3^2]	trace-free metric fluctuation	h_0=h-eta tr(h)/4	0	0	0	5	0	5	(1,1) tensor Sym^5(1/2,1/2)	B_lin h_0	E_n:hstar_0	5	exact
5	M_n	881	h_0_(22)-(33)[P0^2*P1*P2*P3]	trace-free metric fluctuation	h_0=h-eta tr(h)/4	0	0	0	5	0	5	(1,1) tensor Sym^5(1/2,1/2)	B_lin h_0	E_n:hstar_0	2	exact
5	M_n	882	h_0_(22)-(33)[P0^2*P1*P2^2]	trace-free metric fluctuation	h_0=h-eta tr(h)/4	0	0	0	5	0	5	(1,1) tensor Sym^5(1/2,1/2)	B_lin h_0	E_n:hstar_0	5	exact
5	M_n	883	h_0_(22)-(33)[P0^2*P1^2*P3]	trace-free metric fluctuation	h_0=h-eta tr(h)/4	0	0	0	5	0	5	(1,1) tensor Sym^5(1/2,1/2)	B_lin h_0	E_n:hstar_0	3	exact
5	M_n	884	h_0_(22)-(33)[P0^2*P1^2*P2]	trace-free metric fluctuation	h_0=h-eta tr(h)/4	0	0	0	5	0	5	(1,1) tensor Sym^5(1/2,1/2)	B_lin h_0	E_n:hstar_0	3	exact
5	M_n	885	h_0_(22)-(33)[P0^2*P1^3]	trace-free metric fluctuation	h_0=h-eta tr(h)/4	0	0	0	5	0	5	(1,1) tensor Sym^5(1/2,1/2)	B_lin h_0	E_n:hstar_0	1	exact
5	M_n	886	h_0_(22)-(33)[P0^3*P3^2]	trace-free metric fluctuation	h_0=h-eta tr(h)/4	0	0	0	5	0	5	(1,1) tensor Sym^5(1/2,1/2)	B_lin h_0	E_n:hstar_0	4	exact
5	M_n	887	h_0_(22)-(33)[P0^3*P2*P3]	trace-free metric fluctuation	h_0=h-eta tr(h)/4	0	0	0	5	0	5	(1,1) tensor Sym^5(1/2,1/2)	B_lin h_0	E_n:hstar_0	2	exact
5	M_n	888	h_0_(22)-(33)[P0^3*P2^2]	trace-free metric fluctuation	h_0=h-eta tr(h)/4	0	0	0	5	0	5	(1,1) tensor Sym^5(1/2,1/2)	B_lin h_0	E_n:hstar_0	4	exact
5	M_n	889	h_0_(22)-(33)[P0^3*P1*P3]	trace-free metric fluctuation	h_0=h-eta tr(h)/4	0	0	0	5	0	5	(1,1) tensor Sym^5(1/2,1/2)	B_lin h_0	E_n:hstar_0	2	exact
5	M_n	890	h_0_(22)-(33)[P0^3*P1*P2]	trace-free metric fluctuation	h_0=h-eta tr(h)/4	0	0	0	5	0	5	(1,1) tensor Sym^5(1/2,1/2)	B_lin h_0	E_n:hstar_0	2	exact
5	M_n	891	h_0_(22)-(33)[P0^3*P1^2]	trace-free metric fluctuation	h_0=h-eta tr(h)/4	0	0	0	5	0	5	(1,1) tensor Sym^5(1/2,1/2)	B_lin h_0	E_n:hstar_0	1	exact
5	M_n	892	h_0_(22)-(33)[P0^4*P3]	trace-free metric fluctuation	h_0=h-eta tr(h)/4	0	0	0	5	0	5	(1,1) tensor Sym^5(1/2,1/2)	B_lin h_0	E_n:hstar_0	2	exact
5	M_n	893	h_0_(22)-(33)[P0^4*P2]	trace-free metric fluctuation	h_0=h-eta tr(h)/4	0	0	0	5	0	5	(1,1) tensor Sym^5(1/2,1/2)	B_lin h_0	E_n:hstar_0	2	exact
5	M_n	894	h_0_(22)-(33)[P0^4*P1]	trace-free metric fluctuation	h_0=h-eta tr(h)/4	0	0	0	5	0	5	(1,1) tensor Sym^5(1/2,1/2)	B_lin h_0	E_n:hstar_0	1	exact
5	M_n	895	h_0_(22)-(33)[P0^5]	trace-free metric fluctuation	h_0=h-eta tr(h)/4	0	0	0	5	0	5	(1,1) tensor Sym^5(1/2,1/2)	B_lin h_0	E_n:hstar_0	1	exact
5	M_n	896	tau[P3^5]	metric trace	tau=tr(h)/8	0	0	0	5	0	5	(0,0) tensor Sym^5(1/2,1/2)	0	0	0	exact
5	M_n	897	tau[P2*P3^4]	metric trace	tau=tr(h)/8	0	0	0	5	0	5	(0,0) tensor Sym^5(1/2,1/2)	0	0	0	exact
5	M_n	898	tau[P2^2*P3^3]	metric trace	tau=tr(h)/8	0	0	0	5	0	5	(0,0) tensor Sym^5(1/2,1/2)	0	0	0	exact
5	M_n	899	tau[P2^3*P3^2]	metric trace	tau=tr(h)/8	0	0	0	5	0	5	(0,0) tensor Sym^5(1/2,1/2)	0	0	0	exact
5	M_n	900	tau[P2^4*P3]	metric trace	tau=tr(h)/8	0	0	0	5	0	5	(0,0) tensor Sym^5(1/2,1/2)	0	0	0	exact
5	M_n	901	tau[P2^5]	metric trace	tau=tr(h)/8	0	0	0	5	0	5	(0,0) tensor Sym^5(1/2,1/2)	0	0	0	exact
5	M_n	902	tau[P1*P3^4]	metric trace	tau=tr(h)/8	0	0	0	5	0	5	(0,0) tensor Sym^5(1/2,1/2)	0	0	0	exact
5	M_n	903	tau[P1*P2*P3^3]	metric trace	tau=tr(h)/8	0	0	0	5	0	5	(0,0) tensor Sym^5(1/2,1/2)	0	0	0	exact
5	M_n	904	tau[P1*P2^2*P3^2]	metric trace	tau=tr(h)/8	0	0	0	5	0	5	(0,0) tensor Sym^5(1/2,1/2)	0	0	0	exact
5	M_n	905	tau[P1*P2^3*P3]	metric trace	tau=tr(h)/8	0	0	0	5	0	5	(0,0) tensor Sym^5(1/2,1/2)	0	0	0	exact
5	M_n	906	tau[P1*P2^4]	metric trace	tau=tr(h)/8	0	0	0	5	0	5	(0,0) tensor Sym^5(1/2,1/2)	0	0	0	exact
5	M_n	907	tau[P1^2*P3^3]	metric trace	tau=tr(h)/8	0	0	0	5	0	5	(0,0) tensor Sym^5(1/2,1/2)	0	0	0	exact
5	M_n	908	tau[P1^2*P2*P3^2]	metric trace	tau=tr(h)/8	0	0	0	5	0	5	(0,0) tensor Sym^5(1/2,1/2)	0	0	0	exact
5	M_n	909	tau[P1^2*P2^2*P3]	metric trace	tau=tr(h)/8	0	0	0	5	0	5	(0,0) tensor Sym^5(1/2,1/2)	0	0	0	exact
5	M_n	910	tau[P1^2*P2^3]	metric trace	tau=tr(h)/8	0	0	0	5	0	5	(0,0) tensor Sym^5(1/2,1/2)	0	0	0	exact
5	M_n	911	tau[P1^3*P3^2]	metric trace	tau=tr(h)/8	0	0	0	5	0	5	(0,0) tensor Sym^5(1/2,1/2)	0	0	0	exact
5	M_n	912	tau[P1^3*P2*P3]	metric trace	tau=tr(h)/8	0	0	0	5	0	5	(0,0) tensor Sym^5(1/2,1/2)	0	0	0	exact
5	M_n	913	tau[P1^3*P2^2]	metric trace	tau=tr(h)/8	0	0	0	5	0	5	(0,0) tensor Sym^5(1/2,1/2)	0	0	0	exact
5	M_n	914	tau[P1^4*P3]	metric trace	tau=tr(h)/8	0	0	0	5	0	5	(0,0) tensor Sym^5(1/2,1/2)	0	0	0	exact
5	M_n	915	tau[P1^4*P2]	metric trace	tau=tr(h)/8	0	0	0	5	0	5	(0,0) tensor Sym^5(1/2,1/2)	0	0	0	exact
5	M_n	916	tau[P1^5]	metric trace	tau=tr(h)/8	0	0	0	5	0	5	(0,0) tensor Sym^5(1/2,1/2)	0	0	0	exact
5	M_n	917	tau[P0*P3^4]	metric trace	tau=tr(h)/8	0	0	0	5	0	5	(0,0) tensor Sym^5(1/2,1/2)	0	0	0	exact
5	M_n	918	tau[P0*P2*P3^3]	metric trace	tau=tr(h)/8	0	0	0	5	0	5	(0,0) tensor Sym^5(1/2,1/2)	0	0	0	exact
5	M_n	919	tau[P0*P2^2*P3^2]	metric trace	tau=tr(h)/8	0	0	0	5	0	5	(0,0) tensor Sym^5(1/2,1/2)	0	0	0	exact
5	M_n	920	tau[P0*P2^3*P3]	metric trace	tau=tr(h)/8	0	0	0	5	0	5	(0,0) tensor Sym^5(1/2,1/2)	0	0	0	exact
5	M_n	921	tau[P0*P2^4]	metric trace	tau=tr(h)/8	0	0	0	5	0	5	(0,0) tensor Sym^5(1/2,1/2)	0	0	0	exact
5	M_n	922	tau[P0*P1*P3^3]	metric trace	tau=tr(h)/8	0	0	0	5	0	5	(0,0) tensor Sym^5(1/2,1/2)	0	0	0	exact
5	M_n	923	tau[P0*P1*P2*P3^2]	metric trace	tau=tr(h)/8	0	0	0	5	0	5	(0,0) tensor Sym^5(1/2,1/2)	0	0	0	exact
5	M_n	924	tau[P0*P1*P2^2*P3]	metric trace	tau=tr(h)/8	0	0	0	5	0	5	(0,0) tensor Sym^5(1/2,1/2)	0	0	0	exact
5	M_n	925	tau[P0*P1*P2^3]	metric trace	tau=tr(h)/8	0	0	0	5	0	5	(0,0) tensor Sym^5(1/2,1/2)	0	0	0	exact
5	M_n	926	tau[P0*P1^2*P3^2]	metric trace	tau=tr(h)/8	0	0	0	5	0	5	(0,0) tensor Sym^5(1/2,1/2)	0	0	0	exact
5	M_n	927	tau[P0*P1^2*P2*P3]	metric trace	tau=tr(h)/8	0	0	0	5	0	5	(0,0) tensor Sym^5(1/2,1/2)	0	0	0	exact
5	M_n	928	tau[P0*P1^2*P2^2]	metric trace	tau=tr(h)/8	0	0	0	5	0	5	(0,0) tensor Sym^5(1/2,1/2)	0	0	0	exact
5	M_n	929	tau[P0*P1^3*P3]	metric trace	tau=tr(h)/8	0	0	0	5	0	5	(0,0) tensor Sym^5(1/2,1/2)	0	0	0	exact
5	M_n	930	tau[P0*P1^3*P2]	metric trace	tau=tr(h)/8	0	0	0	5	0	5	(0,0) tensor Sym^5(1/2,1/2)	0	0	0	exact
5	M_n	931	tau[P0*P1^4]	metric trace	tau=tr(h)/8	0	0	0	5	0	5	(0,0) tensor Sym^5(1/2,1/2)	0	0	0	exact
5	M_n	932	tau[P0^2*P3^3]	metric trace	tau=tr(h)/8	0	0	0	5	0	5	(0,0) tensor Sym^5(1/2,1/2)	0	0	0	exact
5	M_n	933	tau[P0^2*P2*P3^2]	metric trace	tau=tr(h)/8	0	0	0	5	0	5	(0,0) tensor Sym^5(1/2,1/2)	0	0	0	exact
5	M_n	934	tau[P0^2*P2^2*P3]	metric trace	tau=tr(h)/8	0	0	0	5	0	5	(0,0) tensor Sym^5(1/2,1/2)	0	0	0	exact
5	M_n	935	tau[P0^2*P2^3]	metric trace	tau=tr(h)/8	0	0	0	5	0	5	(0,0) tensor Sym^5(1/2,1/2)	0	0	0	exact
5	M_n	936	tau[P0^2*P1*P3^2]	metric trace	tau=tr(h)/8	0	0	0	5	0	5	(0,0) tensor Sym^5(1/2,1/2)	0	0	0	exact
5	M_n	937	tau[P0^2*P1*P2*P3]	metric trace	tau=tr(h)/8	0	0	0	5	0	5	(0,0) tensor Sym^5(1/2,1/2)	0	0	0	exact
5	M_n	938	tau[P0^2*P1*P2^2]	metric trace	tau=tr(h)/8	0	0	0	5	0	5	(0,0) tensor Sym^5(1/2,1/2)	0	0	0	exact
5	M_n	939	tau[P0^2*P1^2*P3]	metric trace	tau=tr(h)/8	0	0	0	5	0	5	(0,0) tensor Sym^5(1/2,1/2)	0	0	0	exact
5	M_n	940	tau[P0^2*P1^2*P2]	metric trace	tau=tr(h)/8	0	0	0	5	0	5	(0,0) tensor Sym^5(1/2,1/2)	0	0	0	exact
5	M_n	941	tau[P0^2*P1^3]	metric trace	tau=tr(h)/8	0	0	0	5	0	5	(0,0) tensor Sym^5(1/2,1/2)	0	0	0	exact
5	M_n	942	tau[P0^3*P3^2]	metric trace	tau=tr(h)/8	0	0	0	5	0	5	(0,0) tensor Sym^5(1/2,1/2)	0	0	0	exact
5	M_n	943	tau[P0^3*P2*P3]	metric trace	tau=tr(h)/8	0	0	0	5	0	5	(0,0) tensor Sym^5(1/2,1/2)	0	0	0	exact
5	M_n	944	tau[P0^3*P2^2]	metric trace	tau=tr(h)/8	0	0	0	5	0	5	(0,0) tensor Sym^5(1/2,1/2)	0	0	0	exact
5	M_n	945	tau[P0^3*P1*P3]	metric trace	tau=tr(h)/8	0	0	0	5	0	5	(0,0) tensor Sym^5(1/2,1/2)	0	0	0	exact
5	M_n	946	tau[P0^3*P1*P2]	metric trace	tau=tr(h)/8	0	0	0	5	0	5	(0,0) tensor Sym^5(1/2,1/2)	0	0	0	exact
5	M_n	947	tau[P0^3*P1^2]	metric trace	tau=tr(h)/8	0	0	0	5	0	5	(0,0) tensor Sym^5(1/2,1/2)	0	0	0	exact
5	M_n	948	tau[P0^4*P3]	metric trace	tau=tr(h)/8	0	0	0	5	0	5	(0,0) tensor Sym^5(1/2,1/2)	0	0	0	exact
5	M_n	949	tau[P0^4*P2]	metric trace	tau=tr(h)/8	0	0	0	5	0	5	(0,0) tensor Sym^5(1/2,1/2)	0	0	0	exact
5	M_n	950	tau[P0^4*P1]	metric trace	tau=tr(h)/8	0	0	0	5	0	5	(0,0) tensor Sym^5(1/2,1/2)	0	0	0	exact
5	M_n	951	tau[P0^5]	metric trace	tau=tr(h)/8	0	0	0	5	0	5	(0,0) tensor Sym^5(1/2,1/2)	0	0	0	exact
5	E_n	952	hstar_0_(01)[P3]	trace-free metric antifield	hstar_0=hstar-eta tr(hstar)/4	-1	1	1	5	4	1	(1,1) tensor Sym^1(1/2,1/2)	partial^mu hstar_0(mu nu)	I_n:i_star	0	exact
5	E_n	953	hstar_0_(01)[P2]	trace-free metric antifield	hstar_0=hstar-eta tr(hstar)/4	-1	1	1	5	4	1	(1,1) tensor Sym^1(1/2,1/2)	partial^mu hstar_0(mu nu)	I_n:i_star	0	exact
5	E_n	954	hstar_0_(01)[P1]	trace-free metric antifield	hstar_0=hstar-eta tr(hstar)/4	-1	1	1	5	4	1	(1,1) tensor Sym^1(1/2,1/2)	partial^mu hstar_0(mu nu)	I_n:i_star	1	exact
5	E_n	955	hstar_0_(01)[P0]	trace-free metric antifield	hstar_0=hstar-eta tr(hstar)/4	-1	1	1	5	4	1	(1,1) tensor Sym^1(1/2,1/2)	partial^mu hstar_0(mu nu)	I_n:i_star	1	exact
5	E_n	956	hstar_0_(02)[P3]	trace-free metric antifield	hstar_0=hstar-eta tr(hstar)/4	-1	1	1	5	4	1	(1,1) tensor Sym^1(1/2,1/2)	partial^mu hstar_0(mu nu)	I_n:i_star	0	exact
5	E_n	957	hstar_0_(02)[P2]	trace-free metric antifield	hstar_0=hstar-eta tr(hstar)/4	-1	1	1	5	4	1	(1,1) tensor Sym^1(1/2,1/2)	partial^mu hstar_0(mu nu)	I_n:i_star	1	exact
5	E_n	958	hstar_0_(02)[P1]	trace-free metric antifield	hstar_0=hstar-eta tr(hstar)/4	-1	1	1	5	4	1	(1,1) tensor Sym^1(1/2,1/2)	partial^mu hstar_0(mu nu)	I_n:i_star	0	exact
5	E_n	959	hstar_0_(02)[P0]	trace-free metric antifield	hstar_0=hstar-eta tr(hstar)/4	-1	1	1	5	4	1	(1,1) tensor Sym^1(1/2,1/2)	partial^mu hstar_0(mu nu)	I_n:i_star	1	exact
5	E_n	960	hstar_0_(03)[P3]	trace-free metric antifield	hstar_0=hstar-eta tr(hstar)/4	-1	1	1	5	4	1	(1,1) tensor Sym^1(1/2,1/2)	partial^mu hstar_0(mu nu)	I_n:i_star	1	exact
5	E_n	961	hstar_0_(03)[P2]	trace-free metric antifield	hstar_0=hstar-eta tr(hstar)/4	-1	1	1	5	4	1	(1,1) tensor Sym^1(1/2,1/2)	partial^mu hstar_0(mu nu)	I_n:i_star	0	exact
5	E_n	962	hstar_0_(03)[P1]	trace-free metric antifield	hstar_0=hstar-eta tr(hstar)/4	-1	1	1	5	4	1	(1,1) tensor Sym^1(1/2,1/2)	partial^mu hstar_0(mu nu)	I_n:i_star	0	exact
5	E_n	963	hstar_0_(03)[P0]	trace-free metric antifield	hstar_0=hstar-eta tr(hstar)/4	-1	1	1	5	4	1	(1,1) tensor Sym^1(1/2,1/2)	partial^mu hstar_0(mu nu)	I_n:i_star	1	exact
5	E_n	964	hstar_0_(12)[P3]	trace-free metric antifield	hstar_0=hstar-eta tr(hstar)/4	-1	1	1	5	4	1	(1,1) tensor Sym^1(1/2,1/2)	partial^mu hstar_0(mu nu)	I_n:i_star	0	exact
5	E_n	965	hstar_0_(12)[P2]	trace-free metric antifield	hstar_0=hstar-eta tr(hstar)/4	-1	1	1	5	4	1	(1,1) tensor Sym^1(1/2,1/2)	partial^mu hstar_0(mu nu)	I_n:i_star	1	exact
5	E_n	966	hstar_0_(12)[P1]	trace-free metric antifield	hstar_0=hstar-eta tr(hstar)/4	-1	1	1	5	4	1	(1,1) tensor Sym^1(1/2,1/2)	partial^mu hstar_0(mu nu)	I_n:i_star	1	exact
5	E_n	967	hstar_0_(12)[P0]	trace-free metric antifield	hstar_0=hstar-eta tr(hstar)/4	-1	1	1	5	4	1	(1,1) tensor Sym^1(1/2,1/2)	partial^mu hstar_0(mu nu)	I_n:i_star	0	exact
5	E_n	968	hstar_0_(13)[P3]	trace-free metric antifield	hstar_0=hstar-eta tr(hstar)/4	-1	1	1	5	4	1	(1,1) tensor Sym^1(1/2,1/2)	partial^mu hstar_0(mu nu)	I_n:i_star	1	exact
5	E_n	969	hstar_0_(13)[P2]	trace-free metric antifield	hstar_0=hstar-eta tr(hstar)/4	-1	1	1	5	4	1	(1,1) tensor Sym^1(1/2,1/2)	partial^mu hstar_0(mu nu)	I_n:i_star	0	exact
5	E_n	970	hstar_0_(13)[P1]	trace-free metric antifield	hstar_0=hstar-eta tr(hstar)/4	-1	1	1	5	4	1	(1,1) tensor Sym^1(1/2,1/2)	partial^mu hstar_0(mu nu)	I_n:i_star	1	exact
5	E_n	971	hstar_0_(13)[P0]	trace-free metric antifield	hstar_0=hstar-eta tr(hstar)/4	-1	1	1	5	4	1	(1,1) tensor Sym^1(1/2,1/2)	partial^mu hstar_0(mu nu)	I_n:i_star	0	exact
5	E_n	972	hstar_0_(23)[P3]	trace-free metric antifield	hstar_0=hstar-eta tr(hstar)/4	-1	1	1	5	4	1	(1,1) tensor Sym^1(1/2,1/2)	partial^mu hstar_0(mu nu)	I_n:i_star	1	exact
5	E_n	973	hstar_0_(23)[P2]	trace-free metric antifield	hstar_0=hstar-eta tr(hstar)/4	-1	1	1	5	4	1	(1,1) tensor Sym^1(1/2,1/2)	partial^mu hstar_0(mu nu)	I_n:i_star	1	exact
5	E_n	974	hstar_0_(23)[P1]	trace-free metric antifield	hstar_0=hstar-eta tr(hstar)/4	-1	1	1	5	4	1	(1,1) tensor Sym^1(1/2,1/2)	partial^mu hstar_0(mu nu)	I_n:i_star	0	exact
5	E_n	975	hstar_0_(23)[P0]	trace-free metric antifield	hstar_0=hstar-eta tr(hstar)/4	-1	1	1	5	4	1	(1,1) tensor Sym^1(1/2,1/2)	partial^mu hstar_0(mu nu)	I_n:i_star	0	exact
5	E_n	976	hstar_0_(00)-(33)[P3]	trace-free metric antifield	hstar_0=hstar-eta tr(hstar)/4	-1	1	1	5	4	1	(1,1) tensor Sym^1(1/2,1/2)	partial^mu hstar_0(mu nu)	I_n:i_star	1	exact
5	E_n	977	hstar_0_(00)-(33)[P2]	trace-free metric antifield	hstar_0=hstar-eta tr(hstar)/4	-1	1	1	5	4	1	(1,1) tensor Sym^1(1/2,1/2)	partial^mu hstar_0(mu nu)	I_n:i_star	0	exact
5	E_n	978	hstar_0_(00)-(33)[P1]	trace-free metric antifield	hstar_0=hstar-eta tr(hstar)/4	-1	1	1	5	4	1	(1,1) tensor Sym^1(1/2,1/2)	partial^mu hstar_0(mu nu)	I_n:i_star	0	exact
5	E_n	979	hstar_0_(00)-(33)[P0]	trace-free metric antifield	hstar_0=hstar-eta tr(hstar)/4	-1	1	1	5	4	1	(1,1) tensor Sym^1(1/2,1/2)	partial^mu hstar_0(mu nu)	I_n:i_star	1	exact
5	E_n	980	hstar_0_(11)-(33)[P3]	trace-free metric antifield	hstar_0=hstar-eta tr(hstar)/4	-1	1	1	5	4	1	(1,1) tensor Sym^1(1/2,1/2)	partial^mu hstar_0(mu nu)	I_n:i_star	1	exact
5	E_n	981	hstar_0_(11)-(33)[P2]	trace-free metric antifield	hstar_0=hstar-eta tr(hstar)/4	-1	1	1	5	4	1	(1,1) tensor Sym^1(1/2,1/2)	partial^mu hstar_0(mu nu)	I_n:i_star	0	exact
5	E_n	982	hstar_0_(11)-(33)[P1]	trace-free metric antifield	hstar_0=hstar-eta tr(hstar)/4	-1	1	1	5	4	1	(1,1) tensor Sym^1(1/2,1/2)	partial^mu hstar_0(mu nu)	I_n:i_star	1	exact
5	E_n	983	hstar_0_(11)-(33)[P0]	trace-free metric antifield	hstar_0=hstar-eta tr(hstar)/4	-1	1	1	5	4	1	(1,1) tensor Sym^1(1/2,1/2)	partial^mu hstar_0(mu nu)	I_n:i_star	0	exact
5	E_n	984	hstar_0_(22)-(33)[P3]	trace-free metric antifield	hstar_0=hstar-eta tr(hstar)/4	-1	1	1	5	4	1	(1,1) tensor Sym^1(1/2,1/2)	partial^mu hstar_0(mu nu)	I_n:i_star	1	exact
5	E_n	985	hstar_0_(22)-(33)[P2]	trace-free metric antifield	hstar_0=hstar-eta tr(hstar)/4	-1	1	1	5	4	1	(1,1) tensor Sym^1(1/2,1/2)	partial^mu hstar_0(mu nu)	I_n:i_star	1	exact
5	E_n	986	hstar_0_(22)-(33)[P1]	trace-free metric antifield	hstar_0=hstar-eta tr(hstar)/4	-1	1	1	5	4	1	(1,1) tensor Sym^1(1/2,1/2)	partial^mu hstar_0(mu nu)	I_n:i_star	0	exact
5	E_n	987	hstar_0_(22)-(33)[P0]	trace-free metric antifield	hstar_0=hstar-eta tr(hstar)/4	-1	1	1	5	4	1	(1,1) tensor Sym^1(1/2,1/2)	partial^mu hstar_0(mu nu)	I_n:i_star	0	exact
5	E_n	988	tau_star[P3]	trace metric antifield	tau_star=2 tr(hstar)	-1	1	1	5	4	1	(0,0) tensor Sym^1(1/2,1/2)	Omega_star	I_n:Omega_star	1	exact
5	E_n	989	tau_star[P2]	trace metric antifield	tau_star=2 tr(hstar)	-1	1	1	5	4	1	(0,0) tensor Sym^1(1/2,1/2)	Omega_star	I_n:Omega_star	1	exact
5	E_n	990	tau_star[P1]	trace metric antifield	tau_star=2 tr(hstar)	-1	1	1	5	4	1	(0,0) tensor Sym^1(1/2,1/2)	Omega_star	I_n:Omega_star	1	exact
5	E_n	991	tau_star[P0]	trace metric antifield	tau_star=2 tr(hstar)	-1	1	1	5	4	1	(0,0) tensor Sym^1(1/2,1/2)	Omega_star	I_n:Omega_star	1	exact
5	I_n	992	i_star_mu_0[1]	diffeomorphism-ghost antifield	i_star=-(cstar+partial omegastar/4)/2	-2	2	2	5	5	0	(1/2,1/2) tensor Sym^0(1/2,1/2)	0	0	0	exact
5	I_n	993	i_star_mu_1[1]	diffeomorphism-ghost antifield	i_star=-(cstar+partial omegastar/4)/2	-2	2	2	5	5	0	(1/2,1/2) tensor Sym^0(1/2,1/2)	0	0	0	exact
5	I_n	994	i_star_mu_2[1]	diffeomorphism-ghost antifield	i_star=-(cstar+partial omegastar/4)/2	-2	2	2	5	5	0	(1/2,1/2) tensor Sym^0(1/2,1/2)	0	0	0	exact
5	I_n	995	i_star_mu_3[1]	diffeomorphism-ghost antifield	i_star=-(cstar+partial omegastar/4)/2	-2	2	2	5	5	0	(1/2,1/2) tensor Sym^0(1/2,1/2)	0	0	0	exact
5	I_n	996	Omega_star[P3]	Weyl-ghost antifield	Omega_star=omegastar	-2	2	2	5	4	1	(0,0) tensor Sym^1(1/2,1/2)	0	0	0	exact
5	I_n	997	Omega_star[P2]	Weyl-ghost antifield	Omega_star=omegastar	-2	2	2	5	4	1	(0,0) tensor Sym^1(1/2,1/2)	0	0	0	exact
5	I_n	998	Omega_star[P1]	Weyl-ghost antifield	Omega_star=omegastar	-2	2	2	5	4	1	(0,0) tensor Sym^1(1/2,1/2)	0	0	0	exact
5	I_n	999	Omega_star[P0]	Weyl-ghost antifield	Omega_star=omegastar	-2	2	2	5	4	1	(0,0) tensor Sym^1(1/2,1/2)	0	0	0	exact
