energy	full_index	sector	variable	basis_element	component_index	conventional_bv_ghost_number	antifield_number	local_tangent_degree	compact_degree	tensor_type	primary_weight	polynomial_level	classification	coordinate_brst_rule	tangent_differential	q_gf_image_nnz	canonical_shift_nnz	elimination	equality_certificate
2	0	minimal	diffeomorphism ghost c_mu	c_mu_0[P3^3]	0	1	0	-1	2	(1/2,1/2) tensor Sym^3(1/2,1/2)	-1	3	proven minimal raw chain	minimal master-action rule	K_0 c	2	0	retained by p_gf	exact
2	1	minimal	diffeomorphism ghost c_mu	c_mu_0[P2*P3^2]	1	1	0	-1	2	(1/2,1/2) tensor Sym^3(1/2,1/2)	-1	3	proven minimal raw chain	minimal master-action rule	K_0 c	3	0	retained by p_gf	exact
2	2	minimal	diffeomorphism ghost c_mu	c_mu_0[P2^2*P3]	2	1	0	-1	2	(1/2,1/2) tensor Sym^3(1/2,1/2)	-1	3	proven minimal raw chain	minimal master-action rule	K_0 c	3	0	retained by p_gf	exact
2	3	minimal	diffeomorphism ghost c_mu	c_mu_0[P2^3]	3	1	0	-1	2	(1/2,1/2) tensor Sym^3(1/2,1/2)	-1	3	proven minimal raw chain	minimal master-action rule	K_0 c	2	0	retained by p_gf	exact
2	4	minimal	diffeomorphism ghost c_mu	c_mu_0[P1*P3^2]	4	1	0	-1	2	(1/2,1/2) tensor Sym^3(1/2,1/2)	-1	3	proven minimal raw chain	minimal master-action rule	K_0 c	3	0	retained by p_gf	exact
2	5	minimal	diffeomorphism ghost c_mu	c_mu_0[P1*P2*P3]	5	1	0	-1	2	(1/2,1/2) tensor Sym^3(1/2,1/2)	-1	3	proven minimal raw chain	minimal master-action rule	K_0 c	3	0	retained by p_gf	exact
2	6	minimal	diffeomorphism ghost c_mu	c_mu_0[P1*P2^2]	6	1	0	-1	2	(1/2,1/2) tensor Sym^3(1/2,1/2)	-1	3	proven minimal raw chain	minimal master-action rule	K_0 c	3	0	retained by p_gf	exact
2	7	minimal	diffeomorphism ghost c_mu	c_mu_0[P1^2*P3]	7	1	0	-1	2	(1/2,1/2) tensor Sym^3(1/2,1/2)	-1	3	proven minimal raw chain	minimal master-action rule	K_0 c	3	0	retained by p_gf	exact
2	8	minimal	diffeomorphism ghost c_mu	c_mu_0[P1^2*P2]	8	1	0	-1	2	(1/2,1/2) tensor Sym^3(1/2,1/2)	-1	3	proven minimal raw chain	minimal master-action rule	K_0 c	3	0	retained by p_gf	exact
2	9	minimal	diffeomorphism ghost c_mu	c_mu_0[P1^3]	9	1	0	-1	2	(1/2,1/2) tensor Sym^3(1/2,1/2)	-1	3	proven minimal raw chain	minimal master-action rule	K_0 c	2	0	retained by p_gf	exact
2	10	minimal	diffeomorphism ghost c_mu	c_mu_0[P0*P3^2]	10	1	0	-1	2	(1/2,1/2) tensor Sym^3(1/2,1/2)	-1	3	proven minimal raw chain	minimal master-action rule	K_0 c	6	0	retained by p_gf	exact
2	11	minimal	diffeomorphism ghost c_mu	c_mu_0[P0*P2*P3]	11	1	0	-1	2	(1/2,1/2) tensor Sym^3(1/2,1/2)	-1	3	proven minimal raw chain	minimal master-action rule	K_0 c	7	0	retained by p_gf	exact
2	12	minimal	diffeomorphism ghost c_mu	c_mu_0[P0*P2^2]	12	1	0	-1	2	(1/2,1/2) tensor Sym^3(1/2,1/2)	-1	3	proven minimal raw chain	minimal master-action rule	K_0 c	6	0	retained by p_gf	exact
2	13	minimal	diffeomorphism ghost c_mu	c_mu_0[P0*P1*P3]	13	1	0	-1	2	(1/2,1/2) tensor Sym^3(1/2,1/2)	-1	3	proven minimal raw chain	minimal master-action rule	K_0 c	7	0	retained by p_gf	exact
2	14	minimal	diffeomorphism ghost c_mu	c_mu_0[P0*P1*P2]	14	1	0	-1	2	(1/2,1/2) tensor Sym^3(1/2,1/2)	-1	3	proven minimal raw chain	minimal master-action rule	K_0 c	7	0	retained by p_gf	exact
2	15	minimal	diffeomorphism ghost c_mu	c_mu_0[P0*P1^2]	15	1	0	-1	2	(1/2,1/2) tensor Sym^3(1/2,1/2)	-1	3	proven minimal raw chain	minimal master-action rule	K_0 c	6	0	retained by p_gf	exact
2	16	minimal	diffeomorphism ghost c_mu	c_mu_0[P0^2*P3]	16	1	0	-1	2	(1/2,1/2) tensor Sym^3(1/2,1/2)	-1	3	proven minimal raw chain	minimal master-action rule	K_0 c	6	0	retained by p_gf	exact
2	17	minimal	diffeomorphism ghost c_mu	c_mu_0[P0^2*P2]	17	1	0	-1	2	(1/2,1/2) tensor Sym^3(1/2,1/2)	-1	3	proven minimal raw chain	minimal master-action rule	K_0 c	6	0	retained by p_gf	exact
2	18	minimal	diffeomorphism ghost c_mu	c_mu_0[P0^2*P1]	18	1	0	-1	2	(1/2,1/2) tensor Sym^3(1/2,1/2)	-1	3	proven minimal raw chain	minimal master-action rule	K_0 c	6	0	retained by p_gf	exact
2	19	minimal	diffeomorphism ghost c_mu	c_mu_0[P0^3]	19	1	0	-1	2	(1/2,1/2) tensor Sym^3(1/2,1/2)	-1	3	proven minimal raw chain	minimal master-action rule	K_0 c	4	0	retained by p_gf	exact
2	20	minimal	diffeomorphism ghost c_mu	c_mu_1[P3^3]	20	1	0	-1	2	(1/2,1/2) tensor Sym^3(1/2,1/2)	-1	3	proven minimal raw chain	minimal master-action rule	K_0 c	2	0	retained by p_gf	exact
2	21	minimal	diffeomorphism ghost c_mu	c_mu_1[P2*P3^2]	21	1	0	-1	2	(1/2,1/2) tensor Sym^3(1/2,1/2)	-1	3	proven minimal raw chain	minimal master-action rule	K_0 c	3	0	retained by p_gf	exact
2	22	minimal	diffeomorphism ghost c_mu	c_mu_1[P2^2*P3]	22	1	0	-1	2	(1/2,1/2) tensor Sym^3(1/2,1/2)	-1	3	proven minimal raw chain	minimal master-action rule	K_0 c	3	0	retained by p_gf	exact
2	23	minimal	diffeomorphism ghost c_mu	c_mu_1[P2^3]	23	1	0	-1	2	(1/2,1/2) tensor Sym^3(1/2,1/2)	-1	3	proven minimal raw chain	minimal master-action rule	K_0 c	2	0	retained by p_gf	exact
2	24	minimal	diffeomorphism ghost c_mu	c_mu_1[P1*P3^2]	24	1	0	-1	2	(1/2,1/2) tensor Sym^3(1/2,1/2)	-1	3	proven minimal raw chain	minimal master-action rule	K_0 c	6	0	retained by p_gf	exact
2	25	minimal	diffeomorphism ghost c_mu	c_mu_1[P1*P2*P3]	25	1	0	-1	2	(1/2,1/2) tensor Sym^3(1/2,1/2)	-1	3	proven minimal raw chain	minimal master-action rule	K_0 c	7	0	retained by p_gf	exact
2	26	minimal	diffeomorphism ghost c_mu	c_mu_1[P1*P2^2]	26	1	0	-1	2	(1/2,1/2) tensor Sym^3(1/2,1/2)	-1	3	proven minimal raw chain	minimal master-action rule	K_0 c	6	0	retained by p_gf	exact
2	27	minimal	diffeomorphism ghost c_mu	c_mu_1[P1^2*P3]	27	1	0	-1	2	(1/2,1/2) tensor Sym^3(1/2,1/2)	-1	3	proven minimal raw chain	minimal master-action rule	K_0 c	6	0	retained by p_gf	exact
2	28	minimal	diffeomorphism ghost c_mu	c_mu_1[P1^2*P2]	28	1	0	-1	2	(1/2,1/2) tensor Sym^3(1/2,1/2)	-1	3	proven minimal raw chain	minimal master-action rule	K_0 c	6	0	retained by p_gf	exact
2	29	minimal	diffeomorphism ghost c_mu	c_mu_1[P1^3]	29	1	0	-1	2	(1/2,1/2) tensor Sym^3(1/2,1/2)	-1	3	proven minimal raw chain	minimal master-action rule	K_0 c	4	0	retained by p_gf	exact
2	30	minimal	diffeomorphism ghost c_mu	c_mu_1[P0*P3^2]	30	1	0	-1	2	(1/2,1/2) tensor Sym^3(1/2,1/2)	-1	3	proven minimal raw chain	minimal master-action rule	K_0 c	3	0	retained by p_gf	exact
2	31	minimal	diffeomorphism ghost c_mu	c_mu_1[P0*P2*P3]	31	1	0	-1	2	(1/2,1/2) tensor Sym^3(1/2,1/2)	-1	3	proven minimal raw chain	minimal master-action rule	K_0 c	3	0	retained by p_gf	exact
2	32	minimal	diffeomorphism ghost c_mu	c_mu_1[P0*P2^2]	32	1	0	-1	2	(1/2,1/2) tensor Sym^3(1/2,1/2)	-1	3	proven minimal raw chain	minimal master-action rule	K_0 c	3	0	retained by p_gf	exact
2	33	minimal	diffeomorphism ghost c_mu	c_mu_1[P0*P1*P3]	33	1	0	-1	2	(1/2,1/2) tensor Sym^3(1/2,1/2)	-1	3	proven minimal raw chain	minimal master-action rule	K_0 c	7	0	retained by p_gf	exact
2	34	minimal	diffeomorphism ghost c_mu	c_mu_1[P0*P1*P2]	34	1	0	-1	2	(1/2,1/2) tensor Sym^3(1/2,1/2)	-1	3	proven minimal raw chain	minimal master-action rule	K_0 c	7	0	retained by p_gf	exact
2	35	minimal	diffeomorphism ghost c_mu	c_mu_1[P0*P1^2]	35	1	0	-1	2	(1/2,1/2) tensor Sym^3(1/2,1/2)	-1	3	proven minimal raw chain	minimal master-action rule	K_0 c	6	0	retained by p_gf	exact
2	36	minimal	diffeomorphism ghost c_mu	c_mu_1[P0^2*P3]	36	1	0	-1	2	(1/2,1/2) tensor Sym^3(1/2,1/2)	-1	3	proven minimal raw chain	minimal master-action rule	K_0 c	3	0	retained by p_gf	exact
2	37	minimal	diffeomorphism ghost c_mu	c_mu_1[P0^2*P2]	37	1	0	-1	2	(1/2,1/2) tensor Sym^3(1/2,1/2)	-1	3	proven minimal raw chain	minimal master-action rule	K_0 c	3	0	retained by p_gf	exact
2	38	minimal	diffeomorphism ghost c_mu	c_mu_1[P0^2*P1]	38	1	0	-1	2	(1/2,1/2) tensor Sym^3(1/2,1/2)	-1	3	proven minimal raw chain	minimal master-action rule	K_0 c	6	0	retained by p_gf	exact
2	39	minimal	diffeomorphism ghost c_mu	c_mu_1[P0^3]	39	1	0	-1	2	(1/2,1/2) tensor Sym^3(1/2,1/2)	-1	3	proven minimal raw chain	minimal master-action rule	K_0 c	2	0	retained by p_gf	exact
2	40	minimal	diffeomorphism ghost c_mu	c_mu_2[P3^3]	40	1	0	-1	2	(1/2,1/2) tensor Sym^3(1/2,1/2)	-1	3	proven minimal raw chain	minimal master-action rule	K_0 c	2	0	retained by p_gf	exact
2	41	minimal	diffeomorphism ghost c_mu	c_mu_2[P2*P3^2]	41	1	0	-1	2	(1/2,1/2) tensor Sym^3(1/2,1/2)	-1	3	proven minimal raw chain	minimal master-action rule	K_0 c	6	0	retained by p_gf	exact
2	42	minimal	diffeomorphism ghost c_mu	c_mu_2[P2^2*P3]	42	1	0	-1	2	(1/2,1/2) tensor Sym^3(1/2,1/2)	-1	3	proven minimal raw chain	minimal master-action rule	K_0 c	6	0	retained by p_gf	exact
2	43	minimal	diffeomorphism ghost c_mu	c_mu_2[P2^3]	43	1	0	-1	2	(1/2,1/2) tensor Sym^3(1/2,1/2)	-1	3	proven minimal raw chain	minimal master-action rule	K_0 c	4	0	retained by p_gf	exact
2	44	minimal	diffeomorphism ghost c_mu	c_mu_2[P1*P3^2]	44	1	0	-1	2	(1/2,1/2) tensor Sym^3(1/2,1/2)	-1	3	proven minimal raw chain	minimal master-action rule	K_0 c	3	0	retained by p_gf	exact
2	45	minimal	diffeomorphism ghost c_mu	c_mu_2[P1*P2*P3]	45	1	0	-1	2	(1/2,1/2) tensor Sym^3(1/2,1/2)	-1	3	proven minimal raw chain	minimal master-action rule	K_0 c	7	0	retained by p_gf	exact
2	46	minimal	diffeomorphism ghost c_mu	c_mu_2[P1*P2^2]	46	1	0	-1	2	(1/2,1/2) tensor Sym^3(1/2,1/2)	-1	3	proven minimal raw chain	minimal master-action rule	K_0 c	6	0	retained by p_gf	exact
2	47	minimal	diffeomorphism ghost c_mu	c_mu_2[P1^2*P3]	47	1	0	-1	2	(1/2,1/2) tensor Sym^3(1/2,1/2)	-1	3	proven minimal raw chain	minimal master-action rule	K_0 c	3	0	retained by p_gf	exact
2	48	minimal	diffeomorphism ghost c_mu	c_mu_2[P1^2*P2]	48	1	0	-1	2	(1/2,1/2) tensor Sym^3(1/2,1/2)	-1	3	proven minimal raw chain	minimal master-action rule	K_0 c	6	0	retained by p_gf	exact
2	49	minimal	diffeomorphism ghost c_mu	c_mu_2[P1^3]	49	1	0	-1	2	(1/2,1/2) tensor Sym^3(1/2,1/2)	-1	3	proven minimal raw chain	minimal master-action rule	K_0 c	2	0	retained by p_gf	exact
2	50	minimal	diffeomorphism ghost c_mu	c_mu_2[P0*P3^2]	50	1	0	-1	2	(1/2,1/2) tensor Sym^3(1/2,1/2)	-1	3	proven minimal raw chain	minimal master-action rule	K_0 c	3	0	retained by p_gf	exact
2	51	minimal	diffeomorphism ghost c_mu	c_mu_2[P0*P2*P3]	51	1	0	-1	2	(1/2,1/2) tensor Sym^3(1/2,1/2)	-1	3	proven minimal raw chain	minimal master-action rule	K_0 c	7	0	retained by p_gf	exact
2	52	minimal	diffeomorphism ghost c_mu	c_mu_2[P0*P2^2]	52	1	0	-1	2	(1/2,1/2) tensor Sym^3(1/2,1/2)	-1	3	proven minimal raw chain	minimal master-action rule	K_0 c	6	0	retained by p_gf	exact
2	53	minimal	diffeomorphism ghost c_mu	c_mu_2[P0*P1*P3]	53	1	0	-1	2	(1/2,1/2) tensor Sym^3(1/2,1/2)	-1	3	proven minimal raw chain	minimal master-action rule	K_0 c	3	0	retained by p_gf	exact
2	54	minimal	diffeomorphism ghost c_mu	c_mu_2[P0*P1*P2]	54	1	0	-1	2	(1/2,1/2) tensor Sym^3(1/2,1/2)	-1	3	proven minimal raw chain	minimal master-action rule	K_0 c	7	0	retained by p_gf	exact
2	55	minimal	diffeomorphism ghost c_mu	c_mu_2[P0*P1^2]	55	1	0	-1	2	(1/2,1/2) tensor Sym^3(1/2,1/2)	-1	3	proven minimal raw chain	minimal master-action rule	K_0 c	3	0	retained by p_gf	exact
2	56	minimal	diffeomorphism ghost c_mu	c_mu_2[P0^2*P3]	56	1	0	-1	2	(1/2,1/2) tensor Sym^3(1/2,1/2)	-1	3	proven minimal raw chain	minimal master-action rule	K_0 c	3	0	retained by p_gf	exact
2	57	minimal	diffeomorphism ghost c_mu	c_mu_2[P0^2*P2]	57	1	0	-1	2	(1/2,1/2) tensor Sym^3(1/2,1/2)	-1	3	proven minimal raw chain	minimal master-action rule	K_0 c	6	0	retained by p_gf	exact
2	58	minimal	diffeomorphism ghost c_mu	c_mu_2[P0^2*P1]	58	1	0	-1	2	(1/2,1/2) tensor Sym^3(1/2,1/2)	-1	3	proven minimal raw chain	minimal master-action rule	K_0 c	3	0	retained by p_gf	exact
2	59	minimal	diffeomorphism ghost c_mu	c_mu_2[P0^3]	59	1	0	-1	2	(1/2,1/2) tensor Sym^3(1/2,1/2)	-1	3	proven minimal raw chain	minimal master-action rule	K_0 c	2	0	retained by p_gf	exact
2	60	minimal	diffeomorphism ghost c_mu	c_mu_3[P3^3]	60	1	0	-1	2	(1/2,1/2) tensor Sym^3(1/2,1/2)	-1	3	proven minimal raw chain	minimal master-action rule	K_0 c	4	0	retained by p_gf	exact
2	61	minimal	diffeomorphism ghost c_mu	c_mu_3[P2*P3^2]	61	1	0	-1	2	(1/2,1/2) tensor Sym^3(1/2,1/2)	-1	3	proven minimal raw chain	minimal master-action rule	K_0 c	6	0	retained by p_gf	exact
2	62	minimal	diffeomorphism ghost c_mu	c_mu_3[P2^2*P3]	62	1	0	-1	2	(1/2,1/2) tensor Sym^3(1/2,1/2)	-1	3	proven minimal raw chain	minimal master-action rule	K_0 c	6	0	retained by p_gf	exact
2	63	minimal	diffeomorphism ghost c_mu	c_mu_3[P2^3]	63	1	0	-1	2	(1/2,1/2) tensor Sym^3(1/2,1/2)	-1	3	proven minimal raw chain	minimal master-action rule	K_0 c	2	0	retained by p_gf	exact
2	64	minimal	diffeomorphism ghost c_mu	c_mu_3[P1*P3^2]	64	1	0	-1	2	(1/2,1/2) tensor Sym^3(1/2,1/2)	-1	3	proven minimal raw chain	minimal master-action rule	K_0 c	6	0	retained by p_gf	exact
2	65	minimal	diffeomorphism ghost c_mu	c_mu_3[P1*P2*P3]	65	1	0	-1	2	(1/2,1/2) tensor Sym^3(1/2,1/2)	-1	3	proven minimal raw chain	minimal master-action rule	K_0 c	7	0	retained by p_gf	exact
2	66	minimal	diffeomorphism ghost c_mu	c_mu_3[P1*P2^2]	66	1	0	-1	2	(1/2,1/2) tensor Sym^3(1/2,1/2)	-1	3	proven minimal raw chain	minimal master-action rule	K_0 c	3	0	retained by p_gf	exact
2	67	minimal	diffeomorphism ghost c_mu	c_mu_3[P1^2*P3]	67	1	0	-1	2	(1/2,1/2) tensor Sym^3(1/2,1/2)	-1	3	proven minimal raw chain	minimal master-action rule	K_0 c	6	0	retained by p_gf	exact
2	68	minimal	diffeomorphism ghost c_mu	c_mu_3[P1^2*P2]	68	1	0	-1	2	(1/2,1/2) tensor Sym^3(1/2,1/2)	-1	3	proven minimal raw chain	minimal master-action rule	K_0 c	3	0	retained by p_gf	exact
2	69	minimal	diffeomorphism ghost c_mu	c_mu_3[P1^3]	69	1	0	-1	2	(1/2,1/2) tensor Sym^3(1/2,1/2)	-1	3	proven minimal raw chain	minimal master-action rule	K_0 c	2	0	retained by p_gf	exact
2	70	minimal	diffeomorphism ghost c_mu	c_mu_3[P0*P3^2]	70	1	0	-1	2	(1/2,1/2) tensor Sym^3(1/2,1/2)	-1	3	proven minimal raw chain	minimal master-action rule	K_0 c	6	0	retained by p_gf	exact
2	71	minimal	diffeomorphism ghost c_mu	c_mu_3[P0*P2*P3]	71	1	0	-1	2	(1/2,1/2) tensor Sym^3(1/2,1/2)	-1	3	proven minimal raw chain	minimal master-action rule	K_0 c	7	0	retained by p_gf	exact
2	72	minimal	diffeomorphism ghost c_mu	c_mu_3[P0*P2^2]	72	1	0	-1	2	(1/2,1/2) tensor Sym^3(1/2,1/2)	-1	3	proven minimal raw chain	minimal master-action rule	K_0 c	3	0	retained by p_gf	exact
2	73	minimal	diffeomorphism ghost c_mu	c_mu_3[P0*P1*P3]	73	1	0	-1	2	(1/2,1/2) tensor Sym^3(1/2,1/2)	-1	3	proven minimal raw chain	minimal master-action rule	K_0 c	7	0	retained by p_gf	exact
2	74	minimal	diffeomorphism ghost c_mu	c_mu_3[P0*P1*P2]	74	1	0	-1	2	(1/2,1/2) tensor Sym^3(1/2,1/2)	-1	3	proven minimal raw chain	minimal master-action rule	K_0 c	3	0	retained by p_gf	exact
2	75	minimal	diffeomorphism ghost c_mu	c_mu_3[P0*P1^2]	75	1	0	-1	2	(1/2,1/2) tensor Sym^3(1/2,1/2)	-1	3	proven minimal raw chain	minimal master-action rule	K_0 c	3	0	retained by p_gf	exact
2	76	minimal	diffeomorphism ghost c_mu	c_mu_3[P0^2*P3]	76	1	0	-1	2	(1/2,1/2) tensor Sym^3(1/2,1/2)	-1	3	proven minimal raw chain	minimal master-action rule	K_0 c	6	0	retained by p_gf	exact
2	77	minimal	diffeomorphism ghost c_mu	c_mu_3[P0^2*P2]	77	1	0	-1	2	(1/2,1/2) tensor Sym^3(1/2,1/2)	-1	3	proven minimal raw chain	minimal master-action rule	K_0 c	3	0	retained by p_gf	exact
2	78	minimal	diffeomorphism ghost c_mu	c_mu_3[P0^2*P1]	78	1	0	-1	2	(1/2,1/2) tensor Sym^3(1/2,1/2)	-1	3	proven minimal raw chain	minimal master-action rule	K_0 c	3	0	retained by p_gf	exact
2	79	minimal	diffeomorphism ghost c_mu	c_mu_3[P0^3]	79	1	0	-1	2	(1/2,1/2) tensor Sym^3(1/2,1/2)	-1	3	proven minimal raw chain	minimal master-action rule	K_0 c	2	0	retained by p_gf	exact
2	80	minimal	Weyl ghost omega	Omega[P3^2]	80	1	0	-1	2	(0,0) tensor Sym^2(1/2,1/2)	0	2	proven minimal raw chain	minimal master-action rule	tau	2	0	retained by p_gf	exact
2	81	minimal	Weyl ghost omega	Omega[P2*P3]	81	1	0	-1	2	(0,0) tensor Sym^2(1/2,1/2)	0	2	proven minimal raw chain	minimal master-action rule	tau	2	0	retained by p_gf	exact
2	82	minimal	Weyl ghost omega	Omega[P2^2]	82	1	0	-1	2	(0,0) tensor Sym^2(1/2,1/2)	0	2	proven minimal raw chain	minimal master-action rule	tau	2	0	retained by p_gf	exact
2	83	minimal	Weyl ghost omega	Omega[P1*P3]	83	1	0	-1	2	(0,0) tensor Sym^2(1/2,1/2)	0	2	proven minimal raw chain	minimal master-action rule	tau	2	0	retained by p_gf	exact
2	84	minimal	Weyl ghost omega	Omega[P1*P2]	84	1	0	-1	2	(0,0) tensor Sym^2(1/2,1/2)	0	2	proven minimal raw chain	minimal master-action rule	tau	2	0	retained by p_gf	exact
2	85	minimal	Weyl ghost omega	Omega[P1^2]	85	1	0	-1	2	(0,0) tensor Sym^2(1/2,1/2)	0	2	proven minimal raw chain	minimal master-action rule	tau	2	0	retained by p_gf	exact
2	86	minimal	Weyl ghost omega	Omega[P0*P3]	86	1	0	-1	2	(0,0) tensor Sym^2(1/2,1/2)	0	2	proven minimal raw chain	minimal master-action rule	tau	2	0	retained by p_gf	exact
2	87	minimal	Weyl ghost omega	Omega[P0*P2]	87	1	0	-1	2	(0,0) tensor Sym^2(1/2,1/2)	0	2	proven minimal raw chain	minimal master-action rule	tau	2	0	retained by p_gf	exact
2	88	minimal	Weyl ghost omega	Omega[P0*P1]	88	1	0	-1	2	(0,0) tensor Sym^2(1/2,1/2)	0	2	proven minimal raw chain	minimal master-action rule	tau	2	0	retained by p_gf	exact
2	89	minimal	Weyl ghost omega	Omega[P0^2]	89	1	0	-1	2	(0,0) tensor Sym^2(1/2,1/2)	0	2	proven minimal raw chain	minimal master-action rule	tau	2	0	retained by p_gf	exact
2	90	minimal	trace-free metric fluctuation	h_0_(01)[P3^2]	90	0	0	0	2	(1,1) tensor Sym^2(1/2,1/2)	0	2	proven minimal raw chain	minimal master-action rule	B_lin h_0	0	0	retained by p_gf	exact
2	91	minimal	trace-free metric fluctuation	h_0_(01)[P2*P3]	91	0	0	0	2	(1,1) tensor Sym^2(1/2,1/2)	0	2	proven minimal raw chain	minimal master-action rule	B_lin h_0	0	0	retained by p_gf	exact
2	92	minimal	trace-free metric fluctuation	h_0_(01)[P2^2]	92	0	0	0	2	(1,1) tensor Sym^2(1/2,1/2)	0	2	proven minimal raw chain	minimal master-action rule	B_lin h_0	0	0	retained by p_gf	exact
2	93	minimal	trace-free metric fluctuation	h_0_(01)[P1*P3]	93	0	0	0	2	(1,1) tensor Sym^2(1/2,1/2)	0	2	proven minimal raw chain	minimal master-action rule	B_lin h_0	1	1	retained by p_gf	exact
2	94	minimal	trace-free metric fluctuation	h_0_(01)[P1*P2]	94	0	0	0	2	(1,1) tensor Sym^2(1/2,1/2)	0	2	proven minimal raw chain	minimal master-action rule	B_lin h_0	1	1	retained by p_gf	exact
2	95	minimal	trace-free metric fluctuation	h_0_(01)[P1^2]	95	0	0	0	2	(1,1) tensor Sym^2(1/2,1/2)	0	2	proven minimal raw chain	minimal master-action rule	B_lin h_0	1	1	retained by p_gf	exact
2	96	minimal	trace-free metric fluctuation	h_0_(01)[P0*P3]	96	0	0	0	2	(1,1) tensor Sym^2(1/2,1/2)	0	2	proven minimal raw chain	minimal master-action rule	B_lin h_0	1	1	retained by p_gf	exact
2	97	minimal	trace-free metric fluctuation	h_0_(01)[P0*P2]	97	0	0	0	2	(1,1) tensor Sym^2(1/2,1/2)	0	2	proven minimal raw chain	minimal master-action rule	B_lin h_0	1	1	retained by p_gf	exact
2	98	minimal	trace-free metric fluctuation	h_0_(01)[P0*P1]	98	0	0	0	2	(1,1) tensor Sym^2(1/2,1/2)	0	2	proven minimal raw chain	minimal master-action rule	B_lin h_0	2	2	retained by p_gf	exact
2	99	minimal	trace-free metric fluctuation	h_0_(01)[P0^2]	99	0	0	0	2	(1,1) tensor Sym^2(1/2,1/2)	0	2	proven minimal raw chain	minimal master-action rule	B_lin h_0	1	1	retained by p_gf	exact
2	100	minimal	trace-free metric fluctuation	h_0_(02)[P3^2]	100	0	0	0	2	(1,1) tensor Sym^2(1/2,1/2)	0	2	proven minimal raw chain	minimal master-action rule	B_lin h_0	0	0	retained by p_gf	exact
2	101	minimal	trace-free metric fluctuation	h_0_(02)[P2*P3]	101	0	0	0	2	(1,1) tensor Sym^2(1/2,1/2)	0	2	proven minimal raw chain	minimal master-action rule	B_lin h_0	1	1	retained by p_gf	exact
2	102	minimal	trace-free metric fluctuation	h_0_(02)[P2^2]	102	0	0	0	2	(1,1) tensor Sym^2(1/2,1/2)	0	2	proven minimal raw chain	minimal master-action rule	B_lin h_0	1	1	retained by p_gf	exact
2	103	minimal	trace-free metric fluctuation	h_0_(02)[P1*P3]	103	0	0	0	2	(1,1) tensor Sym^2(1/2,1/2)	0	2	proven minimal raw chain	minimal master-action rule	B_lin h_0	0	0	retained by p_gf	exact
2	104	minimal	trace-free metric fluctuation	h_0_(02)[P1*P2]	104	0	0	0	2	(1,1) tensor Sym^2(1/2,1/2)	0	2	proven minimal raw chain	minimal master-action rule	B_lin h_0	1	1	retained by p_gf	exact
2	105	minimal	trace-free metric fluctuation	h_0_(02)[P1^2]	105	0	0	0	2	(1,1) tensor Sym^2(1/2,1/2)	0	2	proven minimal raw chain	minimal master-action rule	B_lin h_0	0	0	retained by p_gf	exact
2	106	minimal	trace-free metric fluctuation	h_0_(02)[P0*P3]	106	0	0	0	2	(1,1) tensor Sym^2(1/2,1/2)	0	2	proven minimal raw chain	minimal master-action rule	B_lin h_0	1	1	retained by p_gf	exact
2	107	minimal	trace-free metric fluctuation	h_0_(02)[P0*P2]	107	0	0	0	2	(1,1) tensor Sym^2(1/2,1/2)	0	2	proven minimal raw chain	minimal master-action rule	B_lin h_0	2	2	retained by p_gf	exact
2	108	minimal	trace-free metric fluctuation	h_0_(02)[P0*P1]	108	0	0	0	2	(1,1) tensor Sym^2(1/2,1/2)	0	2	proven minimal raw chain	minimal master-action rule	B_lin h_0	1	1	retained by p_gf	exact
2	109	minimal	trace-free metric fluctuation	h_0_(02)[P0^2]	109	0	0	0	2	(1,1) tensor Sym^2(1/2,1/2)	0	2	proven minimal raw chain	minimal master-action rule	B_lin h_0	1	1	retained by p_gf	exact
2	110	minimal	trace-free metric fluctuation	h_0_(03)[P3^2]	110	0	0	0	2	(1,1) tensor Sym^2(1/2,1/2)	0	2	proven minimal raw chain	minimal master-action rule	B_lin h_0	1	1	retained by p_gf	exact
2	111	minimal	trace-free metric fluctuation	h_0_(03)[P2*P3]	111	0	0	0	2	(1,1) tensor Sym^2(1/2,1/2)	0	2	proven minimal raw chain	minimal master-action rule	B_lin h_0	1	1	retained by p_gf	exact
2	112	minimal	trace-free metric fluctuation	h_0_(03)[P2^2]	112	0	0	0	2	(1,1) tensor Sym^2(1/2,1/2)	0	2	proven minimal raw chain	minimal master-action rule	B_lin h_0	0	0	retained by p_gf	exact
2	113	minimal	trace-free metric fluctuation	h_0_(03)[P1*P3]	113	0	0	0	2	(1,1) tensor Sym^2(1/2,1/2)	0	2	proven minimal raw chain	minimal master-action rule	B_lin h_0	1	1	retained by p_gf	exact
2	114	minimal	trace-free metric fluctuation	h_0_(03)[P1*P2]	114	0	0	0	2	(1,1) tensor Sym^2(1/2,1/2)	0	2	proven minimal raw chain	minimal master-action rule	B_lin h_0	0	0	retained by p_gf	exact
2	115	minimal	trace-free metric fluctuation	h_0_(03)[P1^2]	115	0	0	0	2	(1,1) tensor Sym^2(1/2,1/2)	0	2	proven minimal raw chain	minimal master-action rule	B_lin h_0	0	0	retained by p_gf	exact
2	116	minimal	trace-free metric fluctuation	h_0_(03)[P0*P3]	116	0	0	0	2	(1,1) tensor Sym^2(1/2,1/2)	0	2	proven minimal raw chain	minimal master-action rule	B_lin h_0	2	2	retained by p_gf	exact
2	117	minimal	trace-free metric fluctuation	h_0_(03)[P0*P2]	117	0	0	0	2	(1,1) tensor Sym^2(1/2,1/2)	0	2	proven minimal raw chain	minimal master-action rule	B_lin h_0	1	1	retained by p_gf	exact
2	118	minimal	trace-free metric fluctuation	h_0_(03)[P0*P1]	118	0	0	0	2	(1,1) tensor Sym^2(1/2,1/2)	0	2	proven minimal raw chain	minimal master-action rule	B_lin h_0	1	1	retained by p_gf	exact
2	119	minimal	trace-free metric fluctuation	h_0_(03)[P0^2]	119	0	0	0	2	(1,1) tensor Sym^2(1/2,1/2)	0	2	proven minimal raw chain	minimal master-action rule	B_lin h_0	1	1	retained by p_gf	exact
2	120	minimal	trace-free metric fluctuation	h_0_(12)[P3^2]	120	0	0	0	2	(1,1) tensor Sym^2(1/2,1/2)	0	2	proven minimal raw chain	minimal master-action rule	B_lin h_0	0	0	retained by p_gf	exact
2	121	minimal	trace-free metric fluctuation	h_0_(12)[P2*P3]	121	0	0	0	2	(1,1) tensor Sym^2(1/2,1/2)	0	2	proven minimal raw chain	minimal master-action rule	B_lin h_0	1	1	retained by p_gf	exact
2	122	minimal	trace-free metric fluctuation	h_0_(12)[P2^2]	122	0	0	0	2	(1,1) tensor Sym^2(1/2,1/2)	0	2	proven minimal raw chain	minimal master-action rule	B_lin h_0	1	1	retained by p_gf	exact
2	123	minimal	trace-free metric fluctuation	h_0_(12)[P1*P3]	123	0	0	0	2	(1,1) tensor Sym^2(1/2,1/2)	0	2	proven minimal raw chain	minimal master-action rule	B_lin h_0	1	1	retained by p_gf	exact
2	124	minimal	trace-free metric fluctuation	h_0_(12)[P1*P2]	124	0	0	0	2	(1,1) tensor Sym^2(1/2,1/2)	0	2	proven minimal raw chain	minimal master-action rule	B_lin h_0	2	2	retained by p_gf	exact
2	125	minimal	trace-free metric fluctuation	h_0_(12)[P1^2]	125	0	0	0	2	(1,1) tensor Sym^2(1/2,1/2)	0	2	proven minimal raw chain	minimal master-action rule	B_lin h_0	1	1	retained by p_gf	exact
2	126	minimal	trace-free metric fluctuation	h_0_(12)[P0*P3]	126	0	0	0	2	(1,1) tensor Sym^2(1/2,1/2)	0	2	proven minimal raw chain	minimal master-action rule	B_lin h_0	0	0	retained by p_gf	exact
2	127	minimal	trace-free metric fluctuation	h_0_(12)[P0*P2]	127	0	0	0	2	(1,1) tensor Sym^2(1/2,1/2)	0	2	proven minimal raw chain	minimal master-action rule	B_lin h_0	1	1	retained by p_gf	exact
2	128	minimal	trace-free metric fluctuation	h_0_(12)[P0*P1]	128	0	0	0	2	(1,1) tensor Sym^2(1/2,1/2)	0	2	proven minimal raw chain	minimal master-action rule	B_lin h_0	1	1	retained by p_gf	exact
2	129	minimal	trace-free metric fluctuation	h_0_(12)[P0^2]	129	0	0	0	2	(1,1) tensor Sym^2(1/2,1/2)	0	2	proven minimal raw chain	minimal master-action rule	B_lin h_0	0	0	retained by p_gf	exact
2	130	minimal	trace-free metric fluctuation	h_0_(13)[P3^2]	130	0	0	0	2	(1,1) tensor Sym^2(1/2,1/2)	0	2	proven minimal raw chain	minimal master-action rule	B_lin h_0	1	1	retained by p_gf	exact
2	131	minimal	trace-free metric fluctuation	h_0_(13)[P2*P3]	131	0	0	0	2	(1,1) tensor Sym^2(1/2,1/2)	0	2	proven minimal raw chain	minimal master-action rule	B_lin h_0	1	1	retained by p_gf	exact
2	132	minimal	trace-free metric fluctuation	h_0_(13)[P2^2]	132	0	0	0	2	(1,1) tensor Sym^2(1/2,1/2)	0	2	proven minimal raw chain	minimal master-action rule	B_lin h_0	0	0	retained by p_gf	exact
2	133	minimal	trace-free metric fluctuation	h_0_(13)[P1*P3]	133	0	0	0	2	(1,1) tensor Sym^2(1/2,1/2)	0	2	proven minimal raw chain	minimal master-action rule	B_lin h_0	2	2	retained by p_gf	exact
2	134	minimal	trace-free metric fluctuation	h_0_(13)[P1*P2]	134	0	0	0	2	(1,1) tensor Sym^2(1/2,1/2)	0	2	proven minimal raw chain	minimal master-action rule	B_lin h_0	1	1	retained by p_gf	exact
2	135	minimal	trace-free metric fluctuation	h_0_(13)[P1^2]	135	0	0	0	2	(1,1) tensor Sym^2(1/2,1/2)	0	2	proven minimal raw chain	minimal master-action rule	B_lin h_0	1	1	retained by p_gf	exact
2	136	minimal	trace-free metric fluctuation	h_0_(13)[P0*P3]	136	0	0	0	2	(1,1) tensor Sym^2(1/2,1/2)	0	2	proven minimal raw chain	minimal master-action rule	B_lin h_0	1	1	retained by p_gf	exact
2	137	minimal	trace-free metric fluctuation	h_0_(13)[P0*P2]	137	0	0	0	2	(1,1) tensor Sym^2(1/2,1/2)	0	2	proven minimal raw chain	minimal master-action rule	B_lin h_0	0	0	retained by p_gf	exact
2	138	minimal	trace-free metric fluctuation	h_0_(13)[P0*P1]	138	0	0	0	2	(1,1) tensor Sym^2(1/2,1/2)	0	2	proven minimal raw chain	minimal master-action rule	B_lin h_0	1	1	retained by p_gf	exact
2	139	minimal	trace-free metric fluctuation	h_0_(13)[P0^2]	139	0	0	0	2	(1,1) tensor Sym^2(1/2,1/2)	0	2	proven minimal raw chain	minimal master-action rule	B_lin h_0	0	0	retained by p_gf	exact
2	140	minimal	trace-free metric fluctuation	h_0_(23)[P3^2]	140	0	0	0	2	(1,1) tensor Sym^2(1/2,1/2)	0	2	proven minimal raw chain	minimal master-action rule	B_lin h_0	1	1	retained by p_gf	exact
2	141	minimal	trace-free metric fluctuation	h_0_(23)[P2*P3]	141	0	0	0	2	(1,1) tensor Sym^2(1/2,1/2)	0	2	proven minimal raw chain	minimal master-action rule	B_lin h_0	2	2	retained by p_gf	exact
2	142	minimal	trace-free metric fluctuation	h_0_(23)[P2^2]	142	0	0	0	2	(1,1) tensor Sym^2(1/2,1/2)	0	2	proven minimal raw chain	minimal master-action rule	B_lin h_0	1	1	retained by p_gf	exact
2	143	minimal	trace-free metric fluctuation	h_0_(23)[P1*P3]	143	0	0	0	2	(1,1) tensor Sym^2(1/2,1/2)	0	2	proven minimal raw chain	minimal master-action rule	B_lin h_0	1	1	retained by p_gf	exact
2	144	minimal	trace-free metric fluctuation	h_0_(23)[P1*P2]	144	0	0	0	2	(1,1) tensor Sym^2(1/2,1/2)	0	2	proven minimal raw chain	minimal master-action rule	B_lin h_0	1	1	retained by p_gf	exact
2	145	minimal	trace-free metric fluctuation	h_0_(23)[P1^2]	145	0	0	0	2	(1,1) tensor Sym^2(1/2,1/2)	0	2	proven minimal raw chain	minimal master-action rule	B_lin h_0	0	0	retained by p_gf	exact
2	146	minimal	trace-free metric fluctuation	h_0_(23)[P0*P3]	146	0	0	0	2	(1,1) tensor Sym^2(1/2,1/2)	0	2	proven minimal raw chain	minimal master-action rule	B_lin h_0	1	1	retained by p_gf	exact
2	147	minimal	trace-free metric fluctuation	h_0_(23)[P0*P2]	147	0	0	0	2	(1,1) tensor Sym^2(1/2,1/2)	0	2	proven minimal raw chain	minimal master-action rule	B_lin h_0	1	1	retained by p_gf	exact
2	148	minimal	trace-free metric fluctuation	h_0_(23)[P0*P1]	148	0	0	0	2	(1,1) tensor Sym^2(1/2,1/2)	0	2	proven minimal raw chain	minimal master-action rule	B_lin h_0	0	0	retained by p_gf	exact
2	149	minimal	trace-free metric fluctuation	h_0_(23)[P0^2]	149	0	0	0	2	(1,1) tensor Sym^2(1/2,1/2)	0	2	proven minimal raw chain	minimal master-action rule	B_lin h_0	0	0	retained by p_gf	exact
2	150	minimal	trace-free metric fluctuation	h_0_(00)-(33)[P3^2]	150	0	0	0	2	(1,1) tensor Sym^2(1/2,1/2)	0	2	proven minimal raw chain	minimal master-action rule	B_lin h_0	1	1	retained by p_gf	exact
2	151	minimal	trace-free metric fluctuation	h_0_(00)-(33)[P2*P3]	151	0	0	0	2	(1,1) tensor Sym^2(1/2,1/2)	0	2	proven minimal raw chain	minimal master-action rule	B_lin h_0	1	1	retained by p_gf	exact
2	152	minimal	trace-free metric fluctuation	h_0_(00)-(33)[P2^2]	152	0	0	0	2	(1,1) tensor Sym^2(1/2,1/2)	0	2	proven minimal raw chain	minimal master-action rule	B_lin h_0	0	0	retained by p_gf	exact
2	153	minimal	trace-free metric fluctuation	h_0_(00)-(33)[P1*P3]	153	0	0	0	2	(1,1) tensor Sym^2(1/2,1/2)	0	2	proven minimal raw chain	minimal master-action rule	B_lin h_0	1	1	retained by p_gf	exact
2	154	minimal	trace-free metric fluctuation	h_0_(00)-(33)[P1*P2]	154	0	0	0	2	(1,1) tensor Sym^2(1/2,1/2)	0	2	proven minimal raw chain	minimal master-action rule	B_lin h_0	0	0	retained by p_gf	exact
2	155	minimal	trace-free metric fluctuation	h_0_(00)-(33)[P1^2]	155	0	0	0	2	(1,1) tensor Sym^2(1/2,1/2)	0	2	proven minimal raw chain	minimal master-action rule	B_lin h_0	0	0	retained by p_gf	exact
2	156	minimal	trace-free metric fluctuation	h_0_(00)-(33)[P0*P3]	156	0	0	0	2	(1,1) tensor Sym^2(1/2,1/2)	0	2	proven minimal raw chain	minimal master-action rule	B_lin h_0	2	2	retained by p_gf	exact
2	157	minimal	trace-free metric fluctuation	h_0_(00)-(33)[P0*P2]	157	0	0	0	2	(1,1) tensor Sym^2(1/2,1/2)	0	2	proven minimal raw chain	minimal master-action rule	B_lin h_0	1	1	retained by p_gf	exact
2	158	minimal	trace-free metric fluctuation	h_0_(00)-(33)[P0*P1]	158	0	0	0	2	(1,1) tensor Sym^2(1/2,1/2)	0	2	proven minimal raw chain	minimal master-action rule	B_lin h_0	1	1	retained by p_gf	exact
2	159	minimal	trace-free metric fluctuation	h_0_(00)-(33)[P0^2]	159	0	0	0	2	(1,1) tensor Sym^2(1/2,1/2)	0	2	proven minimal raw chain	minimal master-action rule	B_lin h_0	1	1	retained by p_gf	exact
2	160	minimal	trace-free metric fluctuation	h_0_(11)-(33)[P3^2]	160	0	0	0	2	(1,1) tensor Sym^2(1/2,1/2)	0	2	proven minimal raw chain	minimal master-action rule	B_lin h_0	1	1	retained by p_gf	exact
2	161	minimal	trace-free metric fluctuation	h_0_(11)-(33)[P2*P3]	161	0	0	0	2	(1,1) tensor Sym^2(1/2,1/2)	0	2	proven minimal raw chain	minimal master-action rule	B_lin h_0	1	1	retained by p_gf	exact
2	162	minimal	trace-free metric fluctuation	h_0_(11)-(33)[P2^2]	162	0	0	0	2	(1,1) tensor Sym^2(1/2,1/2)	0	2	proven minimal raw chain	minimal master-action rule	B_lin h_0	0	0	retained by p_gf	exact
2	163	minimal	trace-free metric fluctuation	h_0_(11)-(33)[P1*P3]	163	0	0	0	2	(1,1) tensor Sym^2(1/2,1/2)	0	2	proven minimal raw chain	minimal master-action rule	B_lin h_0	2	2	retained by p_gf	exact
2	164	minimal	trace-free metric fluctuation	h_0_(11)-(33)[P1*P2]	164	0	0	0	2	(1,1) tensor Sym^2(1/2,1/2)	0	2	proven minimal raw chain	minimal master-action rule	B_lin h_0	1	1	retained by p_gf	exact
2	165	minimal	trace-free metric fluctuation	h_0_(11)-(33)[P1^2]	165	0	0	0	2	(1,1) tensor Sym^2(1/2,1/2)	0	2	proven minimal raw chain	minimal master-action rule	B_lin h_0	1	1	retained by p_gf	exact
2	166	minimal	trace-free metric fluctuation	h_0_(11)-(33)[P0*P3]	166	0	0	0	2	(1,1) tensor Sym^2(1/2,1/2)	0	2	proven minimal raw chain	minimal master-action rule	B_lin h_0	1	1	retained by p_gf	exact
2	167	minimal	trace-free metric fluctuation	h_0_(11)-(33)[P0*P2]	167	0	0	0	2	(1,1) tensor Sym^2(1/2,1/2)	0	2	proven minimal raw chain	minimal master-action rule	B_lin h_0	0	0	retained by p_gf	exact
2	168	minimal	trace-free metric fluctuation	h_0_(11)-(33)[P0*P1]	168	0	0	0	2	(1,1) tensor Sym^2(1/2,1/2)	0	2	proven minimal raw chain	minimal master-action rule	B_lin h_0	1	1	retained by p_gf	exact
2	169	minimal	trace-free metric fluctuation	h_0_(11)-(33)[P0^2]	169	0	0	0	2	(1,1) tensor Sym^2(1/2,1/2)	0	2	proven minimal raw chain	minimal master-action rule	B_lin h_0	0	0	retained by p_gf	exact
2	170	minimal	trace-free metric fluctuation	h_0_(22)-(33)[P3^2]	170	0	0	0	2	(1,1) tensor Sym^2(1/2,1/2)	0	2	proven minimal raw chain	minimal master-action rule	B_lin h_0	1	1	retained by p_gf	exact
2	171	minimal	trace-free metric fluctuation	h_0_(22)-(33)[P2*P3]	171	0	0	0	2	(1,1) tensor Sym^2(1/2,1/2)	0	2	proven minimal raw chain	minimal master-action rule	B_lin h_0	2	2	retained by p_gf	exact
2	172	minimal	trace-free metric fluctuation	h_0_(22)-(33)[P2^2]	172	0	0	0	2	(1,1) tensor Sym^2(1/2,1/2)	0	2	proven minimal raw chain	minimal master-action rule	B_lin h_0	1	1	retained by p_gf	exact
2	173	minimal	trace-free metric fluctuation	h_0_(22)-(33)[P1*P3]	173	0	0	0	2	(1,1) tensor Sym^2(1/2,1/2)	0	2	proven minimal raw chain	minimal master-action rule	B_lin h_0	1	1	retained by p_gf	exact
2	174	minimal	trace-free metric fluctuation	h_0_(22)-(33)[P1*P2]	174	0	0	0	2	(1,1) tensor Sym^2(1/2,1/2)	0	2	proven minimal raw chain	minimal master-action rule	B_lin h_0	1	1	retained by p_gf	exact
2	175	minimal	trace-free metric fluctuation	h_0_(22)-(33)[P1^2]	175	0	0	0	2	(1,1) tensor Sym^2(1/2,1/2)	0	2	proven minimal raw chain	minimal master-action rule	B_lin h_0	0	0	retained by p_gf	exact
2	176	minimal	trace-free metric fluctuation	h_0_(22)-(33)[P0*P3]	176	0	0	0	2	(1,1) tensor Sym^2(1/2,1/2)	0	2	proven minimal raw chain	minimal master-action rule	B_lin h_0	1	1	retained by p_gf	exact
2	177	minimal	trace-free metric fluctuation	h_0_(22)-(33)[P0*P2]	177	0	0	0	2	(1,1) tensor Sym^2(1/2,1/2)	0	2	proven minimal raw chain	minimal master-action rule	B_lin h_0	1	1	retained by p_gf	exact
2	178	minimal	trace-free metric fluctuation	h_0_(22)-(33)[P0*P1]	178	0	0	0	2	(1,1) tensor Sym^2(1/2,1/2)	0	2	proven minimal raw chain	minimal master-action rule	B_lin h_0	0	0	retained by p_gf	exact
2	179	minimal	trace-free metric fluctuation	h_0_(22)-(33)[P0^2]	179	0	0	0	2	(1,1) tensor Sym^2(1/2,1/2)	0	2	proven minimal raw chain	minimal master-action rule	B_lin h_0	0	0	retained by p_gf	exact
2	180	minimal	metric trace	tau[P3^2]	180	0	0	0	2	(0,0) tensor Sym^2(1/2,1/2)	0	2	proven minimal raw chain	minimal master-action rule	0	1	1	retained by p_gf	exact
2	181	minimal	metric trace	tau[P2*P3]	181	0	0	0	2	(0,0) tensor Sym^2(1/2,1/2)	0	2	proven minimal raw chain	minimal master-action rule	0	1	1	retained by p_gf	exact
2	182	minimal	metric trace	tau[P2^2]	182	0	0	0	2	(0,0) tensor Sym^2(1/2,1/2)	0	2	proven minimal raw chain	minimal master-action rule	0	1	1	retained by p_gf	exact
2	183	minimal	metric trace	tau[P1*P3]	183	0	0	0	2	(0,0) tensor Sym^2(1/2,1/2)	0	2	proven minimal raw chain	minimal master-action rule	0	1	1	retained by p_gf	exact
2	184	minimal	metric trace	tau[P1*P2]	184	0	0	0	2	(0,0) tensor Sym^2(1/2,1/2)	0	2	proven minimal raw chain	minimal master-action rule	0	1	1	retained by p_gf	exact
2	185	minimal	metric trace	tau[P1^2]	185	0	0	0	2	(0,0) tensor Sym^2(1/2,1/2)	0	2	proven minimal raw chain	minimal master-action rule	0	1	1	retained by p_gf	exact
2	186	minimal	metric trace	tau[P0*P3]	186	0	0	0	2	(0,0) tensor Sym^2(1/2,1/2)	0	2	proven minimal raw chain	minimal master-action rule	0	1	1	retained by p_gf	exact
2	187	minimal	metric trace	tau[P0*P2]	187	0	0	0	2	(0,0) tensor Sym^2(1/2,1/2)	0	2	proven minimal raw chain	minimal master-action rule	0	1	1	retained by p_gf	exact
2	188	minimal	metric trace	tau[P0*P1]	188	0	0	0	2	(0,0) tensor Sym^2(1/2,1/2)	0	2	proven minimal raw chain	minimal master-action rule	0	1	1	retained by p_gf	exact
2	189	minimal	metric trace	tau[P0^2]	189	0	0	0	2	(0,0) tensor Sym^2(1/2,1/2)	0	2	proven minimal raw chain	minimal master-action rule	0	1	1	retained by p_gf	exact
2	190	nonminimal	vector_antighost_antifield	vector_antighost_antifield[0]	0	0	1	0	2	covector density	1	1	nonminimal doublet	0	vector_multiplier_antifield	1	0	explicit tangent homotopy	exact
2	191	nonminimal	vector_antighost_antifield	vector_antighost_antifield[1]	1	0	1	0	2	covector density	1	1	nonminimal doublet	0	vector_multiplier_antifield	1	0	explicit tangent homotopy	exact
2	192	nonminimal	vector_antighost_antifield	vector_antighost_antifield[2]	2	0	1	0	2	covector density	1	1	nonminimal doublet	0	vector_multiplier_antifield	1	0	explicit tangent homotopy	exact
2	193	nonminimal	vector_antighost_antifield	vector_antighost_antifield[3]	3	0	1	0	2	covector density	1	1	nonminimal doublet	0	vector_multiplier_antifield	1	0	explicit tangent homotopy	exact
2	194	nonminimal	vector_antighost_antifield	vector_antighost_antifield[4]	4	0	1	0	2	covector density	1	1	nonminimal doublet	0	vector_multiplier_antifield	1	0	explicit tangent homotopy	exact
2	195	nonminimal	vector_antighost_antifield	vector_antighost_antifield[5]	5	0	1	0	2	covector density	1	1	nonminimal doublet	0	vector_multiplier_antifield	1	0	explicit tangent homotopy	exact
2	196	nonminimal	vector_antighost_antifield	vector_antighost_antifield[6]	6	0	1	0	2	covector density	1	1	nonminimal doublet	0	vector_multiplier_antifield	1	0	explicit tangent homotopy	exact
2	197	nonminimal	vector_antighost_antifield	vector_antighost_antifield[7]	7	0	1	0	2	covector density	1	1	nonminimal doublet	0	vector_multiplier_antifield	1	0	explicit tangent homotopy	exact
2	198	nonminimal	vector_antighost_antifield	vector_antighost_antifield[8]	8	0	1	0	2	covector density	1	1	nonminimal doublet	0	vector_multiplier_antifield	1	0	explicit tangent homotopy	exact
2	199	nonminimal	vector_antighost_antifield	vector_antighost_antifield[9]	9	0	1	0	2	covector density	1	1	nonminimal doublet	0	vector_multiplier_antifield	1	0	explicit tangent homotopy	exact
2	200	nonminimal	vector_antighost_antifield	vector_antighost_antifield[10]	10	0	1	0	2	covector density	1	1	nonminimal doublet	0	vector_multiplier_antifield	1	0	explicit tangent homotopy	exact
2	201	nonminimal	vector_antighost_antifield	vector_antighost_antifield[11]	11	0	1	0	2	covector density	1	1	nonminimal doublet	0	vector_multiplier_antifield	1	0	explicit tangent homotopy	exact
2	202	nonminimal	vector_antighost_antifield	vector_antighost_antifield[12]	12	0	1	0	2	covector density	1	1	nonminimal doublet	0	vector_multiplier_antifield	1	0	explicit tangent homotopy	exact
2	203	nonminimal	vector_antighost_antifield	vector_antighost_antifield[13]	13	0	1	0	2	covector density	1	1	nonminimal doublet	0	vector_multiplier_antifield	1	0	explicit tangent homotopy	exact
2	204	nonminimal	vector_antighost_antifield	vector_antighost_antifield[14]	14	0	1	0	2	covector density	1	1	nonminimal doublet	0	vector_multiplier_antifield	1	0	explicit tangent homotopy	exact
2	205	nonminimal	vector_antighost_antifield	vector_antighost_antifield[15]	15	0	1	0	2	covector density	1	1	nonminimal doublet	0	vector_multiplier_antifield	1	0	explicit tangent homotopy	exact
2	206	nonminimal	vector_multiplier_antifield	vector_multiplier_antifield[0]	0	-1	1	1	2	covector density	1	1	nonminimal doublet	vector_antighost_antifield	0	0	0	explicit tangent homotopy	exact
2	207	nonminimal	vector_multiplier_antifield	vector_multiplier_antifield[1]	1	-1	1	1	2	covector density	1	1	nonminimal doublet	vector_antighost_antifield	0	0	0	explicit tangent homotopy	exact
2	208	nonminimal	vector_multiplier_antifield	vector_multiplier_antifield[2]	2	-1	1	1	2	covector density	1	1	nonminimal doublet	vector_antighost_antifield	0	0	0	explicit tangent homotopy	exact
2	209	nonminimal	vector_multiplier_antifield	vector_multiplier_antifield[3]	3	-1	1	1	2	covector density	1	1	nonminimal doublet	vector_antighost_antifield	0	0	0	explicit tangent homotopy	exact
2	210	nonminimal	vector_multiplier_antifield	vector_multiplier_antifield[4]	4	-1	1	1	2	covector density	1	1	nonminimal doublet	vector_antighost_antifield	0	0	0	explicit tangent homotopy	exact
2	211	nonminimal	vector_multiplier_antifield	vector_multiplier_antifield[5]	5	-1	1	1	2	covector density	1	1	nonminimal doublet	vector_antighost_antifield	0	0	0	explicit tangent homotopy	exact
2	212	nonminimal	vector_multiplier_antifield	vector_multiplier_antifield[6]	6	-1	1	1	2	covector density	1	1	nonminimal doublet	vector_antighost_antifield	0	0	0	explicit tangent homotopy	exact
2	213	nonminimal	vector_multiplier_antifield	vector_multiplier_antifield[7]	7	-1	1	1	2	covector density	1	1	nonminimal doublet	vector_antighost_antifield	0	0	0	explicit tangent homotopy	exact
2	214	nonminimal	vector_multiplier_antifield	vector_multiplier_antifield[8]	8	-1	1	1	2	covector density	1	1	nonminimal doublet	vector_antighost_antifield	0	0	0	explicit tangent homotopy	exact
2	215	nonminimal	vector_multiplier_antifield	vector_multiplier_antifield[9]	9	-1	1	1	2	covector density	1	1	nonminimal doublet	vector_antighost_antifield	0	0	0	explicit tangent homotopy	exact
2	216	nonminimal	vector_multiplier_antifield	vector_multiplier_antifield[10]	10	-1	1	1	2	covector density	1	1	nonminimal doublet	vector_antighost_antifield	0	0	0	explicit tangent homotopy	exact
2	217	nonminimal	vector_multiplier_antifield	vector_multiplier_antifield[11]	11	-1	1	1	2	covector density	1	1	nonminimal doublet	vector_antighost_antifield	0	0	0	explicit tangent homotopy	exact
2	218	nonminimal	vector_multiplier_antifield	vector_multiplier_antifield[12]	12	-1	1	1	2	covector density	1	1	nonminimal doublet	vector_antighost_antifield	0	0	0	explicit tangent homotopy	exact
2	219	nonminimal	vector_multiplier_antifield	vector_multiplier_antifield[13]	13	-1	1	1	2	covector density	1	1	nonminimal doublet	vector_antighost_antifield	0	0	0	explicit tangent homotopy	exact
2	220	nonminimal	vector_multiplier_antifield	vector_multiplier_antifield[14]	14	-1	1	1	2	covector density	1	1	nonminimal doublet	vector_antighost_antifield	0	0	0	explicit tangent homotopy	exact
2	221	nonminimal	vector_multiplier_antifield	vector_multiplier_antifield[15]	15	-1	1	1	2	covector density	1	1	nonminimal doublet	vector_antighost_antifield	0	0	0	explicit tangent homotopy	exact
2	222	nonminimal	scalar_antighost_antifield	scalar_antighost_antifield[0]	0	0	1	0	2	scalar density	0	2	nonminimal doublet	0	scalar_multiplier_antifield	1	0	explicit tangent homotopy	exact
2	223	nonminimal	scalar_antighost_antifield	scalar_antighost_antifield[1]	1	0	1	0	2	scalar density	0	2	nonminimal doublet	0	scalar_multiplier_antifield	1	0	explicit tangent homotopy	exact
2	224	nonminimal	scalar_antighost_antifield	scalar_antighost_antifield[2]	2	0	1	0	2	scalar density	0	2	nonminimal doublet	0	scalar_multiplier_antifield	1	0	explicit tangent homotopy	exact
2	225	nonminimal	scalar_antighost_antifield	scalar_antighost_antifield[3]	3	0	1	0	2	scalar density	0	2	nonminimal doublet	0	scalar_multiplier_antifield	1	0	explicit tangent homotopy	exact
2	226	nonminimal	scalar_antighost_antifield	scalar_antighost_antifield[4]	4	0	1	0	2	scalar density	0	2	nonminimal doublet	0	scalar_multiplier_antifield	1	0	explicit tangent homotopy	exact
2	227	nonminimal	scalar_antighost_antifield	scalar_antighost_antifield[5]	5	0	1	0	2	scalar density	0	2	nonminimal doublet	0	scalar_multiplier_antifield	1	0	explicit tangent homotopy	exact
2	228	nonminimal	scalar_antighost_antifield	scalar_antighost_antifield[6]	6	0	1	0	2	scalar density	0	2	nonminimal doublet	0	scalar_multiplier_antifield	1	0	explicit tangent homotopy	exact
2	229	nonminimal	scalar_antighost_antifield	scalar_antighost_antifield[7]	7	0	1	0	2	scalar density	0	2	nonminimal doublet	0	scalar_multiplier_antifield	1	0	explicit tangent homotopy	exact
2	230	nonminimal	scalar_antighost_antifield	scalar_antighost_antifield[8]	8	0	1	0	2	scalar density	0	2	nonminimal doublet	0	scalar_multiplier_antifield	1	0	explicit tangent homotopy	exact
2	231	nonminimal	scalar_antighost_antifield	scalar_antighost_antifield[9]	9	0	1	0	2	scalar density	0	2	nonminimal doublet	0	scalar_multiplier_antifield	1	0	explicit tangent homotopy	exact
2	232	nonminimal	scalar_multiplier_antifield	scalar_multiplier_antifield[0]	0	-1	1	1	2	scalar density	0	2	nonminimal doublet	scalar_antighost_antifield	0	0	0	explicit tangent homotopy	exact
2	233	nonminimal	scalar_multiplier_antifield	scalar_multiplier_antifield[1]	1	-1	1	1	2	scalar density	0	2	nonminimal doublet	scalar_antighost_antifield	0	0	0	explicit tangent homotopy	exact
2	234	nonminimal	scalar_multiplier_antifield	scalar_multiplier_antifield[2]	2	-1	1	1	2	scalar density	0	2	nonminimal doublet	scalar_antighost_antifield	0	0	0	explicit tangent homotopy	exact
2	235	nonminimal	scalar_multiplier_antifield	scalar_multiplier_antifield[3]	3	-1	1	1	2	scalar density	0	2	nonminimal doublet	scalar_antighost_antifield	0	0	0	explicit tangent homotopy	exact
2	236	nonminimal	scalar_multiplier_antifield	scalar_multiplier_antifield[4]	4	-1	1	1	2	scalar density	0	2	nonminimal doublet	scalar_antighost_antifield	0	0	0	explicit tangent homotopy	exact
2	237	nonminimal	scalar_multiplier_antifield	scalar_multiplier_antifield[5]	5	-1	1	1	2	scalar density	0	2	nonminimal doublet	scalar_antighost_antifield	0	0	0	explicit tangent homotopy	exact
2	238	nonminimal	scalar_multiplier_antifield	scalar_multiplier_antifield[6]	6	-1	1	1	2	scalar density	0	2	nonminimal doublet	scalar_antighost_antifield	0	0	0	explicit tangent homotopy	exact
2	239	nonminimal	scalar_multiplier_antifield	scalar_multiplier_antifield[7]	7	-1	1	1	2	scalar density	0	2	nonminimal doublet	scalar_antighost_antifield	0	0	0	explicit tangent homotopy	exact
2	240	nonminimal	scalar_multiplier_antifield	scalar_multiplier_antifield[8]	8	-1	1	1	2	scalar density	0	2	nonminimal doublet	scalar_antighost_antifield	0	0	0	explicit tangent homotopy	exact
2	241	nonminimal	scalar_multiplier_antifield	scalar_multiplier_antifield[9]	9	-1	1	1	2	scalar density	0	2	nonminimal doublet	scalar_antighost_antifield	0	0	0	explicit tangent homotopy	exact
3	0	minimal	diffeomorphism ghost c_mu	c_mu_0[P3^4]	0	1	0	-1	3	(1/2,1/2) tensor Sym^4(1/2,1/2)	-1	4	proven minimal raw chain	minimal master-action rule	K_0 c	2	0	retained by p_gf	exact
3	1	minimal	diffeomorphism ghost c_mu	c_mu_0[P2*P3^3]	1	1	0	-1	3	(1/2,1/2) tensor Sym^4(1/2,1/2)	-1	4	proven minimal raw chain	minimal master-action rule	K_0 c	3	0	retained by p_gf	exact
3	2	minimal	diffeomorphism ghost c_mu	c_mu_0[P2^2*P3^2]	2	1	0	-1	3	(1/2,1/2) tensor Sym^4(1/2,1/2)	-1	4	proven minimal raw chain	minimal master-action rule	K_0 c	4	0	retained by p_gf	exact
3	3	minimal	diffeomorphism ghost c_mu	c_mu_0[P2^3*P3]	3	1	0	-1	3	(1/2,1/2) tensor Sym^4(1/2,1/2)	-1	4	proven minimal raw chain	minimal master-action rule	K_0 c	3	0	retained by p_gf	exact
3	4	minimal	diffeomorphism ghost c_mu	c_mu_0[P2^4]	4	1	0	-1	3	(1/2,1/2) tensor Sym^4(1/2,1/2)	-1	4	proven minimal raw chain	minimal master-action rule	K_0 c	2	0	retained by p_gf	exact
3	5	minimal	diffeomorphism ghost c_mu	c_mu_0[P1*P3^3]	5	1	0	-1	3	(1/2,1/2) tensor Sym^4(1/2,1/2)	-1	4	proven minimal raw chain	minimal master-action rule	K_0 c	3	0	retained by p_gf	exact
3	6	minimal	diffeomorphism ghost c_mu	c_mu_0[P1*P2*P3^2]	6	1	0	-1	3	(1/2,1/2) tensor Sym^4(1/2,1/2)	-1	4	proven minimal raw chain	minimal master-action rule	K_0 c	4	0	retained by p_gf	exact
3	7	minimal	diffeomorphism ghost c_mu	c_mu_0[P1*P2^2*P3]	7	1	0	-1	3	(1/2,1/2) tensor Sym^4(1/2,1/2)	-1	4	proven minimal raw chain	minimal master-action rule	K_0 c	4	0	retained by p_gf	exact
3	8	minimal	diffeomorphism ghost c_mu	c_mu_0[P1*P2^3]	8	1	0	-1	3	(1/2,1/2) tensor Sym^4(1/2,1/2)	-1	4	proven minimal raw chain	minimal master-action rule	K_0 c	3	0	retained by p_gf	exact
3	9	minimal	diffeomorphism ghost c_mu	c_mu_0[P1^2*P3^2]	9	1	0	-1	3	(1/2,1/2) tensor Sym^4(1/2,1/2)	-1	4	proven minimal raw chain	minimal master-action rule	K_0 c	4	0	retained by p_gf	exact
3	10	minimal	diffeomorphism ghost c_mu	c_mu_0[P1^2*P2*P3]	10	1	0	-1	3	(1/2,1/2) tensor Sym^4(1/2,1/2)	-1	4	proven minimal raw chain	minimal master-action rule	K_0 c	4	0	retained by p_gf	exact
3	11	minimal	diffeomorphism ghost c_mu	c_mu_0[P1^2*P2^2]	11	1	0	-1	3	(1/2,1/2) tensor Sym^4(1/2,1/2)	-1	4	proven minimal raw chain	minimal master-action rule	K_0 c	4	0	retained by p_gf	exact
3	12	minimal	diffeomorphism ghost c_mu	c_mu_0[P1^3*P3]	12	1	0	-1	3	(1/2,1/2) tensor Sym^4(1/2,1/2)	-1	4	proven minimal raw chain	minimal master-action rule	K_0 c	3	0	retained by p_gf	exact
3	13	minimal	diffeomorphism ghost c_mu	c_mu_0[P1^3*P2]	13	1	0	-1	3	(1/2,1/2) tensor Sym^4(1/2,1/2)	-1	4	proven minimal raw chain	minimal master-action rule	K_0 c	3	0	retained by p_gf	exact
3	14	minimal	diffeomorphism ghost c_mu	c_mu_0[P1^4]	14	1	0	-1	3	(1/2,1/2) tensor Sym^4(1/2,1/2)	-1	4	proven minimal raw chain	minimal master-action rule	K_0 c	2	0	retained by p_gf	exact
3	15	minimal	diffeomorphism ghost c_mu	c_mu_0[P0*P3^3]	15	1	0	-1	3	(1/2,1/2) tensor Sym^4(1/2,1/2)	-1	4	proven minimal raw chain	minimal master-action rule	K_0 c	6	0	retained by p_gf	exact
3	16	minimal	diffeomorphism ghost c_mu	c_mu_0[P0*P2*P3^2]	16	1	0	-1	3	(1/2,1/2) tensor Sym^4(1/2,1/2)	-1	4	proven minimal raw chain	minimal master-action rule	K_0 c	8	0	retained by p_gf	exact
3	17	minimal	diffeomorphism ghost c_mu	c_mu_0[P0*P2^2*P3]	17	1	0	-1	3	(1/2,1/2) tensor Sym^4(1/2,1/2)	-1	4	proven minimal raw chain	minimal master-action rule	K_0 c	8	0	retained by p_gf	exact
3	18	minimal	diffeomorphism ghost c_mu	c_mu_0[P0*P2^3]	18	1	0	-1	3	(1/2,1/2) tensor Sym^4(1/2,1/2)	-1	4	proven minimal raw chain	minimal master-action rule	K_0 c	6	0	retained by p_gf	exact
3	19	minimal	diffeomorphism ghost c_mu	c_mu_0[P0*P1*P3^2]	19	1	0	-1	3	(1/2,1/2) tensor Sym^4(1/2,1/2)	-1	4	proven minimal raw chain	minimal master-action rule	K_0 c	8	0	retained by p_gf	exact
3	20	minimal	diffeomorphism ghost c_mu	c_mu_0[P0*P1*P2*P3]	20	1	0	-1	3	(1/2,1/2) tensor Sym^4(1/2,1/2)	-1	4	proven minimal raw chain	minimal master-action rule	K_0 c	9	0	retained by p_gf	exact
3	21	minimal	diffeomorphism ghost c_mu	c_mu_0[P0*P1*P2^2]	21	1	0	-1	3	(1/2,1/2) tensor Sym^4(1/2,1/2)	-1	4	proven minimal raw chain	minimal master-action rule	K_0 c	8	0	retained by p_gf	exact
3	22	minimal	diffeomorphism ghost c_mu	c_mu_0[P0*P1^2*P3]	22	1	0	-1	3	(1/2,1/2) tensor Sym^4(1/2,1/2)	-1	4	proven minimal raw chain	minimal master-action rule	K_0 c	8	0	retained by p_gf	exact
3	23	minimal	diffeomorphism ghost c_mu	c_mu_0[P0*P1^2*P2]	23	1	0	-1	3	(1/2,1/2) tensor Sym^4(1/2,1/2)	-1	4	proven minimal raw chain	minimal master-action rule	K_0 c	8	0	retained by p_gf	exact
3	24	minimal	diffeomorphism ghost c_mu	c_mu_0[P0*P1^3]	24	1	0	-1	3	(1/2,1/2) tensor Sym^4(1/2,1/2)	-1	4	proven minimal raw chain	minimal master-action rule	K_0 c	6	0	retained by p_gf	exact
3	25	minimal	diffeomorphism ghost c_mu	c_mu_0[P0^2*P3^2]	25	1	0	-1	3	(1/2,1/2) tensor Sym^4(1/2,1/2)	-1	4	proven minimal raw chain	minimal master-action rule	K_0 c	7	0	retained by p_gf	exact
3	26	minimal	diffeomorphism ghost c_mu	c_mu_0[P0^2*P2*P3]	26	1	0	-1	3	(1/2,1/2) tensor Sym^4(1/2,1/2)	-1	4	proven minimal raw chain	minimal master-action rule	K_0 c	8	0	retained by p_gf	exact
3	27	minimal	diffeomorphism ghost c_mu	c_mu_0[P0^2*P2^2]	27	1	0	-1	3	(1/2,1/2) tensor Sym^4(1/2,1/2)	-1	4	proven minimal raw chain	minimal master-action rule	K_0 c	7	0	retained by p_gf	exact
3	28	minimal	diffeomorphism ghost c_mu	c_mu_0[P0^2*P1*P3]	28	1	0	-1	3	(1/2,1/2) tensor Sym^4(1/2,1/2)	-1	4	proven minimal raw chain	minimal master-action rule	K_0 c	8	0	retained by p_gf	exact
3	29	minimal	diffeomorphism ghost c_mu	c_mu_0[P0^2*P1*P2]	29	1	0	-1	3	(1/2,1/2) tensor Sym^4(1/2,1/2)	-1	4	proven minimal raw chain	minimal master-action rule	K_0 c	8	0	retained by p_gf	exact
3	30	minimal	diffeomorphism ghost c_mu	c_mu_0[P0^2*P1^2]	30	1	0	-1	3	(1/2,1/2) tensor Sym^4(1/2,1/2)	-1	4	proven minimal raw chain	minimal master-action rule	K_0 c	7	0	retained by p_gf	exact
3	31	minimal	diffeomorphism ghost c_mu	c_mu_0[P0^3*P3]	31	1	0	-1	3	(1/2,1/2) tensor Sym^4(1/2,1/2)	-1	4	proven minimal raw chain	minimal master-action rule	K_0 c	6	0	retained by p_gf	exact
3	32	minimal	diffeomorphism ghost c_mu	c_mu_0[P0^3*P2]	32	1	0	-1	3	(1/2,1/2) tensor Sym^4(1/2,1/2)	-1	4	proven minimal raw chain	minimal master-action rule	K_0 c	6	0	retained by p_gf	exact
3	33	minimal	diffeomorphism ghost c_mu	c_mu_0[P0^3*P1]	33	1	0	-1	3	(1/2,1/2) tensor Sym^4(1/2,1/2)	-1	4	proven minimal raw chain	minimal master-action rule	K_0 c	6	0	retained by p_gf	exact
3	34	minimal	diffeomorphism ghost c_mu	c_mu_0[P0^4]	34	1	0	-1	3	(1/2,1/2) tensor Sym^4(1/2,1/2)	-1	4	proven minimal raw chain	minimal master-action rule	K_0 c	4	0	retained by p_gf	exact
3	35	minimal	diffeomorphism ghost c_mu	c_mu_1[P3^4]	35	1	0	-1	3	(1/2,1/2) tensor Sym^4(1/2,1/2)	-1	4	proven minimal raw chain	minimal master-action rule	K_0 c	2	0	retained by p_gf	exact
3	36	minimal	diffeomorphism ghost c_mu	c_mu_1[P2*P3^3]	36	1	0	-1	3	(1/2,1/2) tensor Sym^4(1/2,1/2)	-1	4	proven minimal raw chain	minimal master-action rule	K_0 c	3	0	retained by p_gf	exact
3	37	minimal	diffeomorphism ghost c_mu	c_mu_1[P2^2*P3^2]	37	1	0	-1	3	(1/2,1/2) tensor Sym^4(1/2,1/2)	-1	4	proven minimal raw chain	minimal master-action rule	K_0 c	4	0	retained by p_gf	exact
3	38	minimal	diffeomorphism ghost c_mu	c_mu_1[P2^3*P3]	38	1	0	-1	3	(1/2,1/2) tensor Sym^4(1/2,1/2)	-1	4	proven minimal raw chain	minimal master-action rule	K_0 c	3	0	retained by p_gf	exact
3	39	minimal	diffeomorphism ghost c_mu	c_mu_1[P2^4]	39	1	0	-1	3	(1/2,1/2) tensor Sym^4(1/2,1/2)	-1	4	proven minimal raw chain	minimal master-action rule	K_0 c	2	0	retained by p_gf	exact
3	40	minimal	diffeomorphism ghost c_mu	c_mu_1[P1*P3^3]	40	1	0	-1	3	(1/2,1/2) tensor Sym^4(1/2,1/2)	-1	4	proven minimal raw chain	minimal master-action rule	K_0 c	6	0	retained by p_gf	exact
3	41	minimal	diffeomorphism ghost c_mu	c_mu_1[P1*P2*P3^2]	41	1	0	-1	3	(1/2,1/2) tensor Sym^4(1/2,1/2)	-1	4	proven minimal raw chain	minimal master-action rule	K_0 c	8	0	retained by p_gf	exact
3	42	minimal	diffeomorphism ghost c_mu	c_mu_1[P1*P2^2*P3]	42	1	0	-1	3	(1/2,1/2) tensor Sym^4(1/2,1/2)	-1	4	proven minimal raw chain	minimal master-action rule	K_0 c	8	0	retained by p_gf	exact
3	43	minimal	diffeomorphism ghost c_mu	c_mu_1[P1*P2^3]	43	1	0	-1	3	(1/2,1/2) tensor Sym^4(1/2,1/2)	-1	4	proven minimal raw chain	minimal master-action rule	K_0 c	6	0	retained by p_gf	exact
3	44	minimal	diffeomorphism ghost c_mu	c_mu_1[P1^2*P3^2]	44	1	0	-1	3	(1/2,1/2) tensor Sym^4(1/2,1/2)	-1	4	proven minimal raw chain	minimal master-action rule	K_0 c	7	0	retained by p_gf	exact
3	45	minimal	diffeomorphism ghost c_mu	c_mu_1[P1^2*P2*P3]	45	1	0	-1	3	(1/2,1/2) tensor Sym^4(1/2,1/2)	-1	4	proven minimal raw chain	minimal master-action rule	K_0 c	8	0	retained by p_gf	exact
3	46	minimal	diffeomorphism ghost c_mu	c_mu_1[P1^2*P2^2]	46	1	0	-1	3	(1/2,1/2) tensor Sym^4(1/2,1/2)	-1	4	proven minimal raw chain	minimal master-action rule	K_0 c	7	0	retained by p_gf	exact
3	47	minimal	diffeomorphism ghost c_mu	c_mu_1[P1^3*P3]	47	1	0	-1	3	(1/2,1/2) tensor Sym^4(1/2,1/2)	-1	4	proven minimal raw chain	minimal master-action rule	K_0 c	6	0	retained by p_gf	exact
3	48	minimal	diffeomorphism ghost c_mu	c_mu_1[P1^3*P2]	48	1	0	-1	3	(1/2,1/2) tensor Sym^4(1/2,1/2)	-1	4	proven minimal raw chain	minimal master-action rule	K_0 c	6	0	retained by p_gf	exact
3	49	minimal	diffeomorphism ghost c_mu	c_mu_1[P1^4]	49	1	0	-1	3	(1/2,1/2) tensor Sym^4(1/2,1/2)	-1	4	proven minimal raw chain	minimal master-action rule	K_0 c	4	0	retained by p_gf	exact
3	50	minimal	diffeomorphism ghost c_mu	c_mu_1[P0*P3^3]	50	1	0	-1	3	(1/2,1/2) tensor Sym^4(1/2,1/2)	-1	4	proven minimal raw chain	minimal master-action rule	K_0 c	3	0	retained by p_gf	exact
3	51	minimal	diffeomorphism ghost c_mu	c_mu_1[P0*P2*P3^2]	51	1	0	-1	3	(1/2,1/2) tensor Sym^4(1/2,1/2)	-1	4	proven minimal raw chain	minimal master-action rule	K_0 c	4	0	retained by p_gf	exact
3	52	minimal	diffeomorphism ghost c_mu	c_mu_1[P0*P2^2*P3]	52	1	0	-1	3	(1/2,1/2) tensor Sym^4(1/2,1/2)	-1	4	proven minimal raw chain	minimal master-action rule	K_0 c	4	0	retained by p_gf	exact
3	53	minimal	diffeomorphism ghost c_mu	c_mu_1[P0*P2^3]	53	1	0	-1	3	(1/2,1/2) tensor Sym^4(1/2,1/2)	-1	4	proven minimal raw chain	minimal master-action rule	K_0 c	3	0	retained by p_gf	exact
3	54	minimal	diffeomorphism ghost c_mu	c_mu_1[P0*P1*P3^2]	54	1	0	-1	3	(1/2,1/2) tensor Sym^4(1/2,1/2)	-1	4	proven minimal raw chain	minimal master-action rule	K_0 c	8	0	retained by p_gf	exact
3	55	minimal	diffeomorphism ghost c_mu	c_mu_1[P0*P1*P2*P3]	55	1	0	-1	3	(1/2,1/2) tensor Sym^4(1/2,1/2)	-1	4	proven minimal raw chain	minimal master-action rule	K_0 c	9	0	retained by p_gf	exact
3	56	minimal	diffeomorphism ghost c_mu	c_mu_1[P0*P1*P2^2]	56	1	0	-1	3	(1/2,1/2) tensor Sym^4(1/2,1/2)	-1	4	proven minimal raw chain	minimal master-action rule	K_0 c	8	0	retained by p_gf	exact
3	57	minimal	diffeomorphism ghost c_mu	c_mu_1[P0*P1^2*P3]	57	1	0	-1	3	(1/2,1/2) tensor Sym^4(1/2,1/2)	-1	4	proven minimal raw chain	minimal master-action rule	K_0 c	8	0	retained by p_gf	exact
3	58	minimal	diffeomorphism ghost c_mu	c_mu_1[P0*P1^2*P2]	58	1	0	-1	3	(1/2,1/2) tensor Sym^4(1/2,1/2)	-1	4	proven minimal raw chain	minimal master-action rule	K_0 c	8	0	retained by p_gf	exact
3	59	minimal	diffeomorphism ghost c_mu	c_mu_1[P0*P1^3]	59	1	0	-1	3	(1/2,1/2) tensor Sym^4(1/2,1/2)	-1	4	proven minimal raw chain	minimal master-action rule	K_0 c	6	0	retained by p_gf	exact
3	60	minimal	diffeomorphism ghost c_mu	c_mu_1[P0^2*P3^2]	60	1	0	-1	3	(1/2,1/2) tensor Sym^4(1/2,1/2)	-1	4	proven minimal raw chain	minimal master-action rule	K_0 c	4	0	retained by p_gf	exact
3	61	minimal	diffeomorphism ghost c_mu	c_mu_1[P0^2*P2*P3]	61	1	0	-1	3	(1/2,1/2) tensor Sym^4(1/2,1/2)	-1	4	proven minimal raw chain	minimal master-action rule	K_0 c	4	0	retained by p_gf	exact
3	62	minimal	diffeomorphism ghost c_mu	c_mu_1[P0^2*P2^2]	62	1	0	-1	3	(1/2,1/2) tensor Sym^4(1/2,1/2)	-1	4	proven minimal raw chain	minimal master-action rule	K_0 c	4	0	retained by p_gf	exact
3	63	minimal	diffeomorphism ghost c_mu	c_mu_1[P0^2*P1*P3]	63	1	0	-1	3	(1/2,1/2) tensor Sym^4(1/2,1/2)	-1	4	proven minimal raw chain	minimal master-action rule	K_0 c	8	0	retained by p_gf	exact
3	64	minimal	diffeomorphism ghost c_mu	c_mu_1[P0^2*P1*P2]	64	1	0	-1	3	(1/2,1/2) tensor Sym^4(1/2,1/2)	-1	4	proven minimal raw chain	minimal master-action rule	K_0 c	8	0	retained by p_gf	exact
3	65	minimal	diffeomorphism ghost c_mu	c_mu_1[P0^2*P1^2]	65	1	0	-1	3	(1/2,1/2) tensor Sym^4(1/2,1/2)	-1	4	proven minimal raw chain	minimal master-action rule	K_0 c	7	0	retained by p_gf	exact
3	66	minimal	diffeomorphism ghost c_mu	c_mu_1[P0^3*P3]	66	1	0	-1	3	(1/2,1/2) tensor Sym^4(1/2,1/2)	-1	4	proven minimal raw chain	minimal master-action rule	K_0 c	3	0	retained by p_gf	exact
3	67	minimal	diffeomorphism ghost c_mu	c_mu_1[P0^3*P2]	67	1	0	-1	3	(1/2,1/2) tensor Sym^4(1/2,1/2)	-1	4	proven minimal raw chain	minimal master-action rule	K_0 c	3	0	retained by p_gf	exact
3	68	minimal	diffeomorphism ghost c_mu	c_mu_1[P0^3*P1]	68	1	0	-1	3	(1/2,1/2) tensor Sym^4(1/2,1/2)	-1	4	proven minimal raw chain	minimal master-action rule	K_0 c	6	0	retained by p_gf	exact
3	69	minimal	diffeomorphism ghost c_mu	c_mu_1[P0^4]	69	1	0	-1	3	(1/2,1/2) tensor Sym^4(1/2,1/2)	-1	4	proven minimal raw chain	minimal master-action rule	K_0 c	2	0	retained by p_gf	exact
3	70	minimal	diffeomorphism ghost c_mu	c_mu_2[P3^4]	70	1	0	-1	3	(1/2,1/2) tensor Sym^4(1/2,1/2)	-1	4	proven minimal raw chain	minimal master-action rule	K_0 c	2	0	retained by p_gf	exact
3	71	minimal	diffeomorphism ghost c_mu	c_mu_2[P2*P3^3]	71	1	0	-1	3	(1/2,1/2) tensor Sym^4(1/2,1/2)	-1	4	proven minimal raw chain	minimal master-action rule	K_0 c	6	0	retained by p_gf	exact
3	72	minimal	diffeomorphism ghost c_mu	c_mu_2[P2^2*P3^2]	72	1	0	-1	3	(1/2,1/2) tensor Sym^4(1/2,1/2)	-1	4	proven minimal raw chain	minimal master-action rule	K_0 c	7	0	retained by p_gf	exact
3	73	minimal	diffeomorphism ghost c_mu	c_mu_2[P2^3*P3]	73	1	0	-1	3	(1/2,1/2) tensor Sym^4(1/2,1/2)	-1	4	proven minimal raw chain	minimal master-action rule	K_0 c	6	0	retained by p_gf	exact
3	74	minimal	diffeomorphism ghost c_mu	c_mu_2[P2^4]	74	1	0	-1	3	(1/2,1/2) tensor Sym^4(1/2,1/2)	-1	4	proven minimal raw chain	minimal master-action rule	K_0 c	4	0	retained by p_gf	exact
3	75	minimal	diffeomorphism ghost c_mu	c_mu_2[P1*P3^3]	75	1	0	-1	3	(1/2,1/2) tensor Sym^4(1/2,1/2)	-1	4	proven minimal raw chain	minimal master-action rule	K_0 c	3	0	retained by p_gf	exact
3	76	minimal	diffeomorphism ghost c_mu	c_mu_2[P1*P2*P3^2]	76	1	0	-1	3	(1/2,1/2) tensor Sym^4(1/2,1/2)	-1	4	proven minimal raw chain	minimal master-action rule	K_0 c	8	0	retained by p_gf	exact
3	77	minimal	diffeomorphism ghost c_mu	c_mu_2[P1*P2^2*P3]	77	1	0	-1	3	(1/2,1/2) tensor Sym^4(1/2,1/2)	-1	4	proven minimal raw chain	minimal master-action rule	K_0 c	8	0	retained by p_gf	exact
3	78	minimal	diffeomorphism ghost c_mu	c_mu_2[P1*P2^3]	78	1	0	-1	3	(1/2,1/2) tensor Sym^4(1/2,1/2)	-1	4	proven minimal raw chain	minimal master-action rule	K_0 c	6	0	retained by p_gf	exact
3	79	minimal	diffeomorphism ghost c_mu	c_mu_2[P1^2*P3^2]	79	1	0	-1	3	(1/2,1/2) tensor Sym^4(1/2,1/2)	-1	4	proven minimal raw chain	minimal master-action rule	K_0 c	4	0	retained by p_gf	exact
3	80	minimal	diffeomorphism ghost c_mu	c_mu_2[P1^2*P2*P3]	80	1	0	-1	3	(1/2,1/2) tensor Sym^4(1/2,1/2)	-1	4	proven minimal raw chain	minimal master-action rule	K_0 c	8	0	retained by p_gf	exact
3	81	minimal	diffeomorphism ghost c_mu	c_mu_2[P1^2*P2^2]	81	1	0	-1	3	(1/2,1/2) tensor Sym^4(1/2,1/2)	-1	4	proven minimal raw chain	minimal master-action rule	K_0 c	7	0	retained by p_gf	exact
3	82	minimal	diffeomorphism ghost c_mu	c_mu_2[P1^3*P3]	82	1	0	-1	3	(1/2,1/2) tensor Sym^4(1/2,1/2)	-1	4	proven minimal raw chain	minimal master-action rule	K_0 c	3	0	retained by p_gf	exact
3	83	minimal	diffeomorphism ghost c_mu	c_mu_2[P1^3*P2]	83	1	0	-1	3	(1/2,1/2) tensor Sym^4(1/2,1/2)	-1	4	proven minimal raw chain	minimal master-action rule	K_0 c	6	0	retained by p_gf	exact
3	84	minimal	diffeomorphism ghost c_mu	c_mu_2[P1^4]	84	1	0	-1	3	(1/2,1/2) tensor Sym^4(1/2,1/2)	-1	4	proven minimal raw chain	minimal master-action rule	K_0 c	2	0	retained by p_gf	exact
3	85	minimal	diffeomorphism ghost c_mu	c_mu_2[P0*P3^3]	85	1	0	-1	3	(1/2,1/2) tensor Sym^4(1/2,1/2)	-1	4	proven minimal raw chain	minimal master-action rule	K_0 c	3	0	retained by p_gf	exact
3	86	minimal	diffeomorphism ghost c_mu	c_mu_2[P0*P2*P3^2]	86	1	0	-1	3	(1/2,1/2) tensor Sym^4(1/2,1/2)	-1	4	proven minimal raw chain	minimal master-action rule	K_0 c	8	0	retained by p_gf	exact
3	87	minimal	diffeomorphism ghost c_mu	c_mu_2[P0*P2^2*P3]	87	1	0	-1	3	(1/2,1/2) tensor Sym^4(1/2,1/2)	-1	4	proven minimal raw chain	minimal master-action rule	K_0 c	8	0	retained by p_gf	exact
3	88	minimal	diffeomorphism ghost c_mu	c_mu_2[P0*P2^3]	88	1	0	-1	3	(1/2,1/2) tensor Sym^4(1/2,1/2)	-1	4	proven minimal raw chain	minimal master-action rule	K_0 c	6	0	retained by p_gf	exact
3	89	minimal	diffeomorphism ghost c_mu	c_mu_2[P0*P1*P3^2]	89	1	0	-1	3	(1/2,1/2) tensor Sym^4(1/2,1/2)	-1	4	proven minimal raw chain	minimal master-action rule	K_0 c	4	0	retained by p_gf	exact
3	90	minimal	diffeomorphism ghost c_mu	c_mu_2[P0*P1*P2*P3]	90	1	0	-1	3	(1/2,1/2) tensor Sym^4(1/2,1/2)	-1	4	proven minimal raw chain	minimal master-action rule	K_0 c	9	0	retained by p_gf	exact
3	91	minimal	diffeomorphism ghost c_mu	c_mu_2[P0*P1*P2^2]	91	1	0	-1	3	(1/2,1/2) tensor Sym^4(1/2,1/2)	-1	4	proven minimal raw chain	minimal master-action rule	K_0 c	8	0	retained by p_gf	exact
3	92	minimal	diffeomorphism ghost c_mu	c_mu_2[P0*P1^2*P3]	92	1	0	-1	3	(1/2,1/2) tensor Sym^4(1/2,1/2)	-1	4	proven minimal raw chain	minimal master-action rule	K_0 c	4	0	retained by p_gf	exact
3	93	minimal	diffeomorphism ghost c_mu	c_mu_2[P0*P1^2*P2]	93	1	0	-1	3	(1/2,1/2) tensor Sym^4(1/2,1/2)	-1	4	proven minimal raw chain	minimal master-action rule	K_0 c	8	0	retained by p_gf	exact
3	94	minimal	diffeomorphism ghost c_mu	c_mu_2[P0*P1^3]	94	1	0	-1	3	(1/2,1/2) tensor Sym^4(1/2,1/2)	-1	4	proven minimal raw chain	minimal master-action rule	K_0 c	3	0	retained by p_gf	exact
3	95	minimal	diffeomorphism ghost c_mu	c_mu_2[P0^2*P3^2]	95	1	0	-1	3	(1/2,1/2) tensor Sym^4(1/2,1/2)	-1	4	proven minimal raw chain	minimal master-action rule	K_0 c	4	0	retained by p_gf	exact
3	96	minimal	diffeomorphism ghost c_mu	c_mu_2[P0^2*P2*P3]	96	1	0	-1	3	(1/2,1/2) tensor Sym^4(1/2,1/2)	-1	4	proven minimal raw chain	minimal master-action rule	K_0 c	8	0	retained by p_gf	exact
3	97	minimal	diffeomorphism ghost c_mu	c_mu_2[P0^2*P2^2]	97	1	0	-1	3	(1/2,1/2) tensor Sym^4(1/2,1/2)	-1	4	proven minimal raw chain	minimal master-action rule	K_0 c	7	0	retained by p_gf	exact
3	98	minimal	diffeomorphism ghost c_mu	c_mu_2[P0^2*P1*P3]	98	1	0	-1	3	(1/2,1/2) tensor Sym^4(1/2,1/2)	-1	4	proven minimal raw chain	minimal master-action rule	K_0 c	4	0	retained by p_gf	exact
3	99	minimal	diffeomorphism ghost c_mu	c_mu_2[P0^2*P1*P2]	99	1	0	-1	3	(1/2,1/2) tensor Sym^4(1/2,1/2)	-1	4	proven minimal raw chain	minimal master-action rule	K_0 c	8	0	retained by p_gf	exact
3	100	minimal	diffeomorphism ghost c_mu	c_mu_2[P0^2*P1^2]	100	1	0	-1	3	(1/2,1/2) tensor Sym^4(1/2,1/2)	-1	4	proven minimal raw chain	minimal master-action rule	K_0 c	4	0	retained by p_gf	exact
3	101	minimal	diffeomorphism ghost c_mu	c_mu_2[P0^3*P3]	101	1	0	-1	3	(1/2,1/2) tensor Sym^4(1/2,1/2)	-1	4	proven minimal raw chain	minimal master-action rule	K_0 c	3	0	retained by p_gf	exact
3	102	minimal	diffeomorphism ghost c_mu	c_mu_2[P0^3*P2]	102	1	0	-1	3	(1/2,1/2) tensor Sym^4(1/2,1/2)	-1	4	proven minimal raw chain	minimal master-action rule	K_0 c	6	0	retained by p_gf	exact
3	103	minimal	diffeomorphism ghost c_mu	c_mu_2[P0^3*P1]	103	1	0	-1	3	(1/2,1/2) tensor Sym^4(1/2,1/2)	-1	4	proven minimal raw chain	minimal master-action rule	K_0 c	3	0	retained by p_gf	exact
3	104	minimal	diffeomorphism ghost c_mu	c_mu_2[P0^4]	104	1	0	-1	3	(1/2,1/2) tensor Sym^4(1/2,1/2)	-1	4	proven minimal raw chain	minimal master-action rule	K_0 c	2	0	retained by p_gf	exact
3	105	minimal	diffeomorphism ghost c_mu	c_mu_3[P3^4]	105	1	0	-1	3	(1/2,1/2) tensor Sym^4(1/2,1/2)	-1	4	proven minimal raw chain	minimal master-action rule	K_0 c	4	0	retained by p_gf	exact
3	106	minimal	diffeomorphism ghost c_mu	c_mu_3[P2*P3^3]	106	1	0	-1	3	(1/2,1/2) tensor Sym^4(1/2,1/2)	-1	4	proven minimal raw chain	minimal master-action rule	K_0 c	6	0	retained by p_gf	exact
3	107	minimal	diffeomorphism ghost c_mu	c_mu_3[P2^2*P3^2]	107	1	0	-1	3	(1/2,1/2) tensor Sym^4(1/2,1/2)	-1	4	proven minimal raw chain	minimal master-action rule	K_0 c	7	0	retained by p_gf	exact
3	108	minimal	diffeomorphism ghost c_mu	c_mu_3[P2^3*P3]	108	1	0	-1	3	(1/2,1/2) tensor Sym^4(1/2,1/2)	-1	4	proven minimal raw chain	minimal master-action rule	K_0 c	6	0	retained by p_gf	exact
3	109	minimal	diffeomorphism ghost c_mu	c_mu_3[P2^4]	109	1	0	-1	3	(1/2,1/2) tensor Sym^4(1/2,1/2)	-1	4	proven minimal raw chain	minimal master-action rule	K_0 c	2	0	retained by p_gf	exact
3	110	minimal	diffeomorphism ghost c_mu	c_mu_3[P1*P3^3]	110	1	0	-1	3	(1/2,1/2) tensor Sym^4(1/2,1/2)	-1	4	proven minimal raw chain	minimal master-action rule	K_0 c	6	0	retained by p_gf	exact
3	111	minimal	diffeomorphism ghost c_mu	c_mu_3[P1*P2*P3^2]	111	1	0	-1	3	(1/2,1/2) tensor Sym^4(1/2,1/2)	-1	4	proven minimal raw chain	minimal master-action rule	K_0 c	8	0	retained by p_gf	exact
3	112	minimal	diffeomorphism ghost c_mu	c_mu_3[P1*P2^2*P3]	112	1	0	-1	3	(1/2,1/2) tensor Sym^4(1/2,1/2)	-1	4	proven minimal raw chain	minimal master-action rule	K_0 c	8	0	retained by p_gf	exact
3	113	minimal	diffeomorphism ghost c_mu	c_mu_3[P1*P2^3]	113	1	0	-1	3	(1/2,1/2) tensor Sym^4(1/2,1/2)	-1	4	proven minimal raw chain	minimal master-action rule	K_0 c	3	0	retained by p_gf	exact
3	114	minimal	diffeomorphism ghost c_mu	c_mu_3[P1^2*P3^2]	114	1	0	-1	3	(1/2,1/2) tensor Sym^4(1/2,1/2)	-1	4	proven minimal raw chain	minimal master-action rule	K_0 c	7	0	retained by p_gf	exact
3	115	minimal	diffeomorphism ghost c_mu	c_mu_3[P1^2*P2*P3]	115	1	0	-1	3	(1/2,1/2) tensor Sym^4(1/2,1/2)	-1	4	proven minimal raw chain	minimal master-action rule	K_0 c	8	0	retained by p_gf	exact
3	116	minimal	diffeomorphism ghost c_mu	c_mu_3[P1^2*P2^2]	116	1	0	-1	3	(1/2,1/2) tensor Sym^4(1/2,1/2)	-1	4	proven minimal raw chain	minimal master-action rule	K_0 c	4	0	retained by p_gf	exact
3	117	minimal	diffeomorphism ghost c_mu	c_mu_3[P1^3*P3]	117	1	0	-1	3	(1/2,1/2) tensor Sym^4(1/2,1/2)	-1	4	proven minimal raw chain	minimal master-action rule	K_0 c	6	0	retained by p_gf	exact
3	118	minimal	diffeomorphism ghost c_mu	c_mu_3[P1^3*P2]	118	1	0	-1	3	(1/2,1/2) tensor Sym^4(1/2,1/2)	-1	4	proven minimal raw chain	minimal master-action rule	K_0 c	3	0	retained by p_gf	exact
3	119	minimal	diffeomorphism ghost c_mu	c_mu_3[P1^4]	119	1	0	-1	3	(1/2,1/2) tensor Sym^4(1/2,1/2)	-1	4	proven minimal raw chain	minimal master-action rule	K_0 c	2	0	retained by p_gf	exact
3	120	minimal	diffeomorphism ghost c_mu	c_mu_3[P0*P3^3]	120	1	0	-1	3	(1/2,1/2) tensor Sym^4(1/2,1/2)	-1	4	proven minimal raw chain	minimal master-action rule	K_0 c	6	0	retained by p_gf	exact
3	121	minimal	diffeomorphism ghost c_mu	c_mu_3[P0*P2*P3^2]	121	1	0	-1	3	(1/2,1/2) tensor Sym^4(1/2,1/2)	-1	4	proven minimal raw chain	minimal master-action rule	K_0 c	8	0	retained by p_gf	exact
3	122	minimal	diffeomorphism ghost c_mu	c_mu_3[P0*P2^2*P3]	122	1	0	-1	3	(1/2,1/2) tensor Sym^4(1/2,1/2)	-1	4	proven minimal raw chain	minimal master-action rule	K_0 c	8	0	retained by p_gf	exact
3	123	minimal	diffeomorphism ghost c_mu	c_mu_3[P0*P2^3]	123	1	0	-1	3	(1/2,1/2) tensor Sym^4(1/2,1/2)	-1	4	proven minimal raw chain	minimal master-action rule	K_0 c	3	0	retained by p_gf	exact
3	124	minimal	diffeomorphism ghost c_mu	c_mu_3[P0*P1*P3^2]	124	1	0	-1	3	(1/2,1/2) tensor Sym^4(1/2,1/2)	-1	4	proven minimal raw chain	minimal master-action rule	K_0 c	8	0	retained by p_gf	exact
3	125	minimal	diffeomorphism ghost c_mu	c_mu_3[P0*P1*P2*P3]	125	1	0	-1	3	(1/2,1/2) tensor Sym^4(1/2,1/2)	-1	4	proven minimal raw chain	minimal master-action rule	K_0 c	9	0	retained by p_gf	exact
3	126	minimal	diffeomorphism ghost c_mu	c_mu_3[P0*P1*P2^2]	126	1	0	-1	3	(1/2,1/2) tensor Sym^4(1/2,1/2)	-1	4	proven minimal raw chain	minimal master-action rule	K_0 c	4	0	retained by p_gf	exact
3	127	minimal	diffeomorphism ghost c_mu	c_mu_3[P0*P1^2*P3]	127	1	0	-1	3	(1/2,1/2) tensor Sym^4(1/2,1/2)	-1	4	proven minimal raw chain	minimal master-action rule	K_0 c	8	0	retained by p_gf	exact
3	128	minimal	diffeomorphism ghost c_mu	c_mu_3[P0*P1^2*P2]	128	1	0	-1	3	(1/2,1/2) tensor Sym^4(1/2,1/2)	-1	4	proven minimal raw chain	minimal master-action rule	K_0 c	4	0	retained by p_gf	exact
3	129	minimal	diffeomorphism ghost c_mu	c_mu_3[P0*P1^3]	129	1	0	-1	3	(1/2,1/2) tensor Sym^4(1/2,1/2)	-1	4	proven minimal raw chain	minimal master-action rule	K_0 c	3	0	retained by p_gf	exact
3	130	minimal	diffeomorphism ghost c_mu	c_mu_3[P0^2*P3^2]	130	1	0	-1	3	(1/2,1/2) tensor Sym^4(1/2,1/2)	-1	4	proven minimal raw chain	minimal master-action rule	K_0 c	7	0	retained by p_gf	exact
3	131	minimal	diffeomorphism ghost c_mu	c_mu_3[P0^2*P2*P3]	131	1	0	-1	3	(1/2,1/2) tensor Sym^4(1/2,1/2)	-1	4	proven minimal raw chain	minimal master-action rule	K_0 c	8	0	retained by p_gf	exact
3	132	minimal	diffeomorphism ghost c_mu	c_mu_3[P0^2*P2^2]	132	1	0	-1	3	(1/2,1/2) tensor Sym^4(1/2,1/2)	-1	4	proven minimal raw chain	minimal master-action rule	K_0 c	4	0	retained by p_gf	exact
3	133	minimal	diffeomorphism ghost c_mu	c_mu_3[P0^2*P1*P3]	133	1	0	-1	3	(1/2,1/2) tensor Sym^4(1/2,1/2)	-1	4	proven minimal raw chain	minimal master-action rule	K_0 c	8	0	retained by p_gf	exact
3	134	minimal	diffeomorphism ghost c_mu	c_mu_3[P0^2*P1*P2]	134	1	0	-1	3	(1/2,1/2) tensor Sym^4(1/2,1/2)	-1	4	proven minimal raw chain	minimal master-action rule	K_0 c	4	0	retained by p_gf	exact
3	135	minimal	diffeomorphism ghost c_mu	c_mu_3[P0^2*P1^2]	135	1	0	-1	3	(1/2,1/2) tensor Sym^4(1/2,1/2)	-1	4	proven minimal raw chain	minimal master-action rule	K_0 c	4	0	retained by p_gf	exact
3	136	minimal	diffeomorphism ghost c_mu	c_mu_3[P0^3*P3]	136	1	0	-1	3	(1/2,1/2) tensor Sym^4(1/2,1/2)	-1	4	proven minimal raw chain	minimal master-action rule	K_0 c	6	0	retained by p_gf	exact
3	137	minimal	diffeomorphism ghost c_mu	c_mu_3[P0^3*P2]	137	1	0	-1	3	(1/2,1/2) tensor Sym^4(1/2,1/2)	-1	4	proven minimal raw chain	minimal master-action rule	K_0 c	3	0	retained by p_gf	exact
3	138	minimal	diffeomorphism ghost c_mu	c_mu_3[P0^3*P1]	138	1	0	-1	3	(1/2,1/2) tensor Sym^4(1/2,1/2)	-1	4	proven minimal raw chain	minimal master-action rule	K_0 c	3	0	retained by p_gf	exact
3	139	minimal	diffeomorphism ghost c_mu	c_mu_3[P0^4]	139	1	0	-1	3	(1/2,1/2) tensor Sym^4(1/2,1/2)	-1	4	proven minimal raw chain	minimal master-action rule	K_0 c	2	0	retained by p_gf	exact
3	140	minimal	Weyl ghost omega	Omega[P3^3]	140	1	0	-1	3	(0,0) tensor Sym^3(1/2,1/2)	0	3	proven minimal raw chain	minimal master-action rule	tau	2	0	retained by p_gf	exact
3	141	minimal	Weyl ghost omega	Omega[P2*P3^2]	141	1	0	-1	3	(0,0) tensor Sym^3(1/2,1/2)	0	3	proven minimal raw chain	minimal master-action rule	tau	2	0	retained by p_gf	exact
3	142	minimal	Weyl ghost omega	Omega[P2^2*P3]	142	1	0	-1	3	(0,0) tensor Sym^3(1/2,1/2)	0	3	proven minimal raw chain	minimal master-action rule	tau	2	0	retained by p_gf	exact
3	143	minimal	Weyl ghost omega	Omega[P2^3]	143	1	0	-1	3	(0,0) tensor Sym^3(1/2,1/2)	0	3	proven minimal raw chain	minimal master-action rule	tau	2	0	retained by p_gf	exact
3	144	minimal	Weyl ghost omega	Omega[P1*P3^2]	144	1	0	-1	3	(0,0) tensor Sym^3(1/2,1/2)	0	3	proven minimal raw chain	minimal master-action rule	tau	2	0	retained by p_gf	exact
3	145	minimal	Weyl ghost omega	Omega[P1*P2*P3]	145	1	0	-1	3	(0,0) tensor Sym^3(1/2,1/2)	0	3	proven minimal raw chain	minimal master-action rule	tau	2	0	retained by p_gf	exact
3	146	minimal	Weyl ghost omega	Omega[P1*P2^2]	146	1	0	-1	3	(0,0) tensor Sym^3(1/2,1/2)	0	3	proven minimal raw chain	minimal master-action rule	tau	2	0	retained by p_gf	exact
3	147	minimal	Weyl ghost omega	Omega[P1^2*P3]	147	1	0	-1	3	(0,0) tensor Sym^3(1/2,1/2)	0	3	proven minimal raw chain	minimal master-action rule	tau	2	0	retained by p_gf	exact
3	148	minimal	Weyl ghost omega	Omega[P1^2*P2]	148	1	0	-1	3	(0,0) tensor Sym^3(1/2,1/2)	0	3	proven minimal raw chain	minimal master-action rule	tau	2	0	retained by p_gf	exact
3	149	minimal	Weyl ghost omega	Omega[P1^3]	149	1	0	-1	3	(0,0) tensor Sym^3(1/2,1/2)	0	3	proven minimal raw chain	minimal master-action rule	tau	2	0	retained by p_gf	exact
3	150	minimal	Weyl ghost omega	Omega[P0*P3^2]	150	1	0	-1	3	(0,0) tensor Sym^3(1/2,1/2)	0	3	proven minimal raw chain	minimal master-action rule	tau	2	0	retained by p_gf	exact
3	151	minimal	Weyl ghost omega	Omega[P0*P2*P3]	151	1	0	-1	3	(0,0) tensor Sym^3(1/2,1/2)	0	3	proven minimal raw chain	minimal master-action rule	tau	2	0	retained by p_gf	exact
3	152	minimal	Weyl ghost omega	Omega[P0*P2^2]	152	1	0	-1	3	(0,0) tensor Sym^3(1/2,1/2)	0	3	proven minimal raw chain	minimal master-action rule	tau	2	0	retained by p_gf	exact
3	153	minimal	Weyl ghost omega	Omega[P0*P1*P3]	153	1	0	-1	3	(0,0) tensor Sym^3(1/2,1/2)	0	3	proven minimal raw chain	minimal master-action rule	tau	2	0	retained by p_gf	exact
3	154	minimal	Weyl ghost omega	Omega[P0*P1*P2]	154	1	0	-1	3	(0,0) tensor Sym^3(1/2,1/2)	0	3	proven minimal raw chain	minimal master-action rule	tau	2	0	retained by p_gf	exact
3	155	minimal	Weyl ghost omega	Omega[P0*P1^2]	155	1	0	-1	3	(0,0) tensor Sym^3(1/2,1/2)	0	3	proven minimal raw chain	minimal master-action rule	tau	2	0	retained by p_gf	exact
3	156	minimal	Weyl ghost omega	Omega[P0^2*P3]	156	1	0	-1	3	(0,0) tensor Sym^3(1/2,1/2)	0	3	proven minimal raw chain	minimal master-action rule	tau	2	0	retained by p_gf	exact
3	157	minimal	Weyl ghost omega	Omega[P0^2*P2]	157	1	0	-1	3	(0,0) tensor Sym^3(1/2,1/2)	0	3	proven minimal raw chain	minimal master-action rule	tau	2	0	retained by p_gf	exact
3	158	minimal	Weyl ghost omega	Omega[P0^2*P1]	158	1	0	-1	3	(0,0) tensor Sym^3(1/2,1/2)	0	3	proven minimal raw chain	minimal master-action rule	tau	2	0	retained by p_gf	exact
3	159	minimal	Weyl ghost omega	Omega[P0^3]	159	1	0	-1	3	(0,0) tensor Sym^3(1/2,1/2)	0	3	proven minimal raw chain	minimal master-action rule	tau	2	0	retained by p_gf	exact
3	160	minimal	trace-free metric fluctuation	h_0_(01)[P3^3]	160	0	0	0	3	(1,1) tensor Sym^3(1/2,1/2)	0	3	proven minimal raw chain	minimal master-action rule	B_lin h_0	0	0	retained by p_gf	exact
3	161	minimal	trace-free metric fluctuation	h_0_(01)[P2*P3^2]	161	0	0	0	3	(1,1) tensor Sym^3(1/2,1/2)	0	3	proven minimal raw chain	minimal master-action rule	B_lin h_0	0	0	retained by p_gf	exact
3	162	minimal	trace-free metric fluctuation	h_0_(01)[P2^2*P3]	162	0	0	0	3	(1,1) tensor Sym^3(1/2,1/2)	0	3	proven minimal raw chain	minimal master-action rule	B_lin h_0	0	0	retained by p_gf	exact
3	163	minimal	trace-free metric fluctuation	h_0_(01)[P2^3]	163	0	0	0	3	(1,1) tensor Sym^3(1/2,1/2)	0	3	proven minimal raw chain	minimal master-action rule	B_lin h_0	0	0	retained by p_gf	exact
3	164	minimal	trace-free metric fluctuation	h_0_(01)[P1*P3^2]	164	0	0	0	3	(1,1) tensor Sym^3(1/2,1/2)	0	3	proven minimal raw chain	minimal master-action rule	B_lin h_0	1	1	retained by p_gf	exact
3	165	minimal	trace-free metric fluctuation	h_0_(01)[P1*P2*P3]	165	0	0	0	3	(1,1) tensor Sym^3(1/2,1/2)	0	3	proven minimal raw chain	minimal master-action rule	B_lin h_0	1	1	retained by p_gf	exact
3	166	minimal	trace-free metric fluctuation	h_0_(01)[P1*P2^2]	166	0	0	0	3	(1,1) tensor Sym^3(1/2,1/2)	0	3	proven minimal raw chain	minimal master-action rule	B_lin h_0	1	1	retained by p_gf	exact
3	167	minimal	trace-free metric fluctuation	h_0_(01)[P1^2*P3]	167	0	0	0	3	(1,1) tensor Sym^3(1/2,1/2)	0	3	proven minimal raw chain	minimal master-action rule	B_lin h_0	1	1	retained by p_gf	exact
3	168	minimal	trace-free metric fluctuation	h_0_(01)[P1^2*P2]	168	0	0	0	3	(1,1) tensor Sym^3(1/2,1/2)	0	3	proven minimal raw chain	minimal master-action rule	B_lin h_0	1	1	retained by p_gf	exact
3	169	minimal	trace-free metric fluctuation	h_0_(01)[P1^3]	169	0	0	0	3	(1,1) tensor Sym^3(1/2,1/2)	0	3	proven minimal raw chain	minimal master-action rule	B_lin h_0	1	1	retained by p_gf	exact
3	170	minimal	trace-free metric fluctuation	h_0_(01)[P0*P3^2]	170	0	0	0	3	(1,1) tensor Sym^3(1/2,1/2)	0	3	proven minimal raw chain	minimal master-action rule	B_lin h_0	1	1	retained by p_gf	exact
3	171	minimal	trace-free metric fluctuation	h_0_(01)[P0*P2*P3]	171	0	0	0	3	(1,1) tensor Sym^3(1/2,1/2)	0	3	proven minimal raw chain	minimal master-action rule	B_lin h_0	1	1	retained by p_gf	exact
3	172	minimal	trace-free metric fluctuation	h_0_(01)[P0*P2^2]	172	0	0	0	3	(1,1) tensor Sym^3(1/2,1/2)	0	3	proven minimal raw chain	minimal master-action rule	B_lin h_0	1	1	retained by p_gf	exact
3	173	minimal	trace-free metric fluctuation	h_0_(01)[P0*P1*P3]	173	0	0	0	3	(1,1) tensor Sym^3(1/2,1/2)	0	3	proven minimal raw chain	minimal master-action rule	B_lin h_0	2	2	retained by p_gf	exact
3	174	minimal	trace-free metric fluctuation	h_0_(01)[P0*P1*P2]	174	0	0	0	3	(1,1) tensor Sym^3(1/2,1/2)	0	3	proven minimal raw chain	minimal master-action rule	B_lin h_0	2	2	retained by p_gf	exact
3	175	minimal	trace-free metric fluctuation	h_0_(01)[P0*P1^2]	175	0	0	0	3	(1,1) tensor Sym^3(1/2,1/2)	0	3	proven minimal raw chain	minimal master-action rule	B_lin h_0	2	2	retained by p_gf	exact
3	176	minimal	trace-free metric fluctuation	h_0_(01)[P0^2*P3]	176	0	0	0	3	(1,1) tensor Sym^3(1/2,1/2)	0	3	proven minimal raw chain	minimal master-action rule	B_lin h_0	1	1	retained by p_gf	exact
3	177	minimal	trace-free metric fluctuation	h_0_(01)[P0^2*P2]	177	0	0	0	3	(1,1) tensor Sym^3(1/2,1/2)	0	3	proven minimal raw chain	minimal master-action rule	B_lin h_0	1	1	retained by p_gf	exact
3	178	minimal	trace-free metric fluctuation	h_0_(01)[P0^2*P1]	178	0	0	0	3	(1,1) tensor Sym^3(1/2,1/2)	0	3	proven minimal raw chain	minimal master-action rule	B_lin h_0	2	2	retained by p_gf	exact
3	179	minimal	trace-free metric fluctuation	h_0_(01)[P0^3]	179	0	0	0	3	(1,1) tensor Sym^3(1/2,1/2)	0	3	proven minimal raw chain	minimal master-action rule	B_lin h_0	1	1	retained by p_gf	exact
3	180	minimal	trace-free metric fluctuation	h_0_(02)[P3^3]	180	0	0	0	3	(1,1) tensor Sym^3(1/2,1/2)	0	3	proven minimal raw chain	minimal master-action rule	B_lin h_0	0	0	retained by p_gf	exact
3	181	minimal	trace-free metric fluctuation	h_0_(02)[P2*P3^2]	181	0	0	0	3	(1,1) tensor Sym^3(1/2,1/2)	0	3	proven minimal raw chain	minimal master-action rule	B_lin h_0	1	1	retained by p_gf	exact
3	182	minimal	trace-free metric fluctuation	h_0_(02)[P2^2*P3]	182	0	0	0	3	(1,1) tensor Sym^3(1/2,1/2)	0	3	proven minimal raw chain	minimal master-action rule	B_lin h_0	1	1	retained by p_gf	exact
3	183	minimal	trace-free metric fluctuation	h_0_(02)[P2^3]	183	0	0	0	3	(1,1) tensor Sym^3(1/2,1/2)	0	3	proven minimal raw chain	minimal master-action rule	B_lin h_0	1	1	retained by p_gf	exact
3	184	minimal	trace-free metric fluctuation	h_0_(02)[P1*P3^2]	184	0	0	0	3	(1,1) tensor Sym^3(1/2,1/2)	0	3	proven minimal raw chain	minimal master-action rule	B_lin h_0	0	0	retained by p_gf	exact
3	185	minimal	trace-free metric fluctuation	h_0_(02)[P1*P2*P3]	185	0	0	0	3	(1,1) tensor Sym^3(1/2,1/2)	0	3	proven minimal raw chain	minimal master-action rule	B_lin h_0	1	1	retained by p_gf	exact
3	186	minimal	trace-free metric fluctuation	h_0_(02)[P1*P2^2]	186	0	0	0	3	(1,1) tensor Sym^3(1/2,1/2)	0	3	proven minimal raw chain	minimal master-action rule	B_lin h_0	1	1	retained by p_gf	exact
3	187	minimal	trace-free metric fluctuation	h_0_(02)[P1^2*P3]	187	0	0	0	3	(1,1) tensor Sym^3(1/2,1/2)	0	3	proven minimal raw chain	minimal master-action rule	B_lin h_0	0	0	retained by p_gf	exact
3	188	minimal	trace-free metric fluctuation	h_0_(02)[P1^2*P2]	188	0	0	0	3	(1,1) tensor Sym^3(1/2,1/2)	0	3	proven minimal raw chain	minimal master-action rule	B_lin h_0	1	1	retained by p_gf	exact
3	189	minimal	trace-free metric fluctuation	h_0_(02)[P1^3]	189	0	0	0	3	(1,1) tensor Sym^3(1/2,1/2)	0	3	proven minimal raw chain	minimal master-action rule	B_lin h_0	0	0	retained by p_gf	exact
3	190	minimal	trace-free metric fluctuation	h_0_(02)[P0*P3^2]	190	0	0	0	3	(1,1) tensor Sym^3(1/2,1/2)	0	3	proven minimal raw chain	minimal master-action rule	B_lin h_0	1	1	retained by p_gf	exact
3	191	minimal	trace-free metric fluctuation	h_0_(02)[P0*P2*P3]	191	0	0	0	3	(1,1) tensor Sym^3(1/2,1/2)	0	3	proven minimal raw chain	minimal master-action rule	B_lin h_0	2	2	retained by p_gf	exact
3	192	minimal	trace-free metric fluctuation	h_0_(02)[P0*P2^2]	192	0	0	0	3	(1,1) tensor Sym^3(1/2,1/2)	0	3	proven minimal raw chain	minimal master-action rule	B_lin h_0	2	2	retained by p_gf	exact
3	193	minimal	trace-free metric fluctuation	h_0_(02)[P0*P1*P3]	193	0	0	0	3	(1,1) tensor Sym^3(1/2,1/2)	0	3	proven minimal raw chain	minimal master-action rule	B_lin h_0	1	1	retained by p_gf	exact
3	194	minimal	trace-free metric fluctuation	h_0_(02)[P0*P1*P2]	194	0	0	0	3	(1,1) tensor Sym^3(1/2,1/2)	0	3	proven minimal raw chain	minimal master-action rule	B_lin h_0	2	2	retained by p_gf	exact
3	195	minimal	trace-free metric fluctuation	h_0_(02)[P0*P1^2]	195	0	0	0	3	(1,1) tensor Sym^3(1/2,1/2)	0	3	proven minimal raw chain	minimal master-action rule	B_lin h_0	1	1	retained by p_gf	exact
3	196	minimal	trace-free metric fluctuation	h_0_(02)[P0^2*P3]	196	0	0	0	3	(1,1) tensor Sym^3(1/2,1/2)	0	3	proven minimal raw chain	minimal master-action rule	B_lin h_0	1	1	retained by p_gf	exact
3	197	minimal	trace-free metric fluctuation	h_0_(02)[P0^2*P2]	197	0	0	0	3	(1,1) tensor Sym^3(1/2,1/2)	0	3	proven minimal raw chain	minimal master-action rule	B_lin h_0	2	2	retained by p_gf	exact
3	198	minimal	trace-free metric fluctuation	h_0_(02)[P0^2*P1]	198	0	0	0	3	(1,1) tensor Sym^3(1/2,1/2)	0	3	proven minimal raw chain	minimal master-action rule	B_lin h_0	1	1	retained by p_gf	exact
3	199	minimal	trace-free metric fluctuation	h_0_(02)[P0^3]	199	0	0	0	3	(1,1) tensor Sym^3(1/2,1/2)	0	3	proven minimal raw chain	minimal master-action rule	B_lin h_0	1	1	retained by p_gf	exact
3	200	minimal	trace-free metric fluctuation	h_0_(03)[P3^3]	200	0	0	0	3	(1,1) tensor Sym^3(1/2,1/2)	0	3	proven minimal raw chain	minimal master-action rule	B_lin h_0	1	1	retained by p_gf	exact
3	201	minimal	trace-free metric fluctuation	h_0_(03)[P2*P3^2]	201	0	0	0	3	(1,1) tensor Sym^3(1/2,1/2)	0	3	proven minimal raw chain	minimal master-action rule	B_lin h_0	1	1	retained by p_gf	exact
3	202	minimal	trace-free metric fluctuation	h_0_(03)[P2^2*P3]	202	0	0	0	3	(1,1) tensor Sym^3(1/2,1/2)	0	3	proven minimal raw chain	minimal master-action rule	B_lin h_0	1	1	retained by p_gf	exact
3	203	minimal	trace-free metric fluctuation	h_0_(03)[P2^3]	203	0	0	0	3	(1,1) tensor Sym^3(1/2,1/2)	0	3	proven minimal raw chain	minimal master-action rule	B_lin h_0	0	0	retained by p_gf	exact
3	204	minimal	trace-free metric fluctuation	h_0_(03)[P1*P3^2]	204	0	0	0	3	(1,1) tensor Sym^3(1/2,1/2)	0	3	proven minimal raw chain	minimal master-action rule	B_lin h_0	1	1	retained by p_gf	exact
3	205	minimal	trace-free metric fluctuation	h_0_(03)[P1*P2*P3]	205	0	0	0	3	(1,1) tensor Sym^3(1/2,1/2)	0	3	proven minimal raw chain	minimal master-action rule	B_lin h_0	1	1	retained by p_gf	exact
3	206	minimal	trace-free metric fluctuation	h_0_(03)[P1*P2^2]	206	0	0	0	3	(1,1) tensor Sym^3(1/2,1/2)	0	3	proven minimal raw chain	minimal master-action rule	B_lin h_0	0	0	retained by p_gf	exact
3	207	minimal	trace-free metric fluctuation	h_0_(03)[P1^2*P3]	207	0	0	0	3	(1,1) tensor Sym^3(1/2,1/2)	0	3	proven minimal raw chain	minimal master-action rule	B_lin h_0	1	1	retained by p_gf	exact
3	208	minimal	trace-free metric fluctuation	h_0_(03)[P1^2*P2]	208	0	0	0	3	(1,1) tensor Sym^3(1/2,1/2)	0	3	proven minimal raw chain	minimal master-action rule	B_lin h_0	0	0	retained by p_gf	exact
3	209	minimal	trace-free metric fluctuation	h_0_(03)[P1^3]	209	0	0	0	3	(1,1) tensor Sym^3(1/2,1/2)	0	3	proven minimal raw chain	minimal master-action rule	B_lin h_0	0	0	retained by p_gf	exact
3	210	minimal	trace-free metric fluctuation	h_0_(03)[P0*P3^2]	210	0	0	0	3	(1,1) tensor Sym^3(1/2,1/2)	0	3	proven minimal raw chain	minimal master-action rule	B_lin h_0	2	2	retained by p_gf	exact
3	211	minimal	trace-free metric fluctuation	h_0_(03)[P0*P2*P3]	211	0	0	0	3	(1,1) tensor Sym^3(1/2,1/2)	0	3	proven minimal raw chain	minimal master-action rule	B_lin h_0	2	2	retained by p_gf	exact
3	212	minimal	trace-free metric fluctuation	h_0_(03)[P0*P2^2]	212	0	0	0	3	(1,1) tensor Sym^3(1/2,1/2)	0	3	proven minimal raw chain	minimal master-action rule	B_lin h_0	1	1	retained by p_gf	exact
3	213	minimal	trace-free metric fluctuation	h_0_(03)[P0*P1*P3]	213	0	0	0	3	(1,1) tensor Sym^3(1/2,1/2)	0	3	proven minimal raw chain	minimal master-action rule	B_lin h_0	2	2	retained by p_gf	exact
3	214	minimal	trace-free metric fluctuation	h_0_(03)[P0*P1*P2]	214	0	0	0	3	(1,1) tensor Sym^3(1/2,1/2)	0	3	proven minimal raw chain	minimal master-action rule	B_lin h_0	1	1	retained by p_gf	exact
3	215	minimal	trace-free metric fluctuation	h_0_(03)[P0*P1^2]	215	0	0	0	3	(1,1) tensor Sym^3(1/2,1/2)	0	3	proven minimal raw chain	minimal master-action rule	B_lin h_0	1	1	retained by p_gf	exact
3	216	minimal	trace-free metric fluctuation	h_0_(03)[P0^2*P3]	216	0	0	0	3	(1,1) tensor Sym^3(1/2,1/2)	0	3	proven minimal raw chain	minimal master-action rule	B_lin h_0	2	2	retained by p_gf	exact
3	217	minimal	trace-free metric fluctuation	h_0_(03)[P0^2*P2]	217	0	0	0	3	(1,1) tensor Sym^3(1/2,1/2)	0	3	proven minimal raw chain	minimal master-action rule	B_lin h_0	1	1	retained by p_gf	exact
3	218	minimal	trace-free metric fluctuation	h_0_(03)[P0^2*P1]	218	0	0	0	3	(1,1) tensor Sym^3(1/2,1/2)	0	3	proven minimal raw chain	minimal master-action rule	B_lin h_0	1	1	retained by p_gf	exact
3	219	minimal	trace-free metric fluctuation	h_0_(03)[P0^3]	219	0	0	0	3	(1,1) tensor Sym^3(1/2,1/2)	0	3	proven minimal raw chain	minimal master-action rule	B_lin h_0	1	1	retained by p_gf	exact
3	220	minimal	trace-free metric fluctuation	h_0_(12)[P3^3]	220	0	0	0	3	(1,1) tensor Sym^3(1/2,1/2)	0	3	proven minimal raw chain	minimal master-action rule	B_lin h_0	0	0	retained by p_gf	exact
3	221	minimal	trace-free metric fluctuation	h_0_(12)[P2*P3^2]	221	0	0	0	3	(1,1) tensor Sym^3(1/2,1/2)	0	3	proven minimal raw chain	minimal master-action rule	B_lin h_0	1	1	retained by p_gf	exact
3	222	minimal	trace-free metric fluctuation	h_0_(12)[P2^2*P3]	222	0	0	0	3	(1,1) tensor Sym^3(1/2,1/2)	0	3	proven minimal raw chain	minimal master-action rule	B_lin h_0	1	1	retained by p_gf	exact
3	223	minimal	trace-free metric fluctuation	h_0_(12)[P2^3]	223	0	0	0	3	(1,1) tensor Sym^3(1/2,1/2)	0	3	proven minimal raw chain	minimal master-action rule	B_lin h_0	1	1	retained by p_gf	exact
3	224	minimal	trace-free metric fluctuation	h_0_(12)[P1*P3^2]	224	0	0	0	3	(1,1) tensor Sym^3(1/2,1/2)	0	3	proven minimal raw chain	minimal master-action rule	B_lin h_0	1	1	retained by p_gf	exact
3	225	minimal	trace-free metric fluctuation	h_0_(12)[P1*P2*P3]	225	0	0	0	3	(1,1) tensor Sym^3(1/2,1/2)	0	3	proven minimal raw chain	minimal master-action rule	B_lin h_0	2	2	retained by p_gf	exact
3	226	minimal	trace-free metric fluctuation	h_0_(12)[P1*P2^2]	226	0	0	0	3	(1,1) tensor Sym^3(1/2,1/2)	0	3	proven minimal raw chain	minimal master-action rule	B_lin h_0	2	2	retained by p_gf	exact
3	227	minimal	trace-free metric fluctuation	h_0_(12)[P1^2*P3]	227	0	0	0	3	(1,1) tensor Sym^3(1/2,1/2)	0	3	proven minimal raw chain	minimal master-action rule	B_lin h_0	1	1	retained by p_gf	exact
3	228	minimal	trace-free metric fluctuation	h_0_(12)[P1^2*P2]	228	0	0	0	3	(1,1) tensor Sym^3(1/2,1/2)	0	3	proven minimal raw chain	minimal master-action rule	B_lin h_0	2	2	retained by p_gf	exact
3	229	minimal	trace-free metric fluctuation	h_0_(12)[P1^3]	229	0	0	0	3	(1,1) tensor Sym^3(1/2,1/2)	0	3	proven minimal raw chain	minimal master-action rule	B_lin h_0	1	1	retained by p_gf	exact
3	230	minimal	trace-free metric fluctuation	h_0_(12)[P0*P3^2]	230	0	0	0	3	(1,1) tensor Sym^3(1/2,1/2)	0	3	proven minimal raw chain	minimal master-action rule	B_lin h_0	0	0	retained by p_gf	exact
3	231	minimal	trace-free metric fluctuation	h_0_(12)[P0*P2*P3]	231	0	0	0	3	(1,1) tensor Sym^3(1/2,1/2)	0	3	proven minimal raw chain	minimal master-action rule	B_lin h_0	1	1	retained by p_gf	exact
3	232	minimal	trace-free metric fluctuation	h_0_(12)[P0*P2^2]	232	0	0	0	3	(1,1) tensor Sym^3(1/2,1/2)	0	3	proven minimal raw chain	minimal master-action rule	B_lin h_0	1	1	retained by p_gf	exact
3	233	minimal	trace-free metric fluctuation	h_0_(12)[P0*P1*P3]	233	0	0	0	3	(1,1) tensor Sym^3(1/2,1/2)	0	3	proven minimal raw chain	minimal master-action rule	B_lin h_0	1	1	retained by p_gf	exact
3	234	minimal	trace-free metric fluctuation	h_0_(12)[P0*P1*P2]	234	0	0	0	3	(1,1) tensor Sym^3(1/2,1/2)	0	3	proven minimal raw chain	minimal master-action rule	B_lin h_0	2	2	retained by p_gf	exact
3	235	minimal	trace-free metric fluctuation	h_0_(12)[P0*P1^2]	235	0	0	0	3	(1,1) tensor Sym^3(1/2,1/2)	0	3	proven minimal raw chain	minimal master-action rule	B_lin h_0	1	1	retained by p_gf	exact
3	236	minimal	trace-free metric fluctuation	h_0_(12)[P0^2*P3]	236	0	0	0	3	(1,1) tensor Sym^3(1/2,1/2)	0	3	proven minimal raw chain	minimal master-action rule	B_lin h_0	0	0	retained by p_gf	exact
3	237	minimal	trace-free metric fluctuation	h_0_(12)[P0^2*P2]	237	0	0	0	3	(1,1) tensor Sym^3(1/2,1/2)	0	3	proven minimal raw chain	minimal master-action rule	B_lin h_0	1	1	retained by p_gf	exact
3	238	minimal	trace-free metric fluctuation	h_0_(12)[P0^2*P1]	238	0	0	0	3	(1,1) tensor Sym^3(1/2,1/2)	0	3	proven minimal raw chain	minimal master-action rule	B_lin h_0	1	1	retained by p_gf	exact
3	239	minimal	trace-free metric fluctuation	h_0_(12)[P0^3]	239	0	0	0	3	(1,1) tensor Sym^3(1/2,1/2)	0	3	proven minimal raw chain	minimal master-action rule	B_lin h_0	0	0	retained by p_gf	exact
3	240	minimal	trace-free metric fluctuation	h_0_(13)[P3^3]	240	0	0	0	3	(1,1) tensor Sym^3(1/2,1/2)	0	3	proven minimal raw chain	minimal master-action rule	B_lin h_0	1	1	retained by p_gf	exact
3	241	minimal	trace-free metric fluctuation	h_0_(13)[P2*P3^2]	241	0	0	0	3	(1,1) tensor Sym^3(1/2,1/2)	0	3	proven minimal raw chain	minimal master-action rule	B_lin h_0	1	1	retained by p_gf	exact
3	242	minimal	trace-free metric fluctuation	h_0_(13)[P2^2*P3]	242	0	0	0	3	(1,1) tensor Sym^3(1/2,1/2)	0	3	proven minimal raw chain	minimal master-action rule	B_lin h_0	1	1	retained by p_gf	exact
3	243	minimal	trace-free metric fluctuation	h_0_(13)[P2^3]	243	0	0	0	3	(1,1) tensor Sym^3(1/2,1/2)	0	3	proven minimal raw chain	minimal master-action rule	B_lin h_0	0	0	retained by p_gf	exact
3	244	minimal	trace-free metric fluctuation	h_0_(13)[P1*P3^2]	244	0	0	0	3	(1,1) tensor Sym^3(1/2,1/2)	0	3	proven minimal raw chain	minimal master-action rule	B_lin h_0	2	2	retained by p_gf	exact
3	245	minimal	trace-free metric fluctuation	h_0_(13)[P1*P2*P3]	245	0	0	0	3	(1,1) tensor Sym^3(1/2,1/2)	0	3	proven minimal raw chain	minimal master-action rule	B_lin h_0	2	2	retained by p_gf	exact
3	246	minimal	trace-free metric fluctuation	h_0_(13)[P1*P2^2]	246	0	0	0	3	(1,1) tensor Sym^3(1/2,1/2)	0	3	proven minimal raw chain	minimal master-action rule	B_lin h_0	1	1	retained by p_gf	exact
3	247	minimal	trace-free metric fluctuation	h_0_(13)[P1^2*P3]	247	0	0	0	3	(1,1) tensor Sym^3(1/2,1/2)	0	3	proven minimal raw chain	minimal master-action rule	B_lin h_0	2	2	retained by p_gf	exact
3	248	minimal	trace-free metric fluctuation	h_0_(13)[P1^2*P2]	248	0	0	0	3	(1,1) tensor Sym^3(1/2,1/2)	0	3	proven minimal raw chain	minimal master-action rule	B_lin h_0	1	1	retained by p_gf	exact
3	249	minimal	trace-free metric fluctuation	h_0_(13)[P1^3]	249	0	0	0	3	(1,1) tensor Sym^3(1/2,1/2)	0	3	proven minimal raw chain	minimal master-action rule	B_lin h_0	1	1	retained by p_gf	exact
3	250	minimal	trace-free metric fluctuation	h_0_(13)[P0*P3^2]	250	0	0	0	3	(1,1) tensor Sym^3(1/2,1/2)	0	3	proven minimal raw chain	minimal master-action rule	B_lin h_0	1	1	retained by p_gf	exact
3	251	minimal	trace-free metric fluctuation	h_0_(13)[P0*P2*P3]	251	0	0	0	3	(1,1) tensor Sym^3(1/2,1/2)	0	3	proven minimal raw chain	minimal master-action rule	B_lin h_0	1	1	retained by p_gf	exact
3	252	minimal	trace-free metric fluctuation	h_0_(13)[P0*P2^2]	252	0	0	0	3	(1,1) tensor Sym^3(1/2,1/2)	0	3	proven minimal raw chain	minimal master-action rule	B_lin h_0	0	0	retained by p_gf	exact
3	253	minimal	trace-free metric fluctuation	h_0_(13)[P0*P1*P3]	253	0	0	0	3	(1,1) tensor Sym^3(1/2,1/2)	0	3	proven minimal raw chain	minimal master-action rule	B_lin h_0	2	2	retained by p_gf	exact
3	254	minimal	trace-free metric fluctuation	h_0_(13)[P0*P1*P2]	254	0	0	0	3	(1,1) tensor Sym^3(1/2,1/2)	0	3	proven minimal raw chain	minimal master-action rule	B_lin h_0	1	1	retained by p_gf	exact
3	255	minimal	trace-free metric fluctuation	h_0_(13)[P0*P1^2]	255	0	0	0	3	(1,1) tensor Sym^3(1/2,1/2)	0	3	proven minimal raw chain	minimal master-action rule	B_lin h_0	1	1	retained by p_gf	exact
3	256	minimal	trace-free metric fluctuation	h_0_(13)[P0^2*P3]	256	0	0	0	3	(1,1) tensor Sym^3(1/2,1/2)	0	3	proven minimal raw chain	minimal master-action rule	B_lin h_0	1	1	retained by p_gf	exact
3	257	minimal	trace-free metric fluctuation	h_0_(13)[P0^2*P2]	257	0	0	0	3	(1,1) tensor Sym^3(1/2,1/2)	0	3	proven minimal raw chain	minimal master-action rule	B_lin h_0	0	0	retained by p_gf	exact
3	258	minimal	trace-free metric fluctuation	h_0_(13)[P0^2*P1]	258	0	0	0	3	(1,1) tensor Sym^3(1/2,1/2)	0	3	proven minimal raw chain	minimal master-action rule	B_lin h_0	1	1	retained by p_gf	exact
3	259	minimal	trace-free metric fluctuation	h_0_(13)[P0^3]	259	0	0	0	3	(1,1) tensor Sym^3(1/2,1/2)	0	3	proven minimal raw chain	minimal master-action rule	B_lin h_0	0	0	retained by p_gf	exact
3	260	minimal	trace-free metric fluctuation	h_0_(23)[P3^3]	260	0	0	0	3	(1,1) tensor Sym^3(1/2,1/2)	0	3	proven minimal raw chain	minimal master-action rule	B_lin h_0	1	1	retained by p_gf	exact
3	261	minimal	trace-free metric fluctuation	h_0_(23)[P2*P3^2]	261	0	0	0	3	(1,1) tensor Sym^3(1/2,1/2)	0	3	proven minimal raw chain	minimal master-action rule	B_lin h_0	2	2	retained by p_gf	exact
3	262	minimal	trace-free metric fluctuation	h_0_(23)[P2^2*P3]	262	0	0	0	3	(1,1) tensor Sym^3(1/2,1/2)	0	3	proven minimal raw chain	minimal master-action rule	B_lin h_0	2	2	retained by p_gf	exact
3	263	minimal	trace-free metric fluctuation	h_0_(23)[P2^3]	263	0	0	0	3	(1,1) tensor Sym^3(1/2,1/2)	0	3	proven minimal raw chain	minimal master-action rule	B_lin h_0	1	1	retained by p_gf	exact
3	264	minimal	trace-free metric fluctuation	h_0_(23)[P1*P3^2]	264	0	0	0	3	(1,1) tensor Sym^3(1/2,1/2)	0	3	proven minimal raw chain	minimal master-action rule	B_lin h_0	1	1	retained by p_gf	exact
3	265	minimal	trace-free metric fluctuation	h_0_(23)[P1*P2*P3]	265	0	0	0	3	(1,1) tensor Sym^3(1/2,1/2)	0	3	proven minimal raw chain	minimal master-action rule	B_lin h_0	2	2	retained by p_gf	exact
3	266	minimal	trace-free metric fluctuation	h_0_(23)[P1*P2^2]	266	0	0	0	3	(1,1) tensor Sym^3(1/2,1/2)	0	3	proven minimal raw chain	minimal master-action rule	B_lin h_0	1	1	retained by p_gf	exact
3	267	minimal	trace-free metric fluctuation	h_0_(23)[P1^2*P3]	267	0	0	0	3	(1,1) tensor Sym^3(1/2,1/2)	0	3	proven minimal raw chain	minimal master-action rule	B_lin h_0	1	1	retained by p_gf	exact
3	268	minimal	trace-free metric fluctuation	h_0_(23)[P1^2*P2]	268	0	0	0	3	(1,1) tensor Sym^3(1/2,1/2)	0	3	proven minimal raw chain	minimal master-action rule	B_lin h_0	1	1	retained by p_gf	exact
3	269	minimal	trace-free metric fluctuation	h_0_(23)[P1^3]	269	0	0	0	3	(1,1) tensor Sym^3(1/2,1/2)	0	3	proven minimal raw chain	minimal master-action rule	B_lin h_0	0	0	retained by p_gf	exact
3	270	minimal	trace-free metric fluctuation	h_0_(23)[P0*P3^2]	270	0	0	0	3	(1,1) tensor Sym^3(1/2,1/2)	0	3	proven minimal raw chain	minimal master-action rule	B_lin h_0	1	1	retained by p_gf	exact
3	271	minimal	trace-free metric fluctuation	h_0_(23)[P0*P2*P3]	271	0	0	0	3	(1,1) tensor Sym^3(1/2,1/2)	0	3	proven minimal raw chain	minimal master-action rule	B_lin h_0	2	2	retained by p_gf	exact
3	272	minimal	trace-free metric fluctuation	h_0_(23)[P0*P2^2]	272	0	0	0	3	(1,1) tensor Sym^3(1/2,1/2)	0	3	proven minimal raw chain	minimal master-action rule	B_lin h_0	1	1	retained by p_gf	exact
3	273	minimal	trace-free metric fluctuation	h_0_(23)[P0*P1*P3]	273	0	0	0	3	(1,1) tensor Sym^3(1/2,1/2)	0	3	proven minimal raw chain	minimal master-action rule	B_lin h_0	1	1	retained by p_gf	exact
3	274	minimal	trace-free metric fluctuation	h_0_(23)[P0*P1*P2]	274	0	0	0	3	(1,1) tensor Sym^3(1/2,1/2)	0	3	proven minimal raw chain	minimal master-action rule	B_lin h_0	1	1	retained by p_gf	exact
3	275	minimal	trace-free metric fluctuation	h_0_(23)[P0*P1^2]	275	0	0	0	3	(1,1) tensor Sym^3(1/2,1/2)	0	3	proven minimal raw chain	minimal master-action rule	B_lin h_0	0	0	retained by p_gf	exact
3	276	minimal	trace-free metric fluctuation	h_0_(23)[P0^2*P3]	276	0	0	0	3	(1,1) tensor Sym^3(1/2,1/2)	0	3	proven minimal raw chain	minimal master-action rule	B_lin h_0	1	1	retained by p_gf	exact
3	277	minimal	trace-free metric fluctuation	h_0_(23)[P0^2*P2]	277	0	0	0	3	(1,1) tensor Sym^3(1/2,1/2)	0	3	proven minimal raw chain	minimal master-action rule	B_lin h_0	1	1	retained by p_gf	exact
3	278	minimal	trace-free metric fluctuation	h_0_(23)[P0^2*P1]	278	0	0	0	3	(1,1) tensor Sym^3(1/2,1/2)	0	3	proven minimal raw chain	minimal master-action rule	B_lin h_0	0	0	retained by p_gf	exact
3	279	minimal	trace-free metric fluctuation	h_0_(23)[P0^3]	279	0	0	0	3	(1,1) tensor Sym^3(1/2,1/2)	0	3	proven minimal raw chain	minimal master-action rule	B_lin h_0	0	0	retained by p_gf	exact
3	280	minimal	trace-free metric fluctuation	h_0_(00)-(33)[P3^3]	280	0	0	0	3	(1,1) tensor Sym^3(1/2,1/2)	0	3	proven minimal raw chain	minimal master-action rule	B_lin h_0	1	1	retained by p_gf	exact
3	281	minimal	trace-free metric fluctuation	h_0_(00)-(33)[P2*P3^2]	281	0	0	0	3	(1,1) tensor Sym^3(1/2,1/2)	0	3	proven minimal raw chain	minimal master-action rule	B_lin h_0	1	1	retained by p_gf	exact
3	282	minimal	trace-free metric fluctuation	h_0_(00)-(33)[P2^2*P3]	282	0	0	0	3	(1,1) tensor Sym^3(1/2,1/2)	0	3	proven minimal raw chain	minimal master-action rule	B_lin h_0	1	1	retained by p_gf	exact
3	283	minimal	trace-free metric fluctuation	h_0_(00)-(33)[P2^3]	283	0	0	0	3	(1,1) tensor Sym^3(1/2,1/2)	0	3	proven minimal raw chain	minimal master-action rule	B_lin h_0	0	0	retained by p_gf	exact
3	284	minimal	trace-free metric fluctuation	h_0_(00)-(33)[P1*P3^2]	284	0	0	0	3	(1,1) tensor Sym^3(1/2,1/2)	0	3	proven minimal raw chain	minimal master-action rule	B_lin h_0	1	1	retained by p_gf	exact
3	285	minimal	trace-free metric fluctuation	h_0_(00)-(33)[P1*P2*P3]	285	0	0	0	3	(1,1) tensor Sym^3(1/2,1/2)	0	3	proven minimal raw chain	minimal master-action rule	B_lin h_0	1	1	retained by p_gf	exact
3	286	minimal	trace-free metric fluctuation	h_0_(00)-(33)[P1*P2^2]	286	0	0	0	3	(1,1) tensor Sym^3(1/2,1/2)	0	3	proven minimal raw chain	minimal master-action rule	B_lin h_0	0	0	retained by p_gf	exact
3	287	minimal	trace-free metric fluctuation	h_0_(00)-(33)[P1^2*P3]	287	0	0	0	3	(1,1) tensor Sym^3(1/2,1/2)	0	3	proven minimal raw chain	minimal master-action rule	B_lin h_0	1	1	retained by p_gf	exact
3	288	minimal	trace-free metric fluctuation	h_0_(00)-(33)[P1^2*P2]	288	0	0	0	3	(1,1) tensor Sym^3(1/2,1/2)	0	3	proven minimal raw chain	minimal master-action rule	B_lin h_0	0	0	retained by p_gf	exact
3	289	minimal	trace-free metric fluctuation	h_0_(00)-(33)[P1^3]	289	0	0	0	3	(1,1) tensor Sym^3(1/2,1/2)	0	3	proven minimal raw chain	minimal master-action rule	B_lin h_0	0	0	retained by p_gf	exact
3	290	minimal	trace-free metric fluctuation	h_0_(00)-(33)[P0*P3^2]	290	0	0	0	3	(1,1) tensor Sym^3(1/2,1/2)	0	3	proven minimal raw chain	minimal master-action rule	B_lin h_0	2	2	retained by p_gf	exact
3	291	minimal	trace-free metric fluctuation	h_0_(00)-(33)[P0*P2*P3]	291	0	0	0	3	(1,1) tensor Sym^3(1/2,1/2)	0	3	proven minimal raw chain	minimal master-action rule	B_lin h_0	2	2	retained by p_gf	exact
3	292	minimal	trace-free metric fluctuation	h_0_(00)-(33)[P0*P2^2]	292	0	0	0	3	(1,1) tensor Sym^3(1/2,1/2)	0	3	proven minimal raw chain	minimal master-action rule	B_lin h_0	1	1	retained by p_gf	exact
3	293	minimal	trace-free metric fluctuation	h_0_(00)-(33)[P0*P1*P3]	293	0	0	0	3	(1,1) tensor Sym^3(1/2,1/2)	0	3	proven minimal raw chain	minimal master-action rule	B_lin h_0	2	2	retained by p_gf	exact
3	294	minimal	trace-free metric fluctuation	h_0_(00)-(33)[P0*P1*P2]	294	0	0	0	3	(1,1) tensor Sym^3(1/2,1/2)	0	3	proven minimal raw chain	minimal master-action rule	B_lin h_0	1	1	retained by p_gf	exact
3	295	minimal	trace-free metric fluctuation	h_0_(00)-(33)[P0*P1^2]	295	0	0	0	3	(1,1) tensor Sym^3(1/2,1/2)	0	3	proven minimal raw chain	minimal master-action rule	B_lin h_0	1	1	retained by p_gf	exact
3	296	minimal	trace-free metric fluctuation	h_0_(00)-(33)[P0^2*P3]	296	0	0	0	3	(1,1) tensor Sym^3(1/2,1/2)	0	3	proven minimal raw chain	minimal master-action rule	B_lin h_0	2	2	retained by p_gf	exact
3	297	minimal	trace-free metric fluctuation	h_0_(00)-(33)[P0^2*P2]	297	0	0	0	3	(1,1) tensor Sym^3(1/2,1/2)	0	3	proven minimal raw chain	minimal master-action rule	B_lin h_0	1	1	retained by p_gf	exact
3	298	minimal	trace-free metric fluctuation	h_0_(00)-(33)[P0^2*P1]	298	0	0	0	3	(1,1) tensor Sym^3(1/2,1/2)	0	3	proven minimal raw chain	minimal master-action rule	B_lin h_0	1	1	retained by p_gf	exact
3	299	minimal	trace-free metric fluctuation	h_0_(00)-(33)[P0^3]	299	0	0	0	3	(1,1) tensor Sym^3(1/2,1/2)	0	3	proven minimal raw chain	minimal master-action rule	B_lin h_0	1	1	retained by p_gf	exact
3	300	minimal	trace-free metric fluctuation	h_0_(11)-(33)[P3^3]	300	0	0	0	3	(1,1) tensor Sym^3(1/2,1/2)	0	3	proven minimal raw chain	minimal master-action rule	B_lin h_0	1	1	retained by p_gf	exact
3	301	minimal	trace-free metric fluctuation	h_0_(11)-(33)[P2*P3^2]	301	0	0	0	3	(1,1) tensor Sym^3(1/2,1/2)	0	3	proven minimal raw chain	minimal master-action rule	B_lin h_0	1	1	retained by p_gf	exact
3	302	minimal	trace-free metric fluctuation	h_0_(11)-(33)[P2^2*P3]	302	0	0	0	3	(1,1) tensor Sym^3(1/2,1/2)	0	3	proven minimal raw chain	minimal master-action rule	B_lin h_0	1	1	retained by p_gf	exact
3	303	minimal	trace-free metric fluctuation	h_0_(11)-(33)[P2^3]	303	0	0	0	3	(1,1) tensor Sym^3(1/2,1/2)	0	3	proven minimal raw chain	minimal master-action rule	B_lin h_0	0	0	retained by p_gf	exact
3	304	minimal	trace-free metric fluctuation	h_0_(11)-(33)[P1*P3^2]	304	0	0	0	3	(1,1) tensor Sym^3(1/2,1/2)	0	3	proven minimal raw chain	minimal master-action rule	B_lin h_0	2	2	retained by p_gf	exact
3	305	minimal	trace-free metric fluctuation	h_0_(11)-(33)[P1*P2*P3]	305	0	0	0	3	(1,1) tensor Sym^3(1/2,1/2)	0	3	proven minimal raw chain	minimal master-action rule	B_lin h_0	2	2	retained by p_gf	exact
3	306	minimal	trace-free metric fluctuation	h_0_(11)-(33)[P1*P2^2]	306	0	0	0	3	(1,1) tensor Sym^3(1/2,1/2)	0	3	proven minimal raw chain	minimal master-action rule	B_lin h_0	1	1	retained by p_gf	exact
3	307	minimal	trace-free metric fluctuation	h_0_(11)-(33)[P1^2*P3]	307	0	0	0	3	(1,1) tensor Sym^3(1/2,1/2)	0	3	proven minimal raw chain	minimal master-action rule	B_lin h_0	2	2	retained by p_gf	exact
3	308	minimal	trace-free metric fluctuation	h_0_(11)-(33)[P1^2*P2]	308	0	0	0	3	(1,1) tensor Sym^3(1/2,1/2)	0	3	proven minimal raw chain	minimal master-action rule	B_lin h_0	1	1	retained by p_gf	exact
3	309	minimal	trace-free metric fluctuation	h_0_(11)-(33)[P1^3]	309	0	0	0	3	(1,1) tensor Sym^3(1/2,1/2)	0	3	proven minimal raw chain	minimal master-action rule	B_lin h_0	1	1	retained by p_gf	exact
3	310	minimal	trace-free metric fluctuation	h_0_(11)-(33)[P0*P3^2]	310	0	0	0	3	(1,1) tensor Sym^3(1/2,1/2)	0	3	proven minimal raw chain	minimal master-action rule	B_lin h_0	1	1	retained by p_gf	exact
3	311	minimal	trace-free metric fluctuation	h_0_(11)-(33)[P0*P2*P3]	311	0	0	0	3	(1,1) tensor Sym^3(1/2,1/2)	0	3	proven minimal raw chain	minimal master-action rule	B_lin h_0	1	1	retained by p_gf	exact
3	312	minimal	trace-free metric fluctuation	h_0_(11)-(33)[P0*P2^2]	312	0	0	0	3	(1,1) tensor Sym^3(1/2,1/2)	0	3	proven minimal raw chain	minimal master-action rule	B_lin h_0	0	0	retained by p_gf	exact
3	313	minimal	trace-free metric fluctuation	h_0_(11)-(33)[P0*P1*P3]	313	0	0	0	3	(1,1) tensor Sym^3(1/2,1/2)	0	3	proven minimal raw chain	minimal master-action rule	B_lin h_0	2	2	retained by p_gf	exact
3	314	minimal	trace-free metric fluctuation	h_0_(11)-(33)[P0*P1*P2]	314	0	0	0	3	(1,1) tensor Sym^3(1/2,1/2)	0	3	proven minimal raw chain	minimal master-action rule	B_lin h_0	1	1	retained by p_gf	exact
3	315	minimal	trace-free metric fluctuation	h_0_(11)-(33)[P0*P1^2]	315	0	0	0	3	(1,1) tensor Sym^3(1/2,1/2)	0	3	proven minimal raw chain	minimal master-action rule	B_lin h_0	1	1	retained by p_gf	exact
3	316	minimal	trace-free metric fluctuation	h_0_(11)-(33)[P0^2*P3]	316	0	0	0	3	(1,1) tensor Sym^3(1/2,1/2)	0	3	proven minimal raw chain	minimal master-action rule	B_lin h_0	1	1	retained by p_gf	exact
3	317	minimal	trace-free metric fluctuation	h_0_(11)-(33)[P0^2*P2]	317	0	0	0	3	(1,1) tensor Sym^3(1/2,1/2)	0	3	proven minimal raw chain	minimal master-action rule	B_lin h_0	0	0	retained by p_gf	exact
3	318	minimal	trace-free metric fluctuation	h_0_(11)-(33)[P0^2*P1]	318	0	0	0	3	(1,1) tensor Sym^3(1/2,1/2)	0	3	proven minimal raw chain	minimal master-action rule	B_lin h_0	1	1	retained by p_gf	exact
3	319	minimal	trace-free metric fluctuation	h_0_(11)-(33)[P0^3]	319	0	0	0	3	(1,1) tensor Sym^3(1/2,1/2)	0	3	proven minimal raw chain	minimal master-action rule	B_lin h_0	0	0	retained by p_gf	exact
3	320	minimal	trace-free metric fluctuation	h_0_(22)-(33)[P3^3]	320	0	0	0	3	(1,1) tensor Sym^3(1/2,1/2)	0	3	proven minimal raw chain	minimal master-action rule	B_lin h_0	1	1	retained by p_gf	exact
3	321	minimal	trace-free metric fluctuation	h_0_(22)-(33)[P2*P3^2]	321	0	0	0	3	(1,1) tensor Sym^3(1/2,1/2)	0	3	proven minimal raw chain	minimal master-action rule	B_lin h_0	2	2	retained by p_gf	exact
3	322	minimal	trace-free metric fluctuation	h_0_(22)-(33)[P2^2*P3]	322	0	0	0	3	(1,1) tensor Sym^3(1/2,1/2)	0	3	proven minimal raw chain	minimal master-action rule	B_lin h_0	2	2	retained by p_gf	exact
3	323	minimal	trace-free metric fluctuation	h_0_(22)-(33)[P2^3]	323	0	0	0	3	(1,1) tensor Sym^3(1/2,1/2)	0	3	proven minimal raw chain	minimal master-action rule	B_lin h_0	1	1	retained by p_gf	exact
3	324	minimal	trace-free metric fluctuation	h_0_(22)-(33)[P1*P3^2]	324	0	0	0	3	(1,1) tensor Sym^3(1/2,1/2)	0	3	proven minimal raw chain	minimal master-action rule	B_lin h_0	1	1	retained by p_gf	exact
3	325	minimal	trace-free metric fluctuation	h_0_(22)-(33)[P1*P2*P3]	325	0	0	0	3	(1,1) tensor Sym^3(1/2,1/2)	0	3	proven minimal raw chain	minimal master-action rule	B_lin h_0	2	2	retained by p_gf	exact
3	326	minimal	trace-free metric fluctuation	h_0_(22)-(33)[P1*P2^2]	326	0	0	0	3	(1,1) tensor Sym^3(1/2,1/2)	0	3	proven minimal raw chain	minimal master-action rule	B_lin h_0	1	1	retained by p_gf	exact
3	327	minimal	trace-free metric fluctuation	h_0_(22)-(33)[P1^2*P3]	327	0	0	0	3	(1,1) tensor Sym^3(1/2,1/2)	0	3	proven minimal raw chain	minimal master-action rule	B_lin h_0	1	1	retained by p_gf	exact
3	328	minimal	trace-free metric fluctuation	h_0_(22)-(33)[P1^2*P2]	328	0	0	0	3	(1,1) tensor Sym^3(1/2,1/2)	0	3	proven minimal raw chain	minimal master-action rule	B_lin h_0	1	1	retained by p_gf	exact
3	329	minimal	trace-free metric fluctuation	h_0_(22)-(33)[P1^3]	329	0	0	0	3	(1,1) tensor Sym^3(1/2,1/2)	0	3	proven minimal raw chain	minimal master-action rule	B_lin h_0	0	0	retained by p_gf	exact
3	330	minimal	trace-free metric fluctuation	h_0_(22)-(33)[P0*P3^2]	330	0	0	0	3	(1,1) tensor Sym^3(1/2,1/2)	0	3	proven minimal raw chain	minimal master-action rule	B_lin h_0	1	1	retained by p_gf	exact
3	331	minimal	trace-free metric fluctuation	h_0_(22)-(33)[P0*P2*P3]	331	0	0	0	3	(1,1) tensor Sym^3(1/2,1/2)	0	3	proven minimal raw chain	minimal master-action rule	B_lin h_0	2	2	retained by p_gf	exact
3	332	minimal	trace-free metric fluctuation	h_0_(22)-(33)[P0*P2^2]	332	0	0	0	3	(1,1) tensor Sym^3(1/2,1/2)	0	3	proven minimal raw chain	minimal master-action rule	B_lin h_0	1	1	retained by p_gf	exact
3	333	minimal	trace-free metric fluctuation	h_0_(22)-(33)[P0*P1*P3]	333	0	0	0	3	(1,1) tensor Sym^3(1/2,1/2)	0	3	proven minimal raw chain	minimal master-action rule	B_lin h_0	1	1	retained by p_gf	exact
3	334	minimal	trace-free metric fluctuation	h_0_(22)-(33)[P0*P1*P2]	334	0	0	0	3	(1,1) tensor Sym^3(1/2,1/2)	0	3	proven minimal raw chain	minimal master-action rule	B_lin h_0	1	1	retained by p_gf	exact
3	335	minimal	trace-free metric fluctuation	h_0_(22)-(33)[P0*P1^2]	335	0	0	0	3	(1,1) tensor Sym^3(1/2,1/2)	0	3	proven minimal raw chain	minimal master-action rule	B_lin h_0	0	0	retained by p_gf	exact
3	336	minimal	trace-free metric fluctuation	h_0_(22)-(33)[P0^2*P3]	336	0	0	0	3	(1,1) tensor Sym^3(1/2,1/2)	0	3	proven minimal raw chain	minimal master-action rule	B_lin h_0	1	1	retained by p_gf	exact
3	337	minimal	trace-free metric fluctuation	h_0_(22)-(33)[P0^2*P2]	337	0	0	0	3	(1,1) tensor Sym^3(1/2,1/2)	0	3	proven minimal raw chain	minimal master-action rule	B_lin h_0	1	1	retained by p_gf	exact
3	338	minimal	trace-free metric fluctuation	h_0_(22)-(33)[P0^2*P1]	338	0	0	0	3	(1,1) tensor Sym^3(1/2,1/2)	0	3	proven minimal raw chain	minimal master-action rule	B_lin h_0	0	0	retained by p_gf	exact
3	339	minimal	trace-free metric fluctuation	h_0_(22)-(33)[P0^3]	339	0	0	0	3	(1,1) tensor Sym^3(1/2,1/2)	0	3	proven minimal raw chain	minimal master-action rule	B_lin h_0	0	0	retained by p_gf	exact
3	340	minimal	metric trace	tau[P3^3]	340	0	0	0	3	(0,0) tensor Sym^3(1/2,1/2)	0	3	proven minimal raw chain	minimal master-action rule	0	1	1	retained by p_gf	exact
3	341	minimal	metric trace	tau[P2*P3^2]	341	0	0	0	3	(0,0) tensor Sym^3(1/2,1/2)	0	3	proven minimal raw chain	minimal master-action rule	0	1	1	retained by p_gf	exact
3	342	minimal	metric trace	tau[P2^2*P3]	342	0	0	0	3	(0,0) tensor Sym^3(1/2,1/2)	0	3	proven minimal raw chain	minimal master-action rule	0	1	1	retained by p_gf	exact
3	343	minimal	metric trace	tau[P2^3]	343	0	0	0	3	(0,0) tensor Sym^3(1/2,1/2)	0	3	proven minimal raw chain	minimal master-action rule	0	1	1	retained by p_gf	exact
3	344	minimal	metric trace	tau[P1*P3^2]	344	0	0	0	3	(0,0) tensor Sym^3(1/2,1/2)	0	3	proven minimal raw chain	minimal master-action rule	0	1	1	retained by p_gf	exact
3	345	minimal	metric trace	tau[P1*P2*P3]	345	0	0	0	3	(0,0) tensor Sym^3(1/2,1/2)	0	3	proven minimal raw chain	minimal master-action rule	0	1	1	retained by p_gf	exact
3	346	minimal	metric trace	tau[P1*P2^2]	346	0	0	0	3	(0,0) tensor Sym^3(1/2,1/2)	0	3	proven minimal raw chain	minimal master-action rule	0	1	1	retained by p_gf	exact
3	347	minimal	metric trace	tau[P1^2*P3]	347	0	0	0	3	(0,0) tensor Sym^3(1/2,1/2)	0	3	proven minimal raw chain	minimal master-action rule	0	1	1	retained by p_gf	exact
3	348	minimal	metric trace	tau[P1^2*P2]	348	0	0	0	3	(0,0) tensor Sym^3(1/2,1/2)	0	3	proven minimal raw chain	minimal master-action rule	0	1	1	retained by p_gf	exact
3	349	minimal	metric trace	tau[P1^3]	349	0	0	0	3	(0,0) tensor Sym^3(1/2,1/2)	0	3	proven minimal raw chain	minimal master-action rule	0	1	1	retained by p_gf	exact
3	350	minimal	metric trace	tau[P0*P3^2]	350	0	0	0	3	(0,0) tensor Sym^3(1/2,1/2)	0	3	proven minimal raw chain	minimal master-action rule	0	1	1	retained by p_gf	exact
3	351	minimal	metric trace	tau[P0*P2*P3]	351	0	0	0	3	(0,0) tensor Sym^3(1/2,1/2)	0	3	proven minimal raw chain	minimal master-action rule	0	1	1	retained by p_gf	exact
3	352	minimal	metric trace	tau[P0*P2^2]	352	0	0	0	3	(0,0) tensor Sym^3(1/2,1/2)	0	3	proven minimal raw chain	minimal master-action rule	0	1	1	retained by p_gf	exact
3	353	minimal	metric trace	tau[P0*P1*P3]	353	0	0	0	3	(0,0) tensor Sym^3(1/2,1/2)	0	3	proven minimal raw chain	minimal master-action rule	0	1	1	retained by p_gf	exact
3	354	minimal	metric trace	tau[P0*P1*P2]	354	0	0	0	3	(0,0) tensor Sym^3(1/2,1/2)	0	3	proven minimal raw chain	minimal master-action rule	0	1	1	retained by p_gf	exact
3	355	minimal	metric trace	tau[P0*P1^2]	355	0	0	0	3	(0,0) tensor Sym^3(1/2,1/2)	0	3	proven minimal raw chain	minimal master-action rule	0	1	1	retained by p_gf	exact
3	356	minimal	metric trace	tau[P0^2*P3]	356	0	0	0	3	(0,0) tensor Sym^3(1/2,1/2)	0	3	proven minimal raw chain	minimal master-action rule	0	1	1	retained by p_gf	exact
3	357	minimal	metric trace	tau[P0^2*P2]	357	0	0	0	3	(0,0) tensor Sym^3(1/2,1/2)	0	3	proven minimal raw chain	minimal master-action rule	0	1	1	retained by p_gf	exact
3	358	minimal	metric trace	tau[P0^2*P1]	358	0	0	0	3	(0,0) tensor Sym^3(1/2,1/2)	0	3	proven minimal raw chain	minimal master-action rule	0	1	1	retained by p_gf	exact
3	359	minimal	metric trace	tau[P0^3]	359	0	0	0	3	(0,0) tensor Sym^3(1/2,1/2)	0	3	proven minimal raw chain	minimal master-action rule	0	1	1	retained by p_gf	exact
3	360	nonminimal	vector_antighost	vector_antighost[0]	0	-1	0	1	3	vector	3	0	nonminimal doublet	vector_multiplier	0	0	0	explicit tangent homotopy	exact
3	361	nonminimal	vector_antighost	vector_antighost[1]	1	-1	0	1	3	vector	3	0	nonminimal doublet	vector_multiplier	0	0	0	explicit tangent homotopy	exact
3	362	nonminimal	vector_antighost	vector_antighost[2]	2	-1	0	1	3	vector	3	0	nonminimal doublet	vector_multiplier	0	0	0	explicit tangent homotopy	exact
3	363	nonminimal	vector_antighost	vector_antighost[3]	3	-1	0	1	3	vector	3	0	nonminimal doublet	vector_multiplier	0	0	0	explicit tangent homotopy	exact
3	364	nonminimal	vector_multiplier	vector_multiplier[0]	0	0	0	0	3	vector	3	0	nonminimal doublet	0	vector_antighost	1	0	explicit tangent homotopy	exact
3	365	nonminimal	vector_multiplier	vector_multiplier[1]	1	0	0	0	3	vector	3	0	nonminimal doublet	0	vector_antighost	1	0	explicit tangent homotopy	exact
3	366	nonminimal	vector_multiplier	vector_multiplier[2]	2	0	0	0	3	vector	3	0	nonminimal doublet	0	vector_antighost	1	0	explicit tangent homotopy	exact
3	367	nonminimal	vector_multiplier	vector_multiplier[3]	3	0	0	0	3	vector	3	0	nonminimal doublet	0	vector_antighost	1	0	explicit tangent homotopy	exact
3	368	nonminimal	vector_antighost_antifield	vector_antighost_antifield[0]	0	0	1	0	3	covector density	1	2	nonminimal doublet	0	vector_multiplier_antifield	1	0	explicit tangent homotopy	exact
3	369	nonminimal	vector_antighost_antifield	vector_antighost_antifield[1]	1	0	1	0	3	covector density	1	2	nonminimal doublet	0	vector_multiplier_antifield	1	0	explicit tangent homotopy	exact
3	370	nonminimal	vector_antighost_antifield	vector_antighost_antifield[2]	2	0	1	0	3	covector density	1	2	nonminimal doublet	0	vector_multiplier_antifield	1	0	explicit tangent homotopy	exact
3	371	nonminimal	vector_antighost_antifield	vector_antighost_antifield[3]	3	0	1	0	3	covector density	1	2	nonminimal doublet	0	vector_multiplier_antifield	1	0	explicit tangent homotopy	exact
3	372	nonminimal	vector_antighost_antifield	vector_antighost_antifield[4]	4	0	1	0	3	covector density	1	2	nonminimal doublet	0	vector_multiplier_antifield	1	0	explicit tangent homotopy	exact
3	373	nonminimal	vector_antighost_antifield	vector_antighost_antifield[5]	5	0	1	0	3	covector density	1	2	nonminimal doublet	0	vector_multiplier_antifield	1	0	explicit tangent homotopy	exact
3	374	nonminimal	vector_antighost_antifield	vector_antighost_antifield[6]	6	0	1	0	3	covector density	1	2	nonminimal doublet	0	vector_multiplier_antifield	1	0	explicit tangent homotopy	exact
3	375	nonminimal	vector_antighost_antifield	vector_antighost_antifield[7]	7	0	1	0	3	covector density	1	2	nonminimal doublet	0	vector_multiplier_antifield	1	0	explicit tangent homotopy	exact
3	376	nonminimal	vector_antighost_antifield	vector_antighost_antifield[8]	8	0	1	0	3	covector density	1	2	nonminimal doublet	0	vector_multiplier_antifield	1	0	explicit tangent homotopy	exact
3	377	nonminimal	vector_antighost_antifield	vector_antighost_antifield[9]	9	0	1	0	3	covector density	1	2	nonminimal doublet	0	vector_multiplier_antifield	1	0	explicit tangent homotopy	exact
3	378	nonminimal	vector_antighost_antifield	vector_antighost_antifield[10]	10	0	1	0	3	covector density	1	2	nonminimal doublet	0	vector_multiplier_antifield	1	0	explicit tangent homotopy	exact
3	379	nonminimal	vector_antighost_antifield	vector_antighost_antifield[11]	11	0	1	0	3	covector density	1	2	nonminimal doublet	0	vector_multiplier_antifield	1	0	explicit tangent homotopy	exact
3	380	nonminimal	vector_antighost_antifield	vector_antighost_antifield[12]	12	0	1	0	3	covector density	1	2	nonminimal doublet	0	vector_multiplier_antifield	1	0	explicit tangent homotopy	exact
3	381	nonminimal	vector_antighost_antifield	vector_antighost_antifield[13]	13	0	1	0	3	covector density	1	2	nonminimal doublet	0	vector_multiplier_antifield	1	0	explicit tangent homotopy	exact
3	382	nonminimal	vector_antighost_antifield	vector_antighost_antifield[14]	14	0	1	0	3	covector density	1	2	nonminimal doublet	0	vector_multiplier_antifield	1	0	explicit tangent homotopy	exact
3	383	nonminimal	vector_antighost_antifield	vector_antighost_antifield[15]	15	0	1	0	3	covector density	1	2	nonminimal doublet	0	vector_multiplier_antifield	1	0	explicit tangent homotopy	exact
3	384	nonminimal	vector_antighost_antifield	vector_antighost_antifield[16]	16	0	1	0	3	covector density	1	2	nonminimal doublet	0	vector_multiplier_antifield	1	0	explicit tangent homotopy	exact
3	385	nonminimal	vector_antighost_antifield	vector_antighost_antifield[17]	17	0	1	0	3	covector density	1	2	nonminimal doublet	0	vector_multiplier_antifield	1	0	explicit tangent homotopy	exact
3	386	nonminimal	vector_antighost_antifield	vector_antighost_antifield[18]	18	0	1	0	3	covector density	1	2	nonminimal doublet	0	vector_multiplier_antifield	1	0	explicit tangent homotopy	exact
3	387	nonminimal	vector_antighost_antifield	vector_antighost_antifield[19]	19	0	1	0	3	covector density	1	2	nonminimal doublet	0	vector_multiplier_antifield	1	0	explicit tangent homotopy	exact
3	388	nonminimal	vector_antighost_antifield	vector_antighost_antifield[20]	20	0	1	0	3	covector density	1	2	nonminimal doublet	0	vector_multiplier_antifield	1	0	explicit tangent homotopy	exact
3	389	nonminimal	vector_antighost_antifield	vector_antighost_antifield[21]	21	0	1	0	3	covector density	1	2	nonminimal doublet	0	vector_multiplier_antifield	1	0	explicit tangent homotopy	exact
3	390	nonminimal	vector_antighost_antifield	vector_antighost_antifield[22]	22	0	1	0	3	covector density	1	2	nonminimal doublet	0	vector_multiplier_antifield	1	0	explicit tangent homotopy	exact
3	391	nonminimal	vector_antighost_antifield	vector_antighost_antifield[23]	23	0	1	0	3	covector density	1	2	nonminimal doublet	0	vector_multiplier_antifield	1	0	explicit tangent homotopy	exact
3	392	nonminimal	vector_antighost_antifield	vector_antighost_antifield[24]	24	0	1	0	3	covector density	1	2	nonminimal doublet	0	vector_multiplier_antifield	1	0	explicit tangent homotopy	exact
3	393	nonminimal	vector_antighost_antifield	vector_antighost_antifield[25]	25	0	1	0	3	covector density	1	2	nonminimal doublet	0	vector_multiplier_antifield	1	0	explicit tangent homotopy	exact
3	394	nonminimal	vector_antighost_antifield	vector_antighost_antifield[26]	26	0	1	0	3	covector density	1	2	nonminimal doublet	0	vector_multiplier_antifield	1	0	explicit tangent homotopy	exact
3	395	nonminimal	vector_antighost_antifield	vector_antighost_antifield[27]	27	0	1	0	3	covector density	1	2	nonminimal doublet	0	vector_multiplier_antifield	1	0	explicit tangent homotopy	exact
3	396	nonminimal	vector_antighost_antifield	vector_antighost_antifield[28]	28	0	1	0	3	covector density	1	2	nonminimal doublet	0	vector_multiplier_antifield	1	0	explicit tangent homotopy	exact
3	397	nonminimal	vector_antighost_antifield	vector_antighost_antifield[29]	29	0	1	0	3	covector density	1	2	nonminimal doublet	0	vector_multiplier_antifield	1	0	explicit tangent homotopy	exact
3	398	nonminimal	vector_antighost_antifield	vector_antighost_antifield[30]	30	0	1	0	3	covector density	1	2	nonminimal doublet	0	vector_multiplier_antifield	1	0	explicit tangent homotopy	exact
3	399	nonminimal	vector_antighost_antifield	vector_antighost_antifield[31]	31	0	1	0	3	covector density	1	2	nonminimal doublet	0	vector_multiplier_antifield	1	0	explicit tangent homotopy	exact
3	400	nonminimal	vector_antighost_antifield	vector_antighost_antifield[32]	32	0	1	0	3	covector density	1	2	nonminimal doublet	0	vector_multiplier_antifield	1	0	explicit tangent homotopy	exact
3	401	nonminimal	vector_antighost_antifield	vector_antighost_antifield[33]	33	0	1	0	3	covector density	1	2	nonminimal doublet	0	vector_multiplier_antifield	1	0	explicit tangent homotopy	exact
3	402	nonminimal	vector_antighost_antifield	vector_antighost_antifield[34]	34	0	1	0	3	covector density	1	2	nonminimal doublet	0	vector_multiplier_antifield	1	0	explicit tangent homotopy	exact
3	403	nonminimal	vector_antighost_antifield	vector_antighost_antifield[35]	35	0	1	0	3	covector density	1	2	nonminimal doublet	0	vector_multiplier_antifield	1	0	explicit tangent homotopy	exact
3	404	nonminimal	vector_antighost_antifield	vector_antighost_antifield[36]	36	0	1	0	3	covector density	1	2	nonminimal doublet	0	vector_multiplier_antifield	1	0	explicit tangent homotopy	exact
3	405	nonminimal	vector_antighost_antifield	vector_antighost_antifield[37]	37	0	1	0	3	covector density	1	2	nonminimal doublet	0	vector_multiplier_antifield	1	0	explicit tangent homotopy	exact
3	406	nonminimal	vector_antighost_antifield	vector_antighost_antifield[38]	38	0	1	0	3	covector density	1	2	nonminimal doublet	0	vector_multiplier_antifield	1	0	explicit tangent homotopy	exact
3	407	nonminimal	vector_antighost_antifield	vector_antighost_antifield[39]	39	0	1	0	3	covector density	1	2	nonminimal doublet	0	vector_multiplier_antifield	1	0	explicit tangent homotopy	exact
3	408	nonminimal	vector_multiplier_antifield	vector_multiplier_antifield[0]	0	-1	1	1	3	covector density	1	2	nonminimal doublet	vector_antighost_antifield	0	0	0	explicit tangent homotopy	exact
3	409	nonminimal	vector_multiplier_antifield	vector_multiplier_antifield[1]	1	-1	1	1	3	covector density	1	2	nonminimal doublet	vector_antighost_antifield	0	0	0	explicit tangent homotopy	exact
3	410	nonminimal	vector_multiplier_antifield	vector_multiplier_antifield[2]	2	-1	1	1	3	covector density	1	2	nonminimal doublet	vector_antighost_antifield	0	0	0	explicit tangent homotopy	exact
3	411	nonminimal	vector_multiplier_antifield	vector_multiplier_antifield[3]	3	-1	1	1	3	covector density	1	2	nonminimal doublet	vector_antighost_antifield	0	0	0	explicit tangent homotopy	exact
3	412	nonminimal	vector_multiplier_antifield	vector_multiplier_antifield[4]	4	-1	1	1	3	covector density	1	2	nonminimal doublet	vector_antighost_antifield	0	0	0	explicit tangent homotopy	exact
3	413	nonminimal	vector_multiplier_antifield	vector_multiplier_antifield[5]	5	-1	1	1	3	covector density	1	2	nonminimal doublet	vector_antighost_antifield	0	0	0	explicit tangent homotopy	exact
3	414	nonminimal	vector_multiplier_antifield	vector_multiplier_antifield[6]	6	-1	1	1	3	covector density	1	2	nonminimal doublet	vector_antighost_antifield	0	0	0	explicit tangent homotopy	exact
3	415	nonminimal	vector_multiplier_antifield	vector_multiplier_antifield[7]	7	-1	1	1	3	covector density	1	2	nonminimal doublet	vector_antighost_antifield	0	0	0	explicit tangent homotopy	exact
3	416	nonminimal	vector_multiplier_antifield	vector_multiplier_antifield[8]	8	-1	1	1	3	covector density	1	2	nonminimal doublet	vector_antighost_antifield	0	0	0	explicit tangent homotopy	exact
3	417	nonminimal	vector_multiplier_antifield	vector_multiplier_antifield[9]	9	-1	1	1	3	covector density	1	2	nonminimal doublet	vector_antighost_antifield	0	0	0	explicit tangent homotopy	exact
3	418	nonminimal	vector_multiplier_antifield	vector_multiplier_antifield[10]	10	-1	1	1	3	covector density	1	2	nonminimal doublet	vector_antighost_antifield	0	0	0	explicit tangent homotopy	exact
3	419	nonminimal	vector_multiplier_antifield	vector_multiplier_antifield[11]	11	-1	1	1	3	covector density	1	2	nonminimal doublet	vector_antighost_antifield	0	0	0	explicit tangent homotopy	exact
3	420	nonminimal	vector_multiplier_antifield	vector_multiplier_antifield[12]	12	-1	1	1	3	covector density	1	2	nonminimal doublet	vector_antighost_antifield	0	0	0	explicit tangent homotopy	exact
3	421	nonminimal	vector_multiplier_antifield	vector_multiplier_antifield[13]	13	-1	1	1	3	covector density	1	2	nonminimal doublet	vector_antighost_antifield	0	0	0	explicit tangent homotopy	exact
3	422	nonminimal	vector_multiplier_antifield	vector_multiplier_antifield[14]	14	-1	1	1	3	covector density	1	2	nonminimal doublet	vector_antighost_antifield	0	0	0	explicit tangent homotopy	exact
3	423	nonminimal	vector_multiplier_antifield	vector_multiplier_antifield[15]	15	-1	1	1	3	covector density	1	2	nonminimal doublet	vector_antighost_antifield	0	0	0	explicit tangent homotopy	exact
3	424	nonminimal	vector_multiplier_antifield	vector_multiplier_antifield[16]	16	-1	1	1	3	covector density	1	2	nonminimal doublet	vector_antighost_antifield	0	0	0	explicit tangent homotopy	exact
3	425	nonminimal	vector_multiplier_antifield	vector_multiplier_antifield[17]	17	-1	1	1	3	covector density	1	2	nonminimal doublet	vector_antighost_antifield	0	0	0	explicit tangent homotopy	exact
3	426	nonminimal	vector_multiplier_antifield	vector_multiplier_antifield[18]	18	-1	1	1	3	covector density	1	2	nonminimal doublet	vector_antighost_antifield	0	0	0	explicit tangent homotopy	exact
3	427	nonminimal	vector_multiplier_antifield	vector_multiplier_antifield[19]	19	-1	1	1	3	covector density	1	2	nonminimal doublet	vector_antighost_antifield	0	0	0	explicit tangent homotopy	exact
3	428	nonminimal	vector_multiplier_antifield	vector_multiplier_antifield[20]	20	-1	1	1	3	covector density	1	2	nonminimal doublet	vector_antighost_antifield	0	0	0	explicit tangent homotopy	exact
3	429	nonminimal	vector_multiplier_antifield	vector_multiplier_antifield[21]	21	-1	1	1	3	covector density	1	2	nonminimal doublet	vector_antighost_antifield	0	0	0	explicit tangent homotopy	exact
3	430	nonminimal	vector_multiplier_antifield	vector_multiplier_antifield[22]	22	-1	1	1	3	covector density	1	2	nonminimal doublet	vector_antighost_antifield	0	0	0	explicit tangent homotopy	exact
3	431	nonminimal	vector_multiplier_antifield	vector_multiplier_antifield[23]	23	-1	1	1	3	covector density	1	2	nonminimal doublet	vector_antighost_antifield	0	0	0	explicit tangent homotopy	exact
3	432	nonminimal	vector_multiplier_antifield	vector_multiplier_antifield[24]	24	-1	1	1	3	covector density	1	2	nonminimal doublet	vector_antighost_antifield	0	0	0	explicit tangent homotopy	exact
3	433	nonminimal	vector_multiplier_antifield	vector_multiplier_antifield[25]	25	-1	1	1	3	covector density	1	2	nonminimal doublet	vector_antighost_antifield	0	0	0	explicit tangent homotopy	exact
3	434	nonminimal	vector_multiplier_antifield	vector_multiplier_antifield[26]	26	-1	1	1	3	covector density	1	2	nonminimal doublet	vector_antighost_antifield	0	0	0	explicit tangent homotopy	exact
3	435	nonminimal	vector_multiplier_antifield	vector_multiplier_antifield[27]	27	-1	1	1	3	covector density	1	2	nonminimal doublet	vector_antighost_antifield	0	0	0	explicit tangent homotopy	exact
3	436	nonminimal	vector_multiplier_antifield	vector_multiplier_antifield[28]	28	-1	1	1	3	covector density	1	2	nonminimal doublet	vector_antighost_antifield	0	0	0	explicit tangent homotopy	exact
3	437	nonminimal	vector_multiplier_antifield	vector_multiplier_antifield[29]	29	-1	1	1	3	covector density	1	2	nonminimal doublet	vector_antighost_antifield	0	0	0	explicit tangent homotopy	exact
3	438	nonminimal	vector_multiplier_antifield	vector_multiplier_antifield[30]	30	-1	1	1	3	covector density	1	2	nonminimal doublet	vector_antighost_antifield	0	0	0	explicit tangent homotopy	exact
3	439	nonminimal	vector_multiplier_antifield	vector_multiplier_antifield[31]	31	-1	1	1	3	covector density	1	2	nonminimal doublet	vector_antighost_antifield	0	0	0	explicit tangent homotopy	exact
3	440	nonminimal	vector_multiplier_antifield	vector_multiplier_antifield[32]	32	-1	1	1	3	covector density	1	2	nonminimal doublet	vector_antighost_antifield	0	0	0	explicit tangent homotopy	exact
3	441	nonminimal	vector_multiplier_antifield	vector_multiplier_antifield[33]	33	-1	1	1	3	covector density	1	2	nonminimal doublet	vector_antighost_antifield	0	0	0	explicit tangent homotopy	exact
3	442	nonminimal	vector_multiplier_antifield	vector_multiplier_antifield[34]	34	-1	1	1	3	covector density	1	2	nonminimal doublet	vector_antighost_antifield	0	0	0	explicit tangent homotopy	exact
3	443	nonminimal	vector_multiplier_antifield	vector_multiplier_antifield[35]	35	-1	1	1	3	covector density	1	2	nonminimal doublet	vector_antighost_antifield	0	0	0	explicit tangent homotopy	exact
3	444	nonminimal	vector_multiplier_antifield	vector_multiplier_antifield[36]	36	-1	1	1	3	covector density	1	2	nonminimal doublet	vector_antighost_antifield	0	0	0	explicit tangent homotopy	exact
3	445	nonminimal	vector_multiplier_antifield	vector_multiplier_antifield[37]	37	-1	1	1	3	covector density	1	2	nonminimal doublet	vector_antighost_antifield	0	0	0	explicit tangent homotopy	exact
3	446	nonminimal	vector_multiplier_antifield	vector_multiplier_antifield[38]	38	-1	1	1	3	covector density	1	2	nonminimal doublet	vector_antighost_antifield	0	0	0	explicit tangent homotopy	exact
3	447	nonminimal	vector_multiplier_antifield	vector_multiplier_antifield[39]	39	-1	1	1	3	covector density	1	2	nonminimal doublet	vector_antighost_antifield	0	0	0	explicit tangent homotopy	exact
3	448	nonminimal	scalar_antighost_antifield	scalar_antighost_antifield[0]	0	0	1	0	3	scalar density	0	3	nonminimal doublet	0	scalar_multiplier_antifield	1	0	explicit tangent homotopy	exact
3	449	nonminimal	scalar_antighost_antifield	scalar_antighost_antifield[1]	1	0	1	0	3	scalar density	0	3	nonminimal doublet	0	scalar_multiplier_antifield	1	0	explicit tangent homotopy	exact
3	450	nonminimal	scalar_antighost_antifield	scalar_antighost_antifield[2]	2	0	1	0	3	scalar density	0	3	nonminimal doublet	0	scalar_multiplier_antifield	1	0	explicit tangent homotopy	exact
3	451	nonminimal	scalar_antighost_antifield	scalar_antighost_antifield[3]	3	0	1	0	3	scalar density	0	3	nonminimal doublet	0	scalar_multiplier_antifield	1	0	explicit tangent homotopy	exact
3	452	nonminimal	scalar_antighost_antifield	scalar_antighost_antifield[4]	4	0	1	0	3	scalar density	0	3	nonminimal doublet	0	scalar_multiplier_antifield	1	0	explicit tangent homotopy	exact
3	453	nonminimal	scalar_antighost_antifield	scalar_antighost_antifield[5]	5	0	1	0	3	scalar density	0	3	nonminimal doublet	0	scalar_multiplier_antifield	1	0	explicit tangent homotopy	exact
3	454	nonminimal	scalar_antighost_antifield	scalar_antighost_antifield[6]	6	0	1	0	3	scalar density	0	3	nonminimal doublet	0	scalar_multiplier_antifield	1	0	explicit tangent homotopy	exact
3	455	nonminimal	scalar_antighost_antifield	scalar_antighost_antifield[7]	7	0	1	0	3	scalar density	0	3	nonminimal doublet	0	scalar_multiplier_antifield	1	0	explicit tangent homotopy	exact
3	456	nonminimal	scalar_antighost_antifield	scalar_antighost_antifield[8]	8	0	1	0	3	scalar density	0	3	nonminimal doublet	0	scalar_multiplier_antifield	1	0	explicit tangent homotopy	exact
3	457	nonminimal	scalar_antighost_antifield	scalar_antighost_antifield[9]	9	0	1	0	3	scalar density	0	3	nonminimal doublet	0	scalar_multiplier_antifield	1	0	explicit tangent homotopy	exact
3	458	nonminimal	scalar_antighost_antifield	scalar_antighost_antifield[10]	10	0	1	0	3	scalar density	0	3	nonminimal doublet	0	scalar_multiplier_antifield	1	0	explicit tangent homotopy	exact
3	459	nonminimal	scalar_antighost_antifield	scalar_antighost_antifield[11]	11	0	1	0	3	scalar density	0	3	nonminimal doublet	0	scalar_multiplier_antifield	1	0	explicit tangent homotopy	exact
3	460	nonminimal	scalar_antighost_antifield	scalar_antighost_antifield[12]	12	0	1	0	3	scalar density	0	3	nonminimal doublet	0	scalar_multiplier_antifield	1	0	explicit tangent homotopy	exact
3	461	nonminimal	scalar_antighost_antifield	scalar_antighost_antifield[13]	13	0	1	0	3	scalar density	0	3	nonminimal doublet	0	scalar_multiplier_antifield	1	0	explicit tangent homotopy	exact
3	462	nonminimal	scalar_antighost_antifield	scalar_antighost_antifield[14]	14	0	1	0	3	scalar density	0	3	nonminimal doublet	0	scalar_multiplier_antifield	1	0	explicit tangent homotopy	exact
3	463	nonminimal	scalar_antighost_antifield	scalar_antighost_antifield[15]	15	0	1	0	3	scalar density	0	3	nonminimal doublet	0	scalar_multiplier_antifield	1	0	explicit tangent homotopy	exact
3	464	nonminimal	scalar_antighost_antifield	scalar_antighost_antifield[16]	16	0	1	0	3	scalar density	0	3	nonminimal doublet	0	scalar_multiplier_antifield	1	0	explicit tangent homotopy	exact
3	465	nonminimal	scalar_antighost_antifield	scalar_antighost_antifield[17]	17	0	1	0	3	scalar density	0	3	nonminimal doublet	0	scalar_multiplier_antifield	1	0	explicit tangent homotopy	exact
3	466	nonminimal	scalar_antighost_antifield	scalar_antighost_antifield[18]	18	0	1	0	3	scalar density	0	3	nonminimal doublet	0	scalar_multiplier_antifield	1	0	explicit tangent homotopy	exact
3	467	nonminimal	scalar_antighost_antifield	scalar_antighost_antifield[19]	19	0	1	0	3	scalar density	0	3	nonminimal doublet	0	scalar_multiplier_antifield	1	0	explicit tangent homotopy	exact
3	468	nonminimal	scalar_multiplier_antifield	scalar_multiplier_antifield[0]	0	-1	1	1	3	scalar density	0	3	nonminimal doublet	scalar_antighost_antifield	0	0	0	explicit tangent homotopy	exact
3	469	nonminimal	scalar_multiplier_antifield	scalar_multiplier_antifield[1]	1	-1	1	1	3	scalar density	0	3	nonminimal doublet	scalar_antighost_antifield	0	0	0	explicit tangent homotopy	exact
3	470	nonminimal	scalar_multiplier_antifield	scalar_multiplier_antifield[2]	2	-1	1	1	3	scalar density	0	3	nonminimal doublet	scalar_antighost_antifield	0	0	0	explicit tangent homotopy	exact
3	471	nonminimal	scalar_multiplier_antifield	scalar_multiplier_antifield[3]	3	-1	1	1	3	scalar density	0	3	nonminimal doublet	scalar_antighost_antifield	0	0	0	explicit tangent homotopy	exact
3	472	nonminimal	scalar_multiplier_antifield	scalar_multiplier_antifield[4]	4	-1	1	1	3	scalar density	0	3	nonminimal doublet	scalar_antighost_antifield	0	0	0	explicit tangent homotopy	exact
3	473	nonminimal	scalar_multiplier_antifield	scalar_multiplier_antifield[5]	5	-1	1	1	3	scalar density	0	3	nonminimal doublet	scalar_antighost_antifield	0	0	0	explicit tangent homotopy	exact
3	474	nonminimal	scalar_multiplier_antifield	scalar_multiplier_antifield[6]	6	-1	1	1	3	scalar density	0	3	nonminimal doublet	scalar_antighost_antifield	0	0	0	explicit tangent homotopy	exact
3	475	nonminimal	scalar_multiplier_antifield	scalar_multiplier_antifield[7]	7	-1	1	1	3	scalar density	0	3	nonminimal doublet	scalar_antighost_antifield	0	0	0	explicit tangent homotopy	exact
3	476	nonminimal	scalar_multiplier_antifield	scalar_multiplier_antifield[8]	8	-1	1	1	3	scalar density	0	3	nonminimal doublet	scalar_antighost_antifield	0	0	0	explicit tangent homotopy	exact
3	477	nonminimal	scalar_multiplier_antifield	scalar_multiplier_antifield[9]	9	-1	1	1	3	scalar density	0	3	nonminimal doublet	scalar_antighost_antifield	0	0	0	explicit tangent homotopy	exact
3	478	nonminimal	scalar_multiplier_antifield	scalar_multiplier_antifield[10]	10	-1	1	1	3	scalar density	0	3	nonminimal doublet	scalar_antighost_antifield	0	0	0	explicit tangent homotopy	exact
3	479	nonminimal	scalar_multiplier_antifield	scalar_multiplier_antifield[11]	11	-1	1	1	3	scalar density	0	3	nonminimal doublet	scalar_antighost_antifield	0	0	0	explicit tangent homotopy	exact
3	480	nonminimal	scalar_multiplier_antifield	scalar_multiplier_antifield[12]	12	-1	1	1	3	scalar density	0	3	nonminimal doublet	scalar_antighost_antifield	0	0	0	explicit tangent homotopy	exact
3	481	nonminimal	scalar_multiplier_antifield	scalar_multiplier_antifield[13]	13	-1	1	1	3	scalar density	0	3	nonminimal doublet	scalar_antighost_antifield	0	0	0	explicit tangent homotopy	exact
3	482	nonminimal	scalar_multiplier_antifield	scalar_multiplier_antifield[14]	14	-1	1	1	3	scalar density	0	3	nonminimal doublet	scalar_antighost_antifield	0	0	0	explicit tangent homotopy	exact
3	483	nonminimal	scalar_multiplier_antifield	scalar_multiplier_antifield[15]	15	-1	1	1	3	scalar density	0	3	nonminimal doublet	scalar_antighost_antifield	0	0	0	explicit tangent homotopy	exact
3	484	nonminimal	scalar_multiplier_antifield	scalar_multiplier_antifield[16]	16	-1	1	1	3	scalar density	0	3	nonminimal doublet	scalar_antighost_antifield	0	0	0	explicit tangent homotopy	exact
3	485	nonminimal	scalar_multiplier_antifield	scalar_multiplier_antifield[17]	17	-1	1	1	3	scalar density	0	3	nonminimal doublet	scalar_antighost_antifield	0	0	0	explicit tangent homotopy	exact
3	486	nonminimal	scalar_multiplier_antifield	scalar_multiplier_antifield[18]	18	-1	1	1	3	scalar density	0	3	nonminimal doublet	scalar_antighost_antifield	0	0	0	explicit tangent homotopy	exact
3	487	nonminimal	scalar_multiplier_antifield	scalar_multiplier_antifield[19]	19	-1	1	1	3	scalar density	0	3	nonminimal doublet	scalar_antighost_antifield	0	0	0	explicit tangent homotopy	exact
4	0	minimal	diffeomorphism ghost c_mu	c_mu_0[P3^5]	0	1	0	-1	4	(1/2,1/2) tensor Sym^5(1/2,1/2)	-1	5	proven minimal raw chain	minimal master-action rule	K_0 c	2	0	retained by p_gf	exact
4	1	minimal	diffeomorphism ghost c_mu	c_mu_0[P2*P3^4]	1	1	0	-1	4	(1/2,1/2) tensor Sym^5(1/2,1/2)	-1	5	proven minimal raw chain	minimal master-action rule	K_0 c	3	0	retained by p_gf	exact
4	2	minimal	diffeomorphism ghost c_mu	c_mu_0[P2^2*P3^3]	2	1	0	-1	4	(1/2,1/2) tensor Sym^5(1/2,1/2)	-1	5	proven minimal raw chain	minimal master-action rule	K_0 c	4	0	retained by p_gf	exact
4	3	minimal	diffeomorphism ghost c_mu	c_mu_0[P2^3*P3^2]	3	1	0	-1	4	(1/2,1/2) tensor Sym^5(1/2,1/2)	-1	5	proven minimal raw chain	minimal master-action rule	K_0 c	4	0	retained by p_gf	exact
4	4	minimal	diffeomorphism ghost c_mu	c_mu_0[P2^4*P3]	4	1	0	-1	4	(1/2,1/2) tensor Sym^5(1/2,1/2)	-1	5	proven minimal raw chain	minimal master-action rule	K_0 c	3	0	retained by p_gf	exact
4	5	minimal	diffeomorphism ghost c_mu	c_mu_0[P2^5]	5	1	0	-1	4	(1/2,1/2) tensor Sym^5(1/2,1/2)	-1	5	proven minimal raw chain	minimal master-action rule	K_0 c	2	0	retained by p_gf	exact
4	6	minimal	diffeomorphism ghost c_mu	c_mu_0[P1*P3^4]	6	1	0	-1	4	(1/2,1/2) tensor Sym^5(1/2,1/2)	-1	5	proven minimal raw chain	minimal master-action rule	K_0 c	3	0	retained by p_gf	exact
4	7	minimal	diffeomorphism ghost c_mu	c_mu_0[P1*P2*P3^3]	7	1	0	-1	4	(1/2,1/2) tensor Sym^5(1/2,1/2)	-1	5	proven minimal raw chain	minimal master-action rule	K_0 c	4	0	retained by p_gf	exact
4	8	minimal	diffeomorphism ghost c_mu	c_mu_0[P1*P2^2*P3^2]	8	1	0	-1	4	(1/2,1/2) tensor Sym^5(1/2,1/2)	-1	5	proven minimal raw chain	minimal master-action rule	K_0 c	5	0	retained by p_gf	exact
4	9	minimal	diffeomorphism ghost c_mu	c_mu_0[P1*P2^3*P3]	9	1	0	-1	4	(1/2,1/2) tensor Sym^5(1/2,1/2)	-1	5	proven minimal raw chain	minimal master-action rule	K_0 c	4	0	retained by p_gf	exact
4	10	minimal	diffeomorphism ghost c_mu	c_mu_0[P1*P2^4]	10	1	0	-1	4	(1/2,1/2) tensor Sym^5(1/2,1/2)	-1	5	proven minimal raw chain	minimal master-action rule	K_0 c	3	0	retained by p_gf	exact
4	11	minimal	diffeomorphism ghost c_mu	c_mu_0[P1^2*P3^3]	11	1	0	-1	4	(1/2,1/2) tensor Sym^5(1/2,1/2)	-1	5	proven minimal raw chain	minimal master-action rule	K_0 c	4	0	retained by p_gf	exact
4	12	minimal	diffeomorphism ghost c_mu	c_mu_0[P1^2*P2*P3^2]	12	1	0	-1	4	(1/2,1/2) tensor Sym^5(1/2,1/2)	-1	5	proven minimal raw chain	minimal master-action rule	K_0 c	5	0	retained by p_gf	exact
4	13	minimal	diffeomorphism ghost c_mu	c_mu_0[P1^2*P2^2*P3]	13	1	0	-1	4	(1/2,1/2) tensor Sym^5(1/2,1/2)	-1	5	proven minimal raw chain	minimal master-action rule	K_0 c	5	0	retained by p_gf	exact
4	14	minimal	diffeomorphism ghost c_mu	c_mu_0[P1^2*P2^3]	14	1	0	-1	4	(1/2,1/2) tensor Sym^5(1/2,1/2)	-1	5	proven minimal raw chain	minimal master-action rule	K_0 c	4	0	retained by p_gf	exact
4	15	minimal	diffeomorphism ghost c_mu	c_mu_0[P1^3*P3^2]	15	1	0	-1	4	(1/2,1/2) tensor Sym^5(1/2,1/2)	-1	5	proven minimal raw chain	minimal master-action rule	K_0 c	4	0	retained by p_gf	exact
4	16	minimal	diffeomorphism ghost c_mu	c_mu_0[P1^3*P2*P3]	16	1	0	-1	4	(1/2,1/2) tensor Sym^5(1/2,1/2)	-1	5	proven minimal raw chain	minimal master-action rule	K_0 c	4	0	retained by p_gf	exact
4	17	minimal	diffeomorphism ghost c_mu	c_mu_0[P1^3*P2^2]	17	1	0	-1	4	(1/2,1/2) tensor Sym^5(1/2,1/2)	-1	5	proven minimal raw chain	minimal master-action rule	K_0 c	4	0	retained by p_gf	exact
4	18	minimal	diffeomorphism ghost c_mu	c_mu_0[P1^4*P3]	18	1	0	-1	4	(1/2,1/2) tensor Sym^5(1/2,1/2)	-1	5	proven minimal raw chain	minimal master-action rule	K_0 c	3	0	retained by p_gf	exact
4	19	minimal	diffeomorphism ghost c_mu	c_mu_0[P1^4*P2]	19	1	0	-1	4	(1/2,1/2) tensor Sym^5(1/2,1/2)	-1	5	proven minimal raw chain	minimal master-action rule	K_0 c	3	0	retained by p_gf	exact
4	20	minimal	diffeomorphism ghost c_mu	c_mu_0[P1^5]	20	1	0	-1	4	(1/2,1/2) tensor Sym^5(1/2,1/2)	-1	5	proven minimal raw chain	minimal master-action rule	K_0 c	2	0	retained by p_gf	exact
4	21	minimal	diffeomorphism ghost c_mu	c_mu_0[P0*P3^4]	21	1	0	-1	4	(1/2,1/2) tensor Sym^5(1/2,1/2)	-1	5	proven minimal raw chain	minimal master-action rule	K_0 c	6	0	retained by p_gf	exact
4	22	minimal	diffeomorphism ghost c_mu	c_mu_0[P0*P2*P3^3]	22	1	0	-1	4	(1/2,1/2) tensor Sym^5(1/2,1/2)	-1	5	proven minimal raw chain	minimal master-action rule	K_0 c	8	0	retained by p_gf	exact
4	23	minimal	diffeomorphism ghost c_mu	c_mu_0[P0*P2^2*P3^2]	23	1	0	-1	4	(1/2,1/2) tensor Sym^5(1/2,1/2)	-1	5	proven minimal raw chain	minimal master-action rule	K_0 c	9	0	retained by p_gf	exact
4	24	minimal	diffeomorphism ghost c_mu	c_mu_0[P0*P2^3*P3]	24	1	0	-1	4	(1/2,1/2) tensor Sym^5(1/2,1/2)	-1	5	proven minimal raw chain	minimal master-action rule	K_0 c	8	0	retained by p_gf	exact
4	25	minimal	diffeomorphism ghost c_mu	c_mu_0[P0*P2^4]	25	1	0	-1	4	(1/2,1/2) tensor Sym^5(1/2,1/2)	-1	5	proven minimal raw chain	minimal master-action rule	K_0 c	6	0	retained by p_gf	exact
4	26	minimal	diffeomorphism ghost c_mu	c_mu_0[P0*P1*P3^3]	26	1	0	-1	4	(1/2,1/2) tensor Sym^5(1/2,1/2)	-1	5	proven minimal raw chain	minimal master-action rule	K_0 c	8	0	retained by p_gf	exact
4	27	minimal	diffeomorphism ghost c_mu	c_mu_0[P0*P1*P2*P3^2]	27	1	0	-1	4	(1/2,1/2) tensor Sym^5(1/2,1/2)	-1	5	proven minimal raw chain	minimal master-action rule	K_0 c	10	0	retained by p_gf	exact
4	28	minimal	diffeomorphism ghost c_mu	c_mu_0[P0*P1*P2^2*P3]	28	1	0	-1	4	(1/2,1/2) tensor Sym^5(1/2,1/2)	-1	5	proven minimal raw chain	minimal master-action rule	K_0 c	10	0	retained by p_gf	exact
4	29	minimal	diffeomorphism ghost c_mu	c_mu_0[P0*P1*P2^3]	29	1	0	-1	4	(1/2,1/2) tensor Sym^5(1/2,1/2)	-1	5	proven minimal raw chain	minimal master-action rule	K_0 c	8	0	retained by p_gf	exact
4	30	minimal	diffeomorphism ghost c_mu	c_mu_0[P0*P1^2*P3^2]	30	1	0	-1	4	(1/2,1/2) tensor Sym^5(1/2,1/2)	-1	5	proven minimal raw chain	minimal master-action rule	K_0 c	9	0	retained by p_gf	exact
4	31	minimal	diffeomorphism ghost c_mu	c_mu_0[P0*P1^2*P2*P3]	31	1	0	-1	4	(1/2,1/2) tensor Sym^5(1/2,1/2)	-1	5	proven minimal raw chain	minimal master-action rule	K_0 c	10	0	retained by p_gf	exact
4	32	minimal	diffeomorphism ghost c_mu	c_mu_0[P0*P1^2*P2^2]	32	1	0	-1	4	(1/2,1/2) tensor Sym^5(1/2,1/2)	-1	5	proven minimal raw chain	minimal master-action rule	K_0 c	9	0	retained by p_gf	exact
4	33	minimal	diffeomorphism ghost c_mu	c_mu_0[P0*P1^3*P3]	33	1	0	-1	4	(1/2,1/2) tensor Sym^5(1/2,1/2)	-1	5	proven minimal raw chain	minimal master-action rule	K_0 c	8	0	retained by p_gf	exact
4	34	minimal	diffeomorphism ghost c_mu	c_mu_0[P0*P1^3*P2]	34	1	0	-1	4	(1/2,1/2) tensor Sym^5(1/2,1/2)	-1	5	proven minimal raw chain	minimal master-action rule	K_0 c	8	0	retained by p_gf	exact
4	35	minimal	diffeomorphism ghost c_mu	c_mu_0[P0*P1^4]	35	1	0	-1	4	(1/2,1/2) tensor Sym^5(1/2,1/2)	-1	5	proven minimal raw chain	minimal master-action rule	K_0 c	6	0	retained by p_gf	exact
4	36	minimal	diffeomorphism ghost c_mu	c_mu_0[P0^2*P3^3]	36	1	0	-1	4	(1/2,1/2) tensor Sym^5(1/2,1/2)	-1	5	proven minimal raw chain	minimal master-action rule	K_0 c	7	0	retained by p_gf	exact
4	37	minimal	diffeomorphism ghost c_mu	c_mu_0[P0^2*P2*P3^2]	37	1	0	-1	4	(1/2,1/2) tensor Sym^5(1/2,1/2)	-1	5	proven minimal raw chain	minimal master-action rule	K_0 c	9	0	retained by p_gf	exact
4	38	minimal	diffeomorphism ghost c_mu	c_mu_0[P0^2*P2^2*P3]	38	1	0	-1	4	(1/2,1/2) tensor Sym^5(1/2,1/2)	-1	5	proven minimal raw chain	minimal master-action rule	K_0 c	9	0	retained by p_gf	exact
4	39	minimal	diffeomorphism ghost c_mu	c_mu_0[P0^2*P2^3]	39	1	0	-1	4	(1/2,1/2) tensor Sym^5(1/2,1/2)	-1	5	proven minimal raw chain	minimal master-action rule	K_0 c	7	0	retained by p_gf	exact
4	40	minimal	diffeomorphism ghost c_mu	c_mu_0[P0^2*P1*P3^2]	40	1	0	-1	4	(1/2,1/2) tensor Sym^5(1/2,1/2)	-1	5	proven minimal raw chain	minimal master-action rule	K_0 c	9	0	retained by p_gf	exact
4	41	minimal	diffeomorphism ghost c_mu	c_mu_0[P0^2*P1*P2*P3]	41	1	0	-1	4	(1/2,1/2) tensor Sym^5(1/2,1/2)	-1	5	proven minimal raw chain	minimal master-action rule	K_0 c	10	0	retained by p_gf	exact
4	42	minimal	diffeomorphism ghost c_mu	c_mu_0[P0^2*P1*P2^2]	42	1	0	-1	4	(1/2,1/2) tensor Sym^5(1/2,1/2)	-1	5	proven minimal raw chain	minimal master-action rule	K_0 c	9	0	retained by p_gf	exact
4	43	minimal	diffeomorphism ghost c_mu	c_mu_0[P0^2*P1^2*P3]	43	1	0	-1	4	(1/2,1/2) tensor Sym^5(1/2,1/2)	-1	5	proven minimal raw chain	minimal master-action rule	K_0 c	9	0	retained by p_gf	exact
4	44	minimal	diffeomorphism ghost c_mu	c_mu_0[P0^2*P1^2*P2]	44	1	0	-1	4	(1/2,1/2) tensor Sym^5(1/2,1/2)	-1	5	proven minimal raw chain	minimal master-action rule	K_0 c	9	0	retained by p_gf	exact
4	45	minimal	diffeomorphism ghost c_mu	c_mu_0[P0^2*P1^3]	45	1	0	-1	4	(1/2,1/2) tensor Sym^5(1/2,1/2)	-1	5	proven minimal raw chain	minimal master-action rule	K_0 c	7	0	retained by p_gf	exact
4	46	minimal	diffeomorphism ghost c_mu	c_mu_0[P0^3*P3^2]	46	1	0	-1	4	(1/2,1/2) tensor Sym^5(1/2,1/2)	-1	5	proven minimal raw chain	minimal master-action rule	K_0 c	7	0	retained by p_gf	exact
4	47	minimal	diffeomorphism ghost c_mu	c_mu_0[P0^3*P2*P3]	47	1	0	-1	4	(1/2,1/2) tensor Sym^5(1/2,1/2)	-1	5	proven minimal raw chain	minimal master-action rule	K_0 c	8	0	retained by p_gf	exact
4	48	minimal	diffeomorphism ghost c_mu	c_mu_0[P0^3*P2^2]	48	1	0	-1	4	(1/2,1/2) tensor Sym^5(1/2,1/2)	-1	5	proven minimal raw chain	minimal master-action rule	K_0 c	7	0	retained by p_gf	exact
4	49	minimal	diffeomorphism ghost c_mu	c_mu_0[P0^3*P1*P3]	49	1	0	-1	4	(1/2,1/2) tensor Sym^5(1/2,1/2)	-1	5	proven minimal raw chain	minimal master-action rule	K_0 c	8	0	retained by p_gf	exact
4	50	minimal	diffeomorphism ghost c_mu	c_mu_0[P0^3*P1*P2]	50	1	0	-1	4	(1/2,1/2) tensor Sym^5(1/2,1/2)	-1	5	proven minimal raw chain	minimal master-action rule	K_0 c	8	0	retained by p_gf	exact
4	51	minimal	diffeomorphism ghost c_mu	c_mu_0[P0^3*P1^2]	51	1	0	-1	4	(1/2,1/2) tensor Sym^5(1/2,1/2)	-1	5	proven minimal raw chain	minimal master-action rule	K_0 c	7	0	retained by p_gf	exact
4	52	minimal	diffeomorphism ghost c_mu	c_mu_0[P0^4*P3]	52	1	0	-1	4	(1/2,1/2) tensor Sym^5(1/2,1/2)	-1	5	proven minimal raw chain	minimal master-action rule	K_0 c	6	0	retained by p_gf	exact
4	53	minimal	diffeomorphism ghost c_mu	c_mu_0[P0^4*P2]	53	1	0	-1	4	(1/2,1/2) tensor Sym^5(1/2,1/2)	-1	5	proven minimal raw chain	minimal master-action rule	K_0 c	6	0	retained by p_gf	exact
4	54	minimal	diffeomorphism ghost c_mu	c_mu_0[P0^4*P1]	54	1	0	-1	4	(1/2,1/2) tensor Sym^5(1/2,1/2)	-1	5	proven minimal raw chain	minimal master-action rule	K_0 c	6	0	retained by p_gf	exact
4	55	minimal	diffeomorphism ghost c_mu	c_mu_0[P0^5]	55	1	0	-1	4	(1/2,1/2) tensor Sym^5(1/2,1/2)	-1	5	proven minimal raw chain	minimal master-action rule	K_0 c	4	0	retained by p_gf	exact
4	56	minimal	diffeomorphism ghost c_mu	c_mu_1[P3^5]	56	1	0	-1	4	(1/2,1/2) tensor Sym^5(1/2,1/2)	-1	5	proven minimal raw chain	minimal master-action rule	K_0 c	2	0	retained by p_gf	exact
4	57	minimal	diffeomorphism ghost c_mu	c_mu_1[P2*P3^4]	57	1	0	-1	4	(1/2,1/2) tensor Sym^5(1/2,1/2)	-1	5	proven minimal raw chain	minimal master-action rule	K_0 c	3	0	retained by p_gf	exact
4	58	minimal	diffeomorphism ghost c_mu	c_mu_1[P2^2*P3^3]	58	1	0	-1	4	(1/2,1/2) tensor Sym^5(1/2,1/2)	-1	5	proven minimal raw chain	minimal master-action rule	K_0 c	4	0	retained by p_gf	exact
4	59	minimal	diffeomorphism ghost c_mu	c_mu_1[P2^3*P3^2]	59	1	0	-1	4	(1/2,1/2) tensor Sym^5(1/2,1/2)	-1	5	proven minimal raw chain	minimal master-action rule	K_0 c	4	0	retained by p_gf	exact
4	60	minimal	diffeomorphism ghost c_mu	c_mu_1[P2^4*P3]	60	1	0	-1	4	(1/2,1/2) tensor Sym^5(1/2,1/2)	-1	5	proven minimal raw chain	minimal master-action rule	K_0 c	3	0	retained by p_gf	exact
4	61	minimal	diffeomorphism ghost c_mu	c_mu_1[P2^5]	61	1	0	-1	4	(1/2,1/2) tensor Sym^5(1/2,1/2)	-1	5	proven minimal raw chain	minimal master-action rule	K_0 c	2	0	retained by p_gf	exact
4	62	minimal	diffeomorphism ghost c_mu	c_mu_1[P1*P3^4]	62	1	0	-1	4	(1/2,1/2) tensor Sym^5(1/2,1/2)	-1	5	proven minimal raw chain	minimal master-action rule	K_0 c	6	0	retained by p_gf	exact
4	63	minimal	diffeomorphism ghost c_mu	c_mu_1[P1*P2*P3^3]	63	1	0	-1	4	(1/2,1/2) tensor Sym^5(1/2,1/2)	-1	5	proven minimal raw chain	minimal master-action rule	K_0 c	8	0	retained by p_gf	exact
4	64	minimal	diffeomorphism ghost c_mu	c_mu_1[P1*P2^2*P3^2]	64	1	0	-1	4	(1/2,1/2) tensor Sym^5(1/2,1/2)	-1	5	proven minimal raw chain	minimal master-action rule	K_0 c	9	0	retained by p_gf	exact
4	65	minimal	diffeomorphism ghost c_mu	c_mu_1[P1*P2^3*P3]	65	1	0	-1	4	(1/2,1/2) tensor Sym^5(1/2,1/2)	-1	5	proven minimal raw chain	minimal master-action rule	K_0 c	8	0	retained by p_gf	exact
4	66	minimal	diffeomorphism ghost c_mu	c_mu_1[P1*P2^4]	66	1	0	-1	4	(1/2,1/2) tensor Sym^5(1/2,1/2)	-1	5	proven minimal raw chain	minimal master-action rule	K_0 c	6	0	retained by p_gf	exact
4	67	minimal	diffeomorphism ghost c_mu	c_mu_1[P1^2*P3^3]	67	1	0	-1	4	(1/2,1/2) tensor Sym^5(1/2,1/2)	-1	5	proven minimal raw chain	minimal master-action rule	K_0 c	7	0	retained by p_gf	exact
4	68	minimal	diffeomorphism ghost c_mu	c_mu_1[P1^2*P2*P3^2]	68	1	0	-1	4	(1/2,1/2) tensor Sym^5(1/2,1/2)	-1	5	proven minimal raw chain	minimal master-action rule	K_0 c	9	0	retained by p_gf	exact
4	69	minimal	diffeomorphism ghost c_mu	c_mu_1[P1^2*P2^2*P3]	69	1	0	-1	4	(1/2,1/2) tensor Sym^5(1/2,1/2)	-1	5	proven minimal raw chain	minimal master-action rule	K_0 c	9	0	retained by p_gf	exact
4	70	minimal	diffeomorphism ghost c_mu	c_mu_1[P1^2*P2^3]	70	1	0	-1	4	(1/2,1/2) tensor Sym^5(1/2,1/2)	-1	5	proven minimal raw chain	minimal master-action rule	K_0 c	7	0	retained by p_gf	exact
4	71	minimal	diffeomorphism ghost c_mu	c_mu_1[P1^3*P3^2]	71	1	0	-1	4	(1/2,1/2) tensor Sym^5(1/2,1/2)	-1	5	proven minimal raw chain	minimal master-action rule	K_0 c	7	0	retained by p_gf	exact
4	72	minimal	diffeomorphism ghost c_mu	c_mu_1[P1^3*P2*P3]	72	1	0	-1	4	(1/2,1/2) tensor Sym^5(1/2,1/2)	-1	5	proven minimal raw chain	minimal master-action rule	K_0 c	8	0	retained by p_gf	exact
4	73	minimal	diffeomorphism ghost c_mu	c_mu_1[P1^3*P2^2]	73	1	0	-1	4	(1/2,1/2) tensor Sym^5(1/2,1/2)	-1	5	proven minimal raw chain	minimal master-action rule	K_0 c	7	0	retained by p_gf	exact
4	74	minimal	diffeomorphism ghost c_mu	c_mu_1[P1^4*P3]	74	1	0	-1	4	(1/2,1/2) tensor Sym^5(1/2,1/2)	-1	5	proven minimal raw chain	minimal master-action rule	K_0 c	6	0	retained by p_gf	exact
4	75	minimal	diffeomorphism ghost c_mu	c_mu_1[P1^4*P2]	75	1	0	-1	4	(1/2,1/2) tensor Sym^5(1/2,1/2)	-1	5	proven minimal raw chain	minimal master-action rule	K_0 c	6	0	retained by p_gf	exact
4	76	minimal	diffeomorphism ghost c_mu	c_mu_1[P1^5]	76	1	0	-1	4	(1/2,1/2) tensor Sym^5(1/2,1/2)	-1	5	proven minimal raw chain	minimal master-action rule	K_0 c	4	0	retained by p_gf	exact
4	77	minimal	diffeomorphism ghost c_mu	c_mu_1[P0*P3^4]	77	1	0	-1	4	(1/2,1/2) tensor Sym^5(1/2,1/2)	-1	5	proven minimal raw chain	minimal master-action rule	K_0 c	3	0	retained by p_gf	exact
4	78	minimal	diffeomorphism ghost c_mu	c_mu_1[P0*P2*P3^3]	78	1	0	-1	4	(1/2,1/2) tensor Sym^5(1/2,1/2)	-1	5	proven minimal raw chain	minimal master-action rule	K_0 c	4	0	retained by p_gf	exact
4	79	minimal	diffeomorphism ghost c_mu	c_mu_1[P0*P2^2*P3^2]	79	1	0	-1	4	(1/2,1/2) tensor Sym^5(1/2,1/2)	-1	5	proven minimal raw chain	minimal master-action rule	K_0 c	5	0	retained by p_gf	exact
4	80	minimal	diffeomorphism ghost c_mu	c_mu_1[P0*P2^3*P3]	80	1	0	-1	4	(1/2,1/2) tensor Sym^5(1/2,1/2)	-1	5	proven minimal raw chain	minimal master-action rule	K_0 c	4	0	retained by p_gf	exact
4	81	minimal	diffeomorphism ghost c_mu	c_mu_1[P0*P2^4]	81	1	0	-1	4	(1/2,1/2) tensor Sym^5(1/2,1/2)	-1	5	proven minimal raw chain	minimal master-action rule	K_0 c	3	0	retained by p_gf	exact
4	82	minimal	diffeomorphism ghost c_mu	c_mu_1[P0*P1*P3^3]	82	1	0	-1	4	(1/2,1/2) tensor Sym^5(1/2,1/2)	-1	5	proven minimal raw chain	minimal master-action rule	K_0 c	8	0	retained by p_gf	exact
4	83	minimal	diffeomorphism ghost c_mu	c_mu_1[P0*P1*P2*P3^2]	83	1	0	-1	4	(1/2,1/2) tensor Sym^5(1/2,1/2)	-1	5	proven minimal raw chain	minimal master-action rule	K_0 c	10	0	retained by p_gf	exact
4	84	minimal	diffeomorphism ghost c_mu	c_mu_1[P0*P1*P2^2*P3]	84	1	0	-1	4	(1/2,1/2) tensor Sym^5(1/2,1/2)	-1	5	proven minimal raw chain	minimal master-action rule	K_0 c	10	0	retained by p_gf	exact
4	85	minimal	diffeomorphism ghost c_mu	c_mu_1[P0*P1*P2^3]	85	1	0	-1	4	(1/2,1/2) tensor Sym^5(1/2,1/2)	-1	5	proven minimal raw chain	minimal master-action rule	K_0 c	8	0	retained by p_gf	exact
4	86	minimal	diffeomorphism ghost c_mu	c_mu_1[P0*P1^2*P3^2]	86	1	0	-1	4	(1/2,1/2) tensor Sym^5(1/2,1/2)	-1	5	proven minimal raw chain	minimal master-action rule	K_0 c	9	0	retained by p_gf	exact
4	87	minimal	diffeomorphism ghost c_mu	c_mu_1[P0*P1^2*P2*P3]	87	1	0	-1	4	(1/2,1/2) tensor Sym^5(1/2,1/2)	-1	5	proven minimal raw chain	minimal master-action rule	K_0 c	10	0	retained by p_gf	exact
4	88	minimal	diffeomorphism ghost c_mu	c_mu_1[P0*P1^2*P2^2]	88	1	0	-1	4	(1/2,1/2) tensor Sym^5(1/2,1/2)	-1	5	proven minimal raw chain	minimal master-action rule	K_0 c	9	0	retained by p_gf	exact
4	89	minimal	diffeomorphism ghost c_mu	c_mu_1[P0*P1^3*P3]	89	1	0	-1	4	(1/2,1/2) tensor Sym^5(1/2,1/2)	-1	5	proven minimal raw chain	minimal master-action rule	K_0 c	8	0	retained by p_gf	exact
4	90	minimal	diffeomorphism ghost c_mu	c_mu_1[P0*P1^3*P2]	90	1	0	-1	4	(1/2,1/2) tensor Sym^5(1/2,1/2)	-1	5	proven minimal raw chain	minimal master-action rule	K_0 c	8	0	retained by p_gf	exact
4	91	minimal	diffeomorphism ghost c_mu	c_mu_1[P0*P1^4]	91	1	0	-1	4	(1/2,1/2) tensor Sym^5(1/2,1/2)	-1	5	proven minimal raw chain	minimal master-action rule	K_0 c	6	0	retained by p_gf	exact
4	92	minimal	diffeomorphism ghost c_mu	c_mu_1[P0^2*P3^3]	92	1	0	-1	4	(1/2,1/2) tensor Sym^5(1/2,1/2)	-1	5	proven minimal raw chain	minimal master-action rule	K_0 c	4	0	retained by p_gf	exact
4	93	minimal	diffeomorphism ghost c_mu	c_mu_1[P0^2*P2*P3^2]	93	1	0	-1	4	(1/2,1/2) tensor Sym^5(1/2,1/2)	-1	5	proven minimal raw chain	minimal master-action rule	K_0 c	5	0	retained by p_gf	exact
4	94	minimal	diffeomorphism ghost c_mu	c_mu_1[P0^2*P2^2*P3]	94	1	0	-1	4	(1/2,1/2) tensor Sym^5(1/2,1/2)	-1	5	proven minimal raw chain	minimal master-action rule	K_0 c	5	0	retained by p_gf	exact
4	95	minimal	diffeomorphism ghost c_mu	c_mu_1[P0^2*P2^3]	95	1	0	-1	4	(1/2,1/2) tensor Sym^5(1/2,1/2)	-1	5	proven minimal raw chain	minimal master-action rule	K_0 c	4	0	retained by p_gf	exact
4	96	minimal	diffeomorphism ghost c_mu	c_mu_1[P0^2*P1*P3^2]	96	1	0	-1	4	(1/2,1/2) tensor Sym^5(1/2,1/2)	-1	5	proven minimal raw chain	minimal master-action rule	K_0 c	9	0	retained by p_gf	exact
4	97	minimal	diffeomorphism ghost c_mu	c_mu_1[P0^2*P1*P2*P3]	97	1	0	-1	4	(1/2,1/2) tensor Sym^5(1/2,1/2)	-1	5	proven minimal raw chain	minimal master-action rule	K_0 c	10	0	retained by p_gf	exact
4	98	minimal	diffeomorphism ghost c_mu	c_mu_1[P0^2*P1*P2^2]	98	1	0	-1	4	(1/2,1/2) tensor Sym^5(1/2,1/2)	-1	5	proven minimal raw chain	minimal master-action rule	K_0 c	9	0	retained by p_gf	exact
4	99	minimal	diffeomorphism ghost c_mu	c_mu_1[P0^2*P1^2*P3]	99	1	0	-1	4	(1/2,1/2) tensor Sym^5(1/2,1/2)	-1	5	proven minimal raw chain	minimal master-action rule	K_0 c	9	0	retained by p_gf	exact
4	100	minimal	diffeomorphism ghost c_mu	c_mu_1[P0^2*P1^2*P2]	100	1	0	-1	4	(1/2,1/2) tensor Sym^5(1/2,1/2)	-1	5	proven minimal raw chain	minimal master-action rule	K_0 c	9	0	retained by p_gf	exact
4	101	minimal	diffeomorphism ghost c_mu	c_mu_1[P0^2*P1^3]	101	1	0	-1	4	(1/2,1/2) tensor Sym^5(1/2,1/2)	-1	5	proven minimal raw chain	minimal master-action rule	K_0 c	7	0	retained by p_gf	exact
4	102	minimal	diffeomorphism ghost c_mu	c_mu_1[P0^3*P3^2]	102	1	0	-1	4	(1/2,1/2) tensor Sym^5(1/2,1/2)	-1	5	proven minimal raw chain	minimal master-action rule	K_0 c	4	0	retained by p_gf	exact
4	103	minimal	diffeomorphism ghost c_mu	c_mu_1[P0^3*P2*P3]	103	1	0	-1	4	(1/2,1/2) tensor Sym^5(1/2,1/2)	-1	5	proven minimal raw chain	minimal master-action rule	K_0 c	4	0	retained by p_gf	exact
4	104	minimal	diffeomorphism ghost c_mu	c_mu_1[P0^3*P2^2]	104	1	0	-1	4	(1/2,1/2) tensor Sym^5(1/2,1/2)	-1	5	proven minimal raw chain	minimal master-action rule	K_0 c	4	0	retained by p_gf	exact
4	105	minimal	diffeomorphism ghost c_mu	c_mu_1[P0^3*P1*P3]	105	1	0	-1	4	(1/2,1/2) tensor Sym^5(1/2,1/2)	-1	5	proven minimal raw chain	minimal master-action rule	K_0 c	8	0	retained by p_gf	exact
4	106	minimal	diffeomorphism ghost c_mu	c_mu_1[P0^3*P1*P2]	106	1	0	-1	4	(1/2,1/2) tensor Sym^5(1/2,1/2)	-1	5	proven minimal raw chain	minimal master-action rule	K_0 c	8	0	retained by p_gf	exact
4	107	minimal	diffeomorphism ghost c_mu	c_mu_1[P0^3*P1^2]	107	1	0	-1	4	(1/2,1/2) tensor Sym^5(1/2,1/2)	-1	5	proven minimal raw chain	minimal master-action rule	K_0 c	7	0	retained by p_gf	exact
4	108	minimal	diffeomorphism ghost c_mu	c_mu_1[P0^4*P3]	108	1	0	-1	4	(1/2,1/2) tensor Sym^5(1/2,1/2)	-1	5	proven minimal raw chain	minimal master-action rule	K_0 c	3	0	retained by p_gf	exact
4	109	minimal	diffeomorphism ghost c_mu	c_mu_1[P0^4*P2]	109	1	0	-1	4	(1/2,1/2) tensor Sym^5(1/2,1/2)	-1	5	proven minimal raw chain	minimal master-action rule	K_0 c	3	0	retained by p_gf	exact
4	110	minimal	diffeomorphism ghost c_mu	c_mu_1[P0^4*P1]	110	1	0	-1	4	(1/2,1/2) tensor Sym^5(1/2,1/2)	-1	5	proven minimal raw chain	minimal master-action rule	K_0 c	6	0	retained by p_gf	exact
4	111	minimal	diffeomorphism ghost c_mu	c_mu_1[P0^5]	111	1	0	-1	4	(1/2,1/2) tensor Sym^5(1/2,1/2)	-1	5	proven minimal raw chain	minimal master-action rule	K_0 c	2	0	retained by p_gf	exact
4	112	minimal	diffeomorphism ghost c_mu	c_mu_2[P3^5]	112	1	0	-1	4	(1/2,1/2) tensor Sym^5(1/2,1/2)	-1	5	proven minimal raw chain	minimal master-action rule	K_0 c	2	0	retained by p_gf	exact
4	113	minimal	diffeomorphism ghost c_mu	c_mu_2[P2*P3^4]	113	1	0	-1	4	(1/2,1/2) tensor Sym^5(1/2,1/2)	-1	5	proven minimal raw chain	minimal master-action rule	K_0 c	6	0	retained by p_gf	exact
4	114	minimal	diffeomorphism ghost c_mu	c_mu_2[P2^2*P3^3]	114	1	0	-1	4	(1/2,1/2) tensor Sym^5(1/2,1/2)	-1	5	proven minimal raw chain	minimal master-action rule	K_0 c	7	0	retained by p_gf	exact
4	115	minimal	diffeomorphism ghost c_mu	c_mu_2[P2^3*P3^2]	115	1	0	-1	4	(1/2,1/2) tensor Sym^5(1/2,1/2)	-1	5	proven minimal raw chain	minimal master-action rule	K_0 c	7	0	retained by p_gf	exact
4	116	minimal	diffeomorphism ghost c_mu	c_mu_2[P2^4*P3]	116	1	0	-1	4	(1/2,1/2) tensor Sym^5(1/2,1/2)	-1	5	proven minimal raw chain	minimal master-action rule	K_0 c	6	0	retained by p_gf	exact
4	117	minimal	diffeomorphism ghost c_mu	c_mu_2[P2^5]	117	1	0	-1	4	(1/2,1/2) tensor Sym^5(1/2,1/2)	-1	5	proven minimal raw chain	minimal master-action rule	K_0 c	4	0	retained by p_gf	exact
4	118	minimal	diffeomorphism ghost c_mu	c_mu_2[P1*P3^4]	118	1	0	-1	4	(1/2,1/2) tensor Sym^5(1/2,1/2)	-1	5	proven minimal raw chain	minimal master-action rule	K_0 c	3	0	retained by p_gf	exact
4	119	minimal	diffeomorphism ghost c_mu	c_mu_2[P1*P2*P3^3]	119	1	0	-1	4	(1/2,1/2) tensor Sym^5(1/2,1/2)	-1	5	proven minimal raw chain	minimal master-action rule	K_0 c	8	0	retained by p_gf	exact
4	120	minimal	diffeomorphism ghost c_mu	c_mu_2[P1*P2^2*P3^2]	120	1	0	-1	4	(1/2,1/2) tensor Sym^5(1/2,1/2)	-1	5	proven minimal raw chain	minimal master-action rule	K_0 c	9	0	retained by p_gf	exact
4	121	minimal	diffeomorphism ghost c_mu	c_mu_2[P1*P2^3*P3]	121	1	0	-1	4	(1/2,1/2) tensor Sym^5(1/2,1/2)	-1	5	proven minimal raw chain	minimal master-action rule	K_0 c	8	0	retained by p_gf	exact
4	122	minimal	diffeomorphism ghost c_mu	c_mu_2[P1*P2^4]	122	1	0	-1	4	(1/2,1/2) tensor Sym^5(1/2,1/2)	-1	5	proven minimal raw chain	minimal master-action rule	K_0 c	6	0	retained by p_gf	exact
4	123	minimal	diffeomorphism ghost c_mu	c_mu_2[P1^2*P3^3]	123	1	0	-1	4	(1/2,1/2) tensor Sym^5(1/2,1/2)	-1	5	proven minimal raw chain	minimal master-action rule	K_0 c	4	0	retained by p_gf	exact
4	124	minimal	diffeomorphism ghost c_mu	c_mu_2[P1^2*P2*P3^2]	124	1	0	-1	4	(1/2,1/2) tensor Sym^5(1/2,1/2)	-1	5	proven minimal raw chain	minimal master-action rule	K_0 c	9	0	retained by p_gf	exact
4	125	minimal	diffeomorphism ghost c_mu	c_mu_2[P1^2*P2^2*P3]	125	1	0	-1	4	(1/2,1/2) tensor Sym^5(1/2,1/2)	-1	5	proven minimal raw chain	minimal master-action rule	K_0 c	9	0	retained by p_gf	exact
4	126	minimal	diffeomorphism ghost c_mu	c_mu_2[P1^2*P2^3]	126	1	0	-1	4	(1/2,1/2) tensor Sym^5(1/2,1/2)	-1	5	proven minimal raw chain	minimal master-action rule	K_0 c	7	0	retained by p_gf	exact
4	127	minimal	diffeomorphism ghost c_mu	c_mu_2[P1^3*P3^2]	127	1	0	-1	4	(1/2,1/2) tensor Sym^5(1/2,1/2)	-1	5	proven minimal raw chain	minimal master-action rule	K_0 c	4	0	retained by p_gf	exact
4	128	minimal	diffeomorphism ghost c_mu	c_mu_2[P1^3*P2*P3]	128	1	0	-1	4	(1/2,1/2) tensor Sym^5(1/2,1/2)	-1	5	proven minimal raw chain	minimal master-action rule	K_0 c	8	0	retained by p_gf	exact
4	129	minimal	diffeomorphism ghost c_mu	c_mu_2[P1^3*P2^2]	129	1	0	-1	4	(1/2,1/2) tensor Sym^5(1/2,1/2)	-1	5	proven minimal raw chain	minimal master-action rule	K_0 c	7	0	retained by p_gf	exact
4	130	minimal	diffeomorphism ghost c_mu	c_mu_2[P1^4*P3]	130	1	0	-1	4	(1/2,1/2) tensor Sym^5(1/2,1/2)	-1	5	proven minimal raw chain	minimal master-action rule	K_0 c	3	0	retained by p_gf	exact
4	131	minimal	diffeomorphism ghost c_mu	c_mu_2[P1^4*P2]	131	1	0	-1	4	(1/2,1/2) tensor Sym^5(1/2,1/2)	-1	5	proven minimal raw chain	minimal master-action rule	K_0 c	6	0	retained by p_gf	exact
4	132	minimal	diffeomorphism ghost c_mu	c_mu_2[P1^5]	132	1	0	-1	4	(1/2,1/2) tensor Sym^5(1/2,1/2)	-1	5	proven minimal raw chain	minimal master-action rule	K_0 c	2	0	retained by p_gf	exact
4	133	minimal	diffeomorphism ghost c_mu	c_mu_2[P0*P3^4]	133	1	0	-1	4	(1/2,1/2) tensor Sym^5(1/2,1/2)	-1	5	proven minimal raw chain	minimal master-action rule	K_0 c	3	0	retained by p_gf	exact
4	134	minimal	diffeomorphism ghost c_mu	c_mu_2[P0*P2*P3^3]	134	1	0	-1	4	(1/2,1/2) tensor Sym^5(1/2,1/2)	-1	5	proven minimal raw chain	minimal master-action rule	K_0 c	8	0	retained by p_gf	exact
4	135	minimal	diffeomorphism ghost c_mu	c_mu_2[P0*P2^2*P3^2]	135	1	0	-1	4	(1/2,1/2) tensor Sym^5(1/2,1/2)	-1	5	proven minimal raw chain	minimal master-action rule	K_0 c	9	0	retained by p_gf	exact
4	136	minimal	diffeomorphism ghost c_mu	c_mu_2[P0*P2^3*P3]	136	1	0	-1	4	(1/2,1/2) tensor Sym^5(1/2,1/2)	-1	5	proven minimal raw chain	minimal master-action rule	K_0 c	8	0	retained by p_gf	exact
4	137	minimal	diffeomorphism ghost c_mu	c_mu_2[P0*P2^4]	137	1	0	-1	4	(1/2,1/2) tensor Sym^5(1/2,1/2)	-1	5	proven minimal raw chain	minimal master-action rule	K_0 c	6	0	retained by p_gf	exact
4	138	minimal	diffeomorphism ghost c_mu	c_mu_2[P0*P1*P3^3]	138	1	0	-1	4	(1/2,1/2) tensor Sym^5(1/2,1/2)	-1	5	proven minimal raw chain	minimal master-action rule	K_0 c	4	0	retained by p_gf	exact
4	139	minimal	diffeomorphism ghost c_mu	c_mu_2[P0*P1*P2*P3^2]	139	1	0	-1	4	(1/2,1/2) tensor Sym^5(1/2,1/2)	-1	5	proven minimal raw chain	minimal master-action rule	K_0 c	10	0	retained by p_gf	exact
4	140	minimal	diffeomorphism ghost c_mu	c_mu_2[P0*P1*P2^2*P3]	140	1	0	-1	4	(1/2,1/2) tensor Sym^5(1/2,1/2)	-1	5	proven minimal raw chain	minimal master-action rule	K_0 c	10	0	retained by p_gf	exact
4	141	minimal	diffeomorphism ghost c_mu	c_mu_2[P0*P1*P2^3]	141	1	0	-1	4	(1/2,1/2) tensor Sym^5(1/2,1/2)	-1	5	proven minimal raw chain	minimal master-action rule	K_0 c	8	0	retained by p_gf	exact
4	142	minimal	diffeomorphism ghost c_mu	c_mu_2[P0*P1^2*P3^2]	142	1	0	-1	4	(1/2,1/2) tensor Sym^5(1/2,1/2)	-1	5	proven minimal raw chain	minimal master-action rule	K_0 c	5	0	retained by p_gf	exact
4	143	minimal	diffeomorphism ghost c_mu	c_mu_2[P0*P1^2*P2*P3]	143	1	0	-1	4	(1/2,1/2) tensor Sym^5(1/2,1/2)	-1	5	proven minimal raw chain	minimal master-action rule	K_0 c	10	0	retained by p_gf	exact
4	144	minimal	diffeomorphism ghost c_mu	c_mu_2[P0*P1^2*P2^2]	144	1	0	-1	4	(1/2,1/2) tensor Sym^5(1/2,1/2)	-1	5	proven minimal raw chain	minimal master-action rule	K_0 c	9	0	retained by p_gf	exact
4	145	minimal	diffeomorphism ghost c_mu	c_mu_2[P0*P1^3*P3]	145	1	0	-1	4	(1/2,1/2) tensor Sym^5(1/2,1/2)	-1	5	proven minimal raw chain	minimal master-action rule	K_0 c	4	0	retained by p_gf	exact
4	146	minimal	diffeomorphism ghost c_mu	c_mu_2[P0*P1^3*P2]	146	1	0	-1	4	(1/2,1/2) tensor Sym^5(1/2,1/2)	-1	5	proven minimal raw chain	minimal master-action rule	K_0 c	8	0	retained by p_gf	exact
4	147	minimal	diffeomorphism ghost c_mu	c_mu_2[P0*P1^4]	147	1	0	-1	4	(1/2,1/2) tensor Sym^5(1/2,1/2)	-1	5	proven minimal raw chain	minimal master-action rule	K_0 c	3	0	retained by p_gf	exact
4	148	minimal	diffeomorphism ghost c_mu	c_mu_2[P0^2*P3^3]	148	1	0	-1	4	(1/2,1/2) tensor Sym^5(1/2,1/2)	-1	5	proven minimal raw chain	minimal master-action rule	K_0 c	4	0	retained by p_gf	exact
4	149	minimal	diffeomorphism ghost c_mu	c_mu_2[P0^2*P2*P3^2]	149	1	0	-1	4	(1/2,1/2) tensor Sym^5(1/2,1/2)	-1	5	proven minimal raw chain	minimal master-action rule	K_0 c	9	0	retained by p_gf	exact
4	150	minimal	diffeomorphism ghost c_mu	c_mu_2[P0^2*P2^2*P3]	150	1	0	-1	4	(1/2,1/2) tensor Sym^5(1/2,1/2)	-1	5	proven minimal raw chain	minimal master-action rule	K_0 c	9	0	retained by p_gf	exact
4	151	minimal	diffeomorphism ghost c_mu	c_mu_2[P0^2*P2^3]	151	1	0	-1	4	(1/2,1/2) tensor Sym^5(1/2,1/2)	-1	5	proven minimal raw chain	minimal master-action rule	K_0 c	7	0	retained by p_gf	exact
4	152	minimal	diffeomorphism ghost c_mu	c_mu_2[P0^2*P1*P3^2]	152	1	0	-1	4	(1/2,1/2) tensor Sym^5(1/2,1/2)	-1	5	proven minimal raw chain	minimal master-action rule	K_0 c	5	0	retained by p_gf	exact
4	153	minimal	diffeomorphism ghost c_mu	c_mu_2[P0^2*P1*P2*P3]	153	1	0	-1	4	(1/2,1/2) tensor Sym^5(1/2,1/2)	-1	5	proven minimal raw chain	minimal master-action rule	K_0 c	10	0	retained by p_gf	exact
4	154	minimal	diffeomorphism ghost c_mu	c_mu_2[P0^2*P1*P2^2]	154	1	0	-1	4	(1/2,1/2) tensor Sym^5(1/2,1/2)	-1	5	proven minimal raw chain	minimal master-action rule	K_0 c	9	0	retained by p_gf	exact
4	155	minimal	diffeomorphism ghost c_mu	c_mu_2[P0^2*P1^2*P3]	155	1	0	-1	4	(1/2,1/2) tensor Sym^5(1/2,1/2)	-1	5	proven minimal raw chain	minimal master-action rule	K_0 c	5	0	retained by p_gf	exact
4	156	minimal	diffeomorphism ghost c_mu	c_mu_2[P0^2*P1^2*P2]	156	1	0	-1	4	(1/2,1/2) tensor Sym^5(1/2,1/2)	-1	5	proven minimal raw chain	minimal master-action rule	K_0 c	9	0	retained by p_gf	exact
4	157	minimal	diffeomorphism ghost c_mu	c_mu_2[P0^2*P1^3]	157	1	0	-1	4	(1/2,1/2) tensor Sym^5(1/2,1/2)	-1	5	proven minimal raw chain	minimal master-action rule	K_0 c	4	0	retained by p_gf	exact
4	158	minimal	diffeomorphism ghost c_mu	c_mu_2[P0^3*P3^2]	158	1	0	-1	4	(1/2,1/2) tensor Sym^5(1/2,1/2)	-1	5	proven minimal raw chain	minimal master-action rule	K_0 c	4	0	retained by p_gf	exact
4	159	minimal	diffeomorphism ghost c_mu	c_mu_2[P0^3*P2*P3]	159	1	0	-1	4	(1/2,1/2) tensor Sym^5(1/2,1/2)	-1	5	proven minimal raw chain	minimal master-action rule	K_0 c	8	0	retained by p_gf	exact
4	160	minimal	diffeomorphism ghost c_mu	c_mu_2[P0^3*P2^2]	160	1	0	-1	4	(1/2,1/2) tensor Sym^5(1/2,1/2)	-1	5	proven minimal raw chain	minimal master-action rule	K_0 c	7	0	retained by p_gf	exact
4	161	minimal	diffeomorphism ghost c_mu	c_mu_2[P0^3*P1*P3]	161	1	0	-1	4	(1/2,1/2) tensor Sym^5(1/2,1/2)	-1	5	proven minimal raw chain	minimal master-action rule	K_0 c	4	0	retained by p_gf	exact
4	162	minimal	diffeomorphism ghost c_mu	c_mu_2[P0^3*P1*P2]	162	1	0	-1	4	(1/2,1/2) tensor Sym^5(1/2,1/2)	-1	5	proven minimal raw chain	minimal master-action rule	K_0 c	8	0	retained by p_gf	exact
4	163	minimal	diffeomorphism ghost c_mu	c_mu_2[P0^3*P1^2]	163	1	0	-1	4	(1/2,1/2) tensor Sym^5(1/2,1/2)	-1	5	proven minimal raw chain	minimal master-action rule	K_0 c	4	0	retained by p_gf	exact
4	164	minimal	diffeomorphism ghost c_mu	c_mu_2[P0^4*P3]	164	1	0	-1	4	(1/2,1/2) tensor Sym^5(1/2,1/2)	-1	5	proven minimal raw chain	minimal master-action rule	K_0 c	3	0	retained by p_gf	exact
4	165	minimal	diffeomorphism ghost c_mu	c_mu_2[P0^4*P2]	165	1	0	-1	4	(1/2,1/2) tensor Sym^5(1/2,1/2)	-1	5	proven minimal raw chain	minimal master-action rule	K_0 c	6	0	retained by p_gf	exact
4	166	minimal	diffeomorphism ghost c_mu	c_mu_2[P0^4*P1]	166	1	0	-1	4	(1/2,1/2) tensor Sym^5(1/2,1/2)	-1	5	proven minimal raw chain	minimal master-action rule	K_0 c	3	0	retained by p_gf	exact
4	167	minimal	diffeomorphism ghost c_mu	c_mu_2[P0^5]	167	1	0	-1	4	(1/2,1/2) tensor Sym^5(1/2,1/2)	-1	5	proven minimal raw chain	minimal master-action rule	K_0 c	2	0	retained by p_gf	exact
4	168	minimal	diffeomorphism ghost c_mu	c_mu_3[P3^5]	168	1	0	-1	4	(1/2,1/2) tensor Sym^5(1/2,1/2)	-1	5	proven minimal raw chain	minimal master-action rule	K_0 c	4	0	retained by p_gf	exact
4	169	minimal	diffeomorphism ghost c_mu	c_mu_3[P2*P3^4]	169	1	0	-1	4	(1/2,1/2) tensor Sym^5(1/2,1/2)	-1	5	proven minimal raw chain	minimal master-action rule	K_0 c	6	0	retained by p_gf	exact
4	170	minimal	diffeomorphism ghost c_mu	c_mu_3[P2^2*P3^3]	170	1	0	-1	4	(1/2,1/2) tensor Sym^5(1/2,1/2)	-1	5	proven minimal raw chain	minimal master-action rule	K_0 c	7	0	retained by p_gf	exact
4	171	minimal	diffeomorphism ghost c_mu	c_mu_3[P2^3*P3^2]	171	1	0	-1	4	(1/2,1/2) tensor Sym^5(1/2,1/2)	-1	5	proven minimal raw chain	minimal master-action rule	K_0 c	7	0	retained by p_gf	exact
4	172	minimal	diffeomorphism ghost c_mu	c_mu_3[P2^4*P3]	172	1	0	-1	4	(1/2,1/2) tensor Sym^5(1/2,1/2)	-1	5	proven minimal raw chain	minimal master-action rule	K_0 c	6	0	retained by p_gf	exact
4	173	minimal	diffeomorphism ghost c_mu	c_mu_3[P2^5]	173	1	0	-1	4	(1/2,1/2) tensor Sym^5(1/2,1/2)	-1	5	proven minimal raw chain	minimal master-action rule	K_0 c	2	0	retained by p_gf	exact
4	174	minimal	diffeomorphism ghost c_mu	c_mu_3[P1*P3^4]	174	1	0	-1	4	(1/2,1/2) tensor Sym^5(1/2,1/2)	-1	5	proven minimal raw chain	minimal master-action rule	K_0 c	6	0	retained by p_gf	exact
4	175	minimal	diffeomorphism ghost c_mu	c_mu_3[P1*P2*P3^3]	175	1	0	-1	4	(1/2,1/2) tensor Sym^5(1/2,1/2)	-1	5	proven minimal raw chain	minimal master-action rule	K_0 c	8	0	retained by p_gf	exact
4	176	minimal	diffeomorphism ghost c_mu	c_mu_3[P1*P2^2*P3^2]	176	1	0	-1	4	(1/2,1/2) tensor Sym^5(1/2,1/2)	-1	5	proven minimal raw chain	minimal master-action rule	K_0 c	9	0	retained by p_gf	exact
4	177	minimal	diffeomorphism ghost c_mu	c_mu_3[P1*P2^3*P3]	177	1	0	-1	4	(1/2,1/2) tensor Sym^5(1/2,1/2)	-1	5	proven minimal raw chain	minimal master-action rule	K_0 c	8	0	retained by p_gf	exact
4	178	minimal	diffeomorphism ghost c_mu	c_mu_3[P1*P2^4]	178	1	0	-1	4	(1/2,1/2) tensor Sym^5(1/2,1/2)	-1	5	proven minimal raw chain	minimal master-action rule	K_0 c	3	0	retained by p_gf	exact
4	179	minimal	diffeomorphism ghost c_mu	c_mu_3[P1^2*P3^3]	179	1	0	-1	4	(1/2,1/2) tensor Sym^5(1/2,1/2)	-1	5	proven minimal raw chain	minimal master-action rule	K_0 c	7	0	retained by p_gf	exact
4	180	minimal	diffeomorphism ghost c_mu	c_mu_3[P1^2*P2*P3^2]	180	1	0	-1	4	(1/2,1/2) tensor Sym^5(1/2,1/2)	-1	5	proven minimal raw chain	minimal master-action rule	K_0 c	9	0	retained by p_gf	exact
4	181	minimal	diffeomorphism ghost c_mu	c_mu_3[P1^2*P2^2*P3]	181	1	0	-1	4	(1/2,1/2) tensor Sym^5(1/2,1/2)	-1	5	proven minimal raw chain	minimal master-action rule	K_0 c	9	0	retained by p_gf	exact
4	182	minimal	diffeomorphism ghost c_mu	c_mu_3[P1^2*P2^3]	182	1	0	-1	4	(1/2,1/2) tensor Sym^5(1/2,1/2)	-1	5	proven minimal raw chain	minimal master-action rule	K_0 c	4	0	retained by p_gf	exact
4	183	minimal	diffeomorphism ghost c_mu	c_mu_3[P1^3*P3^2]	183	1	0	-1	4	(1/2,1/2) tensor Sym^5(1/2,1/2)	-1	5	proven minimal raw chain	minimal master-action rule	K_0 c	7	0	retained by p_gf	exact
4	184	minimal	diffeomorphism ghost c_mu	c_mu_3[P1^3*P2*P3]	184	1	0	-1	4	(1/2,1/2) tensor Sym^5(1/2,1/2)	-1	5	proven minimal raw chain	minimal master-action rule	K_0 c	8	0	retained by p_gf	exact
4	185	minimal	diffeomorphism ghost c_mu	c_mu_3[P1^3*P2^2]	185	1	0	-1	4	(1/2,1/2) tensor Sym^5(1/2,1/2)	-1	5	proven minimal raw chain	minimal master-action rule	K_0 c	4	0	retained by p_gf	exact
4	186	minimal	diffeomorphism ghost c_mu	c_mu_3[P1^4*P3]	186	1	0	-1	4	(1/2,1/2) tensor Sym^5(1/2,1/2)	-1	5	proven minimal raw chain	minimal master-action rule	K_0 c	6	0	retained by p_gf	exact
4	187	minimal	diffeomorphism ghost c_mu	c_mu_3[P1^4*P2]	187	1	0	-1	4	(1/2,1/2) tensor Sym^5(1/2,1/2)	-1	5	proven minimal raw chain	minimal master-action rule	K_0 c	3	0	retained by p_gf	exact
4	188	minimal	diffeomorphism ghost c_mu	c_mu_3[P1^5]	188	1	0	-1	4	(1/2,1/2) tensor Sym^5(1/2,1/2)	-1	5	proven minimal raw chain	minimal master-action rule	K_0 c	2	0	retained by p_gf	exact
4	189	minimal	diffeomorphism ghost c_mu	c_mu_3[P0*P3^4]	189	1	0	-1	4	(1/2,1/2) tensor Sym^5(1/2,1/2)	-1	5	proven minimal raw chain	minimal master-action rule	K_0 c	6	0	retained by p_gf	exact
4	190	minimal	diffeomorphism ghost c_mu	c_mu_3[P0*P2*P3^3]	190	1	0	-1	4	(1/2,1/2) tensor Sym^5(1/2,1/2)	-1	5	proven minimal raw chain	minimal master-action rule	K_0 c	8	0	retained by p_gf	exact
4	191	minimal	diffeomorphism ghost c_mu	c_mu_3[P0*P2^2*P3^2]	191	1	0	-1	4	(1/2,1/2) tensor Sym^5(1/2,1/2)	-1	5	proven minimal raw chain	minimal master-action rule	K_0 c	9	0	retained by p_gf	exact
4	192	minimal	diffeomorphism ghost c_mu	c_mu_3[P0*P2^3*P3]	192	1	0	-1	4	(1/2,1/2) tensor Sym^5(1/2,1/2)	-1	5	proven minimal raw chain	minimal master-action rule	K_0 c	8	0	retained by p_gf	exact
4	193	minimal	diffeomorphism ghost c_mu	c_mu_3[P0*P2^4]	193	1	0	-1	4	(1/2,1/2) tensor Sym^5(1/2,1/2)	-1	5	proven minimal raw chain	minimal master-action rule	K_0 c	3	0	retained by p_gf	exact
4	194	minimal	diffeomorphism ghost c_mu	c_mu_3[P0*P1*P3^3]	194	1	0	-1	4	(1/2,1/2) tensor Sym^5(1/2,1/2)	-1	5	proven minimal raw chain	minimal master-action rule	K_0 c	8	0	retained by p_gf	exact
4	195	minimal	diffeomorphism ghost c_mu	c_mu_3[P0*P1*P2*P3^2]	195	1	0	-1	4	(1/2,1/2) tensor Sym^5(1/2,1/2)	-1	5	proven minimal raw chain	minimal master-action rule	K_0 c	10	0	retained by p_gf	exact
4	196	minimal	diffeomorphism ghost c_mu	c_mu_3[P0*P1*P2^2*P3]	196	1	0	-1	4	(1/2,1/2) tensor Sym^5(1/2,1/2)	-1	5	proven minimal raw chain	minimal master-action rule	K_0 c	10	0	retained by p_gf	exact
4	197	minimal	diffeomorphism ghost c_mu	c_mu_3[P0*P1*P2^3]	197	1	0	-1	4	(1/2,1/2) tensor Sym^5(1/2,1/2)	-1	5	proven minimal raw chain	minimal master-action rule	K_0 c	4	0	retained by p_gf	exact
4	198	minimal	diffeomorphism ghost c_mu	c_mu_3[P0*P1^2*P3^2]	198	1	0	-1	4	(1/2,1/2) tensor Sym^5(1/2,1/2)	-1	5	proven minimal raw chain	minimal master-action rule	K_0 c	9	0	retained by p_gf	exact
4	199	minimal	diffeomorphism ghost c_mu	c_mu_3[P0*P1^2*P2*P3]	199	1	0	-1	4	(1/2,1/2) tensor Sym^5(1/2,1/2)	-1	5	proven minimal raw chain	minimal master-action rule	K_0 c	10	0	retained by p_gf	exact
4	200	minimal	diffeomorphism ghost c_mu	c_mu_3[P0*P1^2*P2^2]	200	1	0	-1	4	(1/2,1/2) tensor Sym^5(1/2,1/2)	-1	5	proven minimal raw chain	minimal master-action rule	K_0 c	5	0	retained by p_gf	exact
4	201	minimal	diffeomorphism ghost c_mu	c_mu_3[P0*P1^3*P3]	201	1	0	-1	4	(1/2,1/2) tensor Sym^5(1/2,1/2)	-1	5	proven minimal raw chain	minimal master-action rule	K_0 c	8	0	retained by p_gf	exact
4	202	minimal	diffeomorphism ghost c_mu	c_mu_3[P0*P1^3*P2]	202	1	0	-1	4	(1/2,1/2) tensor Sym^5(1/2,1/2)	-1	5	proven minimal raw chain	minimal master-action rule	K_0 c	4	0	retained by p_gf	exact
4	203	minimal	diffeomorphism ghost c_mu	c_mu_3[P0*P1^4]	203	1	0	-1	4	(1/2,1/2) tensor Sym^5(1/2,1/2)	-1	5	proven minimal raw chain	minimal master-action rule	K_0 c	3	0	retained by p_gf	exact
4	204	minimal	diffeomorphism ghost c_mu	c_mu_3[P0^2*P3^3]	204	1	0	-1	4	(1/2,1/2) tensor Sym^5(1/2,1/2)	-1	5	proven minimal raw chain	minimal master-action rule	K_0 c	7	0	retained by p_gf	exact
4	205	minimal	diffeomorphism ghost c_mu	c_mu_3[P0^2*P2*P3^2]	205	1	0	-1	4	(1/2,1/2) tensor Sym^5(1/2,1/2)	-1	5	proven minimal raw chain	minimal master-action rule	K_0 c	9	0	retained by p_gf	exact
4	206	minimal	diffeomorphism ghost c_mu	c_mu_3[P0^2*P2^2*P3]	206	1	0	-1	4	(1/2,1/2) tensor Sym^5(1/2,1/2)	-1	5	proven minimal raw chain	minimal master-action rule	K_0 c	9	0	retained by p_gf	exact
4	207	minimal	diffeomorphism ghost c_mu	c_mu_3[P0^2*P2^3]	207	1	0	-1	4	(1/2,1/2) tensor Sym^5(1/2,1/2)	-1	5	proven minimal raw chain	minimal master-action rule	K_0 c	4	0	retained by p_gf	exact
4	208	minimal	diffeomorphism ghost c_mu	c_mu_3[P0^2*P1*P3^2]	208	1	0	-1	4	(1/2,1/2) tensor Sym^5(1/2,1/2)	-1	5	proven minimal raw chain	minimal master-action rule	K_0 c	9	0	retained by p_gf	exact
4	209	minimal	diffeomorphism ghost c_mu	c_mu_3[P0^2*P1*P2*P3]	209	1	0	-1	4	(1/2,1/2) tensor Sym^5(1/2,1/2)	-1	5	proven minimal raw chain	minimal master-action rule	K_0 c	10	0	retained by p_gf	exact
4	210	minimal	diffeomorphism ghost c_mu	c_mu_3[P0^2*P1*P2^2]	210	1	0	-1	4	(1/2,1/2) tensor Sym^5(1/2,1/2)	-1	5	proven minimal raw chain	minimal master-action rule	K_0 c	5	0	retained by p_gf	exact
4	211	minimal	diffeomorphism ghost c_mu	c_mu_3[P0^2*P1^2*P3]	211	1	0	-1	4	(1/2,1/2) tensor Sym^5(1/2,1/2)	-1	5	proven minimal raw chain	minimal master-action rule	K_0 c	9	0	retained by p_gf	exact
4	212	minimal	diffeomorphism ghost c_mu	c_mu_3[P0^2*P1^2*P2]	212	1	0	-1	4	(1/2,1/2) tensor Sym^5(1/2,1/2)	-1	5	proven minimal raw chain	minimal master-action rule	K_0 c	5	0	retained by p_gf	exact
4	213	minimal	diffeomorphism ghost c_mu	c_mu_3[P0^2*P1^3]	213	1	0	-1	4	(1/2,1/2) tensor Sym^5(1/2,1/2)	-1	5	proven minimal raw chain	minimal master-action rule	K_0 c	4	0	retained by p_gf	exact
4	214	minimal	diffeomorphism ghost c_mu	c_mu_3[P0^3*P3^2]	214	1	0	-1	4	(1/2,1/2) tensor Sym^5(1/2,1/2)	-1	5	proven minimal raw chain	minimal master-action rule	K_0 c	7	0	retained by p_gf	exact
4	215	minimal	diffeomorphism ghost c_mu	c_mu_3[P0^3*P2*P3]	215	1	0	-1	4	(1/2,1/2) tensor Sym^5(1/2,1/2)	-1	5	proven minimal raw chain	minimal master-action rule	K_0 c	8	0	retained by p_gf	exact
4	216	minimal	diffeomorphism ghost c_mu	c_mu_3[P0^3*P2^2]	216	1	0	-1	4	(1/2,1/2) tensor Sym^5(1/2,1/2)	-1	5	proven minimal raw chain	minimal master-action rule	K_0 c	4	0	retained by p_gf	exact
4	217	minimal	diffeomorphism ghost c_mu	c_mu_3[P0^3*P1*P3]	217	1	0	-1	4	(1/2,1/2) tensor Sym^5(1/2,1/2)	-1	5	proven minimal raw chain	minimal master-action rule	K_0 c	8	0	retained by p_gf	exact
4	218	minimal	diffeomorphism ghost c_mu	c_mu_3[P0^3*P1*P2]	218	1	0	-1	4	(1/2,1/2) tensor Sym^5(1/2,1/2)	-1	5	proven minimal raw chain	minimal master-action rule	K_0 c	4	0	retained by p_gf	exact
4	219	minimal	diffeomorphism ghost c_mu	c_mu_3[P0^3*P1^2]	219	1	0	-1	4	(1/2,1/2) tensor Sym^5(1/2,1/2)	-1	5	proven minimal raw chain	minimal master-action rule	K_0 c	4	0	retained by p_gf	exact
4	220	minimal	diffeomorphism ghost c_mu	c_mu_3[P0^4*P3]	220	1	0	-1	4	(1/2,1/2) tensor Sym^5(1/2,1/2)	-1	5	proven minimal raw chain	minimal master-action rule	K_0 c	6	0	retained by p_gf	exact
4	221	minimal	diffeomorphism ghost c_mu	c_mu_3[P0^4*P2]	221	1	0	-1	4	(1/2,1/2) tensor Sym^5(1/2,1/2)	-1	5	proven minimal raw chain	minimal master-action rule	K_0 c	3	0	retained by p_gf	exact
4	222	minimal	diffeomorphism ghost c_mu	c_mu_3[P0^4*P1]	222	1	0	-1	4	(1/2,1/2) tensor Sym^5(1/2,1/2)	-1	5	proven minimal raw chain	minimal master-action rule	K_0 c	3	0	retained by p_gf	exact
4	223	minimal	diffeomorphism ghost c_mu	c_mu_3[P0^5]	223	1	0	-1	4	(1/2,1/2) tensor Sym^5(1/2,1/2)	-1	5	proven minimal raw chain	minimal master-action rule	K_0 c	2	0	retained by p_gf	exact
4	224	minimal	Weyl ghost omega	Omega[P3^4]	224	1	0	-1	4	(0,0) tensor Sym^4(1/2,1/2)	0	4	proven minimal raw chain	minimal master-action rule	tau	2	0	retained by p_gf	exact
4	225	minimal	Weyl ghost omega	Omega[P2*P3^3]	225	1	0	-1	4	(0,0) tensor Sym^4(1/2,1/2)	0	4	proven minimal raw chain	minimal master-action rule	tau	2	0	retained by p_gf	exact
4	226	minimal	Weyl ghost omega	Omega[P2^2*P3^2]	226	1	0	-1	4	(0,0) tensor Sym^4(1/2,1/2)	0	4	proven minimal raw chain	minimal master-action rule	tau	2	0	retained by p_gf	exact
4	227	minimal	Weyl ghost omega	Omega[P2^3*P3]	227	1	0	-1	4	(0,0) tensor Sym^4(1/2,1/2)	0	4	proven minimal raw chain	minimal master-action rule	tau	2	0	retained by p_gf	exact
4	228	minimal	Weyl ghost omega	Omega[P2^4]	228	1	0	-1	4	(0,0) tensor Sym^4(1/2,1/2)	0	4	proven minimal raw chain	minimal master-action rule	tau	2	0	retained by p_gf	exact
4	229	minimal	Weyl ghost omega	Omega[P1*P3^3]	229	1	0	-1	4	(0,0) tensor Sym^4(1/2,1/2)	0	4	proven minimal raw chain	minimal master-action rule	tau	2	0	retained by p_gf	exact
4	230	minimal	Weyl ghost omega	Omega[P1*P2*P3^2]	230	1	0	-1	4	(0,0) tensor Sym^4(1/2,1/2)	0	4	proven minimal raw chain	minimal master-action rule	tau	2	0	retained by p_gf	exact
4	231	minimal	Weyl ghost omega	Omega[P1*P2^2*P3]	231	1	0	-1	4	(0,0) tensor Sym^4(1/2,1/2)	0	4	proven minimal raw chain	minimal master-action rule	tau	2	0	retained by p_gf	exact
4	232	minimal	Weyl ghost omega	Omega[P1*P2^3]	232	1	0	-1	4	(0,0) tensor Sym^4(1/2,1/2)	0	4	proven minimal raw chain	minimal master-action rule	tau	2	0	retained by p_gf	exact
4	233	minimal	Weyl ghost omega	Omega[P1^2*P3^2]	233	1	0	-1	4	(0,0) tensor Sym^4(1/2,1/2)	0	4	proven minimal raw chain	minimal master-action rule	tau	2	0	retained by p_gf	exact
4	234	minimal	Weyl ghost omega	Omega[P1^2*P2*P3]	234	1	0	-1	4	(0,0) tensor Sym^4(1/2,1/2)	0	4	proven minimal raw chain	minimal master-action rule	tau	2	0	retained by p_gf	exact
4	235	minimal	Weyl ghost omega	Omega[P1^2*P2^2]	235	1	0	-1	4	(0,0) tensor Sym^4(1/2,1/2)	0	4	proven minimal raw chain	minimal master-action rule	tau	2	0	retained by p_gf	exact
4	236	minimal	Weyl ghost omega	Omega[P1^3*P3]	236	1	0	-1	4	(0,0) tensor Sym^4(1/2,1/2)	0	4	proven minimal raw chain	minimal master-action rule	tau	2	0	retained by p_gf	exact
4	237	minimal	Weyl ghost omega	Omega[P1^3*P2]	237	1	0	-1	4	(0,0) tensor Sym^4(1/2,1/2)	0	4	proven minimal raw chain	minimal master-action rule	tau	2	0	retained by p_gf	exact
4	238	minimal	Weyl ghost omega	Omega[P1^4]	238	1	0	-1	4	(0,0) tensor Sym^4(1/2,1/2)	0	4	proven minimal raw chain	minimal master-action rule	tau	2	0	retained by p_gf	exact
4	239	minimal	Weyl ghost omega	Omega[P0*P3^3]	239	1	0	-1	4	(0,0) tensor Sym^4(1/2,1/2)	0	4	proven minimal raw chain	minimal master-action rule	tau	2	0	retained by p_gf	exact
4	240	minimal	Weyl ghost omega	Omega[P0*P2*P3^2]	240	1	0	-1	4	(0,0) tensor Sym^4(1/2,1/2)	0	4	proven minimal raw chain	minimal master-action rule	tau	2	0	retained by p_gf	exact
4	241	minimal	Weyl ghost omega	Omega[P0*P2^2*P3]	241	1	0	-1	4	(0,0) tensor Sym^4(1/2,1/2)	0	4	proven minimal raw chain	minimal master-action rule	tau	2	0	retained by p_gf	exact
4	242	minimal	Weyl ghost omega	Omega[P0*P2^3]	242	1	0	-1	4	(0,0) tensor Sym^4(1/2,1/2)	0	4	proven minimal raw chain	minimal master-action rule	tau	2	0	retained by p_gf	exact
4	243	minimal	Weyl ghost omega	Omega[P0*P1*P3^2]	243	1	0	-1	4	(0,0) tensor Sym^4(1/2,1/2)	0	4	proven minimal raw chain	minimal master-action rule	tau	2	0	retained by p_gf	exact
4	244	minimal	Weyl ghost omega	Omega[P0*P1*P2*P3]	244	1	0	-1	4	(0,0) tensor Sym^4(1/2,1/2)	0	4	proven minimal raw chain	minimal master-action rule	tau	2	0	retained by p_gf	exact
4	245	minimal	Weyl ghost omega	Omega[P0*P1*P2^2]	245	1	0	-1	4	(0,0) tensor Sym^4(1/2,1/2)	0	4	proven minimal raw chain	minimal master-action rule	tau	2	0	retained by p_gf	exact
4	246	minimal	Weyl ghost omega	Omega[P0*P1^2*P3]	246	1	0	-1	4	(0,0) tensor Sym^4(1/2,1/2)	0	4	proven minimal raw chain	minimal master-action rule	tau	2	0	retained by p_gf	exact
4	247	minimal	Weyl ghost omega	Omega[P0*P1^2*P2]	247	1	0	-1	4	(0,0) tensor Sym^4(1/2,1/2)	0	4	proven minimal raw chain	minimal master-action rule	tau	2	0	retained by p_gf	exact
4	248	minimal	Weyl ghost omega	Omega[P0*P1^3]	248	1	0	-1	4	(0,0) tensor Sym^4(1/2,1/2)	0	4	proven minimal raw chain	minimal master-action rule	tau	2	0	retained by p_gf	exact
4	249	minimal	Weyl ghost omega	Omega[P0^2*P3^2]	249	1	0	-1	4	(0,0) tensor Sym^4(1/2,1/2)	0	4	proven minimal raw chain	minimal master-action rule	tau	2	0	retained by p_gf	exact
4	250	minimal	Weyl ghost omega	Omega[P0^2*P2*P3]	250	1	0	-1	4	(0,0) tensor Sym^4(1/2,1/2)	0	4	proven minimal raw chain	minimal master-action rule	tau	2	0	retained by p_gf	exact
4	251	minimal	Weyl ghost omega	Omega[P0^2*P2^2]	251	1	0	-1	4	(0,0) tensor Sym^4(1/2,1/2)	0	4	proven minimal raw chain	minimal master-action rule	tau	2	0	retained by p_gf	exact
4	252	minimal	Weyl ghost omega	Omega[P0^2*P1*P3]	252	1	0	-1	4	(0,0) tensor Sym^4(1/2,1/2)	0	4	proven minimal raw chain	minimal master-action rule	tau	2	0	retained by p_gf	exact
4	253	minimal	Weyl ghost omega	Omega[P0^2*P1*P2]	253	1	0	-1	4	(0,0) tensor Sym^4(1/2,1/2)	0	4	proven minimal raw chain	minimal master-action rule	tau	2	0	retained by p_gf	exact
4	254	minimal	Weyl ghost omega	Omega[P0^2*P1^2]	254	1	0	-1	4	(0,0) tensor Sym^4(1/2,1/2)	0	4	proven minimal raw chain	minimal master-action rule	tau	2	0	retained by p_gf	exact
4	255	minimal	Weyl ghost omega	Omega[P0^3*P3]	255	1	0	-1	4	(0,0) tensor Sym^4(1/2,1/2)	0	4	proven minimal raw chain	minimal master-action rule	tau	2	0	retained by p_gf	exact
4	256	minimal	Weyl ghost omega	Omega[P0^3*P2]	256	1	0	-1	4	(0,0) tensor Sym^4(1/2,1/2)	0	4	proven minimal raw chain	minimal master-action rule	tau	2	0	retained by p_gf	exact
4	257	minimal	Weyl ghost omega	Omega[P0^3*P1]	257	1	0	-1	4	(0,0) tensor Sym^4(1/2,1/2)	0	4	proven minimal raw chain	minimal master-action rule	tau	2	0	retained by p_gf	exact
4	258	minimal	Weyl ghost omega	Omega[P0^4]	258	1	0	-1	4	(0,0) tensor Sym^4(1/2,1/2)	0	4	proven minimal raw chain	minimal master-action rule	tau	2	0	retained by p_gf	exact
4	259	minimal	trace-free metric fluctuation	h_0_(01)[P3^4]	259	0	0	0	4	(1,1) tensor Sym^4(1/2,1/2)	0	4	proven minimal raw chain	minimal master-action rule	B_lin h_0	1	0	retained by p_gf	exact
4	260	minimal	trace-free metric fluctuation	h_0_(01)[P2*P3^3]	260	0	0	0	4	(1,1) tensor Sym^4(1/2,1/2)	0	4	proven minimal raw chain	minimal master-action rule	B_lin h_0	0	0	retained by p_gf	exact
4	261	minimal	trace-free metric fluctuation	h_0_(01)[P2^2*P3^2]	261	0	0	0	4	(1,1) tensor Sym^4(1/2,1/2)	0	4	proven minimal raw chain	minimal master-action rule	B_lin h_0	1	0	retained by p_gf	exact
4	262	minimal	trace-free metric fluctuation	h_0_(01)[P2^3*P3]	262	0	0	0	4	(1,1) tensor Sym^4(1/2,1/2)	0	4	proven minimal raw chain	minimal master-action rule	B_lin h_0	0	0	retained by p_gf	exact
4	263	minimal	trace-free metric fluctuation	h_0_(01)[P2^4]	263	0	0	0	4	(1,1) tensor Sym^4(1/2,1/2)	0	4	proven minimal raw chain	minimal master-action rule	B_lin h_0	1	0	retained by p_gf	exact
4	264	minimal	trace-free metric fluctuation	h_0_(01)[P1*P3^3]	264	0	0	0	4	(1,1) tensor Sym^4(1/2,1/2)	0	4	proven minimal raw chain	minimal master-action rule	B_lin h_0	2	1	retained by p_gf	exact
4	265	minimal	trace-free metric fluctuation	h_0_(01)[P1*P2*P3^2]	265	0	0	0	4	(1,1) tensor Sym^4(1/2,1/2)	0	4	proven minimal raw chain	minimal master-action rule	B_lin h_0	2	1	retained by p_gf	exact
4	266	minimal	trace-free metric fluctuation	h_0_(01)[P1*P2^2*P3]	266	0	0	0	4	(1,1) tensor Sym^4(1/2,1/2)	0	4	proven minimal raw chain	minimal master-action rule	B_lin h_0	2	1	retained by p_gf	exact
4	267	minimal	trace-free metric fluctuation	h_0_(01)[P1*P2^3]	267	0	0	0	4	(1,1) tensor Sym^4(1/2,1/2)	0	4	proven minimal raw chain	minimal master-action rule	B_lin h_0	2	1	retained by p_gf	exact
4	268	minimal	trace-free metric fluctuation	h_0_(01)[P1^2*P3^2]	268	0	0	0	4	(1,1) tensor Sym^4(1/2,1/2)	0	4	proven minimal raw chain	minimal master-action rule	B_lin h_0	2	1	retained by p_gf	exact
4	269	minimal	trace-free metric fluctuation	h_0_(01)[P1^2*P2*P3]	269	0	0	0	4	(1,1) tensor Sym^4(1/2,1/2)	0	4	proven minimal raw chain	minimal master-action rule	B_lin h_0	1	1	retained by p_gf	exact
4	270	minimal	trace-free metric fluctuation	h_0_(01)[P1^2*P2^2]	270	0	0	0	4	(1,1) tensor Sym^4(1/2,1/2)	0	4	proven minimal raw chain	minimal master-action rule	B_lin h_0	2	1	retained by p_gf	exact
4	271	minimal	trace-free metric fluctuation	h_0_(01)[P1^3*P3]	271	0	0	0	4	(1,1) tensor Sym^4(1/2,1/2)	0	4	proven minimal raw chain	minimal master-action rule	B_lin h_0	2	1	retained by p_gf	exact
4	272	minimal	trace-free metric fluctuation	h_0_(01)[P1^3*P2]	272	0	0	0	4	(1,1) tensor Sym^4(1/2,1/2)	0	4	proven minimal raw chain	minimal master-action rule	B_lin h_0	2	1	retained by p_gf	exact
4	273	minimal	trace-free metric fluctuation	h_0_(01)[P1^4]	273	0	0	0	4	(1,1) tensor Sym^4(1/2,1/2)	0	4	proven minimal raw chain	minimal master-action rule	B_lin h_0	1	1	retained by p_gf	exact
4	274	minimal	trace-free metric fluctuation	h_0_(01)[P0*P3^3]	274	0	0	0	4	(1,1) tensor Sym^4(1/2,1/2)	0	4	proven minimal raw chain	minimal master-action rule	B_lin h_0	2	1	retained by p_gf	exact
4	275	minimal	trace-free metric fluctuation	h_0_(01)[P0*P2*P3^2]	275	0	0	0	4	(1,1) tensor Sym^4(1/2,1/2)	0	4	proven minimal raw chain	minimal master-action rule	B_lin h_0	2	1	retained by p_gf	exact
4	276	minimal	trace-free metric fluctuation	h_0_(01)[P0*P2^2*P3]	276	0	0	0	4	(1,1) tensor Sym^4(1/2,1/2)	0	4	proven minimal raw chain	minimal master-action rule	B_lin h_0	2	1	retained by p_gf	exact
4	277	minimal	trace-free metric fluctuation	h_0_(01)[P0*P2^3]	277	0	0	0	4	(1,1) tensor Sym^4(1/2,1/2)	0	4	proven minimal raw chain	minimal master-action rule	B_lin h_0	2	1	retained by p_gf	exact
4	278	minimal	trace-free metric fluctuation	h_0_(01)[P0*P1*P3^2]	278	0	0	0	4	(1,1) tensor Sym^4(1/2,1/2)	0	4	proven minimal raw chain	minimal master-action rule	B_lin h_0	5	2	retained by p_gf	exact
4	279	minimal	trace-free metric fluctuation	h_0_(01)[P0*P1*P2*P3]	279	0	0	0	4	(1,1) tensor Sym^4(1/2,1/2)	0	4	proven minimal raw chain	minimal master-action rule	B_lin h_0	3	2	retained by p_gf	exact
4	280	minimal	trace-free metric fluctuation	h_0_(01)[P0*P1*P2^2]	280	0	0	0	4	(1,1) tensor Sym^4(1/2,1/2)	0	4	proven minimal raw chain	minimal master-action rule	B_lin h_0	5	2	retained by p_gf	exact
4	281	minimal	trace-free metric fluctuation	h_0_(01)[P0*P1^2*P3]	281	0	0	0	4	(1,1) tensor Sym^4(1/2,1/2)	0	4	proven minimal raw chain	minimal master-action rule	B_lin h_0	3	2	retained by p_gf	exact
4	282	minimal	trace-free metric fluctuation	h_0_(01)[P0*P1^2*P2]	282	0	0	0	4	(1,1) tensor Sym^4(1/2,1/2)	0	4	proven minimal raw chain	minimal master-action rule	B_lin h_0	3	2	retained by p_gf	exact
4	283	minimal	trace-free metric fluctuation	h_0_(01)[P0*P1^3]	283	0	0	0	4	(1,1) tensor Sym^4(1/2,1/2)	0	4	proven minimal raw chain	minimal master-action rule	B_lin h_0	4	2	retained by p_gf	exact
4	284	minimal	trace-free metric fluctuation	h_0_(01)[P0^2*P3^2]	284	0	0	0	4	(1,1) tensor Sym^4(1/2,1/2)	0	4	proven minimal raw chain	minimal master-action rule	B_lin h_0	2	1	retained by p_gf	exact
4	285	minimal	trace-free metric fluctuation	h_0_(01)[P0^2*P2*P3]	285	0	0	0	4	(1,1) tensor Sym^4(1/2,1/2)	0	4	proven minimal raw chain	minimal master-action rule	B_lin h_0	1	1	retained by p_gf	exact
4	286	minimal	trace-free metric fluctuation	h_0_(01)[P0^2*P2^2]	286	0	0	0	4	(1,1) tensor Sym^4(1/2,1/2)	0	4	proven minimal raw chain	minimal master-action rule	B_lin h_0	2	1	retained by p_gf	exact
4	287	minimal	trace-free metric fluctuation	h_0_(01)[P0^2*P1*P3]	287	0	0	0	4	(1,1) tensor Sym^4(1/2,1/2)	0	4	proven minimal raw chain	minimal master-action rule	B_lin h_0	3	2	retained by p_gf	exact
4	288	minimal	trace-free metric fluctuation	h_0_(01)[P0^2*P1*P2]	288	0	0	0	4	(1,1) tensor Sym^4(1/2,1/2)	0	4	proven minimal raw chain	minimal master-action rule	B_lin h_0	3	2	retained by p_gf	exact
4	289	minimal	trace-free metric fluctuation	h_0_(01)[P0^2*P1^2]	289	0	0	0	4	(1,1) tensor Sym^4(1/2,1/2)	0	4	proven minimal raw chain	minimal master-action rule	B_lin h_0	3	2	retained by p_gf	exact
4	290	minimal	trace-free metric fluctuation	h_0_(01)[P0^3*P3]	290	0	0	0	4	(1,1) tensor Sym^4(1/2,1/2)	0	4	proven minimal raw chain	minimal master-action rule	B_lin h_0	2	1	retained by p_gf	exact
4	291	minimal	trace-free metric fluctuation	h_0_(01)[P0^3*P2]	291	0	0	0	4	(1,1) tensor Sym^4(1/2,1/2)	0	4	proven minimal raw chain	minimal master-action rule	B_lin h_0	2	1	retained by p_gf	exact
4	292	minimal	trace-free metric fluctuation	h_0_(01)[P0^3*P1]	292	0	0	0	4	(1,1) tensor Sym^4(1/2,1/2)	0	4	proven minimal raw chain	minimal master-action rule	B_lin h_0	4	2	retained by p_gf	exact
4	293	minimal	trace-free metric fluctuation	h_0_(01)[P0^4]	293	0	0	0	4	(1,1) tensor Sym^4(1/2,1/2)	0	4	proven minimal raw chain	minimal master-action rule	B_lin h_0	1	1	retained by p_gf	exact
4	294	minimal	trace-free metric fluctuation	h_0_(02)[P3^4]	294	0	0	0	4	(1,1) tensor Sym^4(1/2,1/2)	0	4	proven minimal raw chain	minimal master-action rule	B_lin h_0	1	0	retained by p_gf	exact
4	295	minimal	trace-free metric fluctuation	h_0_(02)[P2*P3^3]	295	0	0	0	4	(1,1) tensor Sym^4(1/2,1/2)	0	4	proven minimal raw chain	minimal master-action rule	B_lin h_0	2	1	retained by p_gf	exact
4	296	minimal	trace-free metric fluctuation	h_0_(02)[P2^2*P3^2]	296	0	0	0	4	(1,1) tensor Sym^4(1/2,1/2)	0	4	proven minimal raw chain	minimal master-action rule	B_lin h_0	2	1	retained by p_gf	exact
4	297	minimal	trace-free metric fluctuation	h_0_(02)[P2^3*P3]	297	0	0	0	4	(1,1) tensor Sym^4(1/2,1/2)	0	4	proven minimal raw chain	minimal master-action rule	B_lin h_0	2	1	retained by p_gf	exact
4	298	minimal	trace-free metric fluctuation	h_0_(02)[P2^4]	298	0	0	0	4	(1,1) tensor Sym^4(1/2,1/2)	0	4	proven minimal raw chain	minimal master-action rule	B_lin h_0	1	1	retained by p_gf	exact
4	299	minimal	trace-free metric fluctuation	h_0_(02)[P1*P3^3]	299	0	0	0	4	(1,1) tensor Sym^4(1/2,1/2)	0	4	proven minimal raw chain	minimal master-action rule	B_lin h_0	0	0	retained by p_gf	exact
4	300	minimal	trace-free metric fluctuation	h_0_(02)[P1*P2*P3^2]	300	0	0	0	4	(1,1) tensor Sym^4(1/2,1/2)	0	4	proven minimal raw chain	minimal master-action rule	B_lin h_0	2	1	retained by p_gf	exact
4	301	minimal	trace-free metric fluctuation	h_0_(02)[P1*P2^2*P3]	301	0	0	0	4	(1,1) tensor Sym^4(1/2,1/2)	0	4	proven minimal raw chain	minimal master-action rule	B_lin h_0	1	1	retained by p_gf	exact
4	302	minimal	trace-free metric fluctuation	h_0_(02)[P1*P2^3]	302	0	0	0	4	(1,1) tensor Sym^4(1/2,1/2)	0	4	proven minimal raw chain	minimal master-action rule	B_lin h_0	2	1	retained by p_gf	exact
4	303	minimal	trace-free metric fluctuation	h_0_(02)[P1^2*P3^2]	303	0	0	0	4	(1,1) tensor Sym^4(1/2,1/2)	0	4	proven minimal raw chain	minimal master-action rule	B_lin h_0	1	0	retained by p_gf	exact
4	304	minimal	trace-free metric fluctuation	h_0_(02)[P1^2*P2*P3]	304	0	0	0	4	(1,1) tensor Sym^4(1/2,1/2)	0	4	proven minimal raw chain	minimal master-action rule	B_lin h_0	2	1	retained by p_gf	exact
4	305	minimal	trace-free metric fluctuation	h_0_(02)[P1^2*P2^2]	305	0	0	0	4	(1,1) tensor Sym^4(1/2,1/2)	0	4	proven minimal raw chain	minimal master-action rule	B_lin h_0	2	1	retained by p_gf	exact
4	306	minimal	trace-free metric fluctuation	h_0_(02)[P1^3*P3]	306	0	0	0	4	(1,1) tensor Sym^4(1/2,1/2)	0	4	proven minimal raw chain	minimal master-action rule	B_lin h_0	0	0	retained by p_gf	exact
4	307	minimal	trace-free metric fluctuation	h_0_(02)[P1^3*P2]	307	0	0	0	4	(1,1) tensor Sym^4(1/2,1/2)	0	4	proven minimal raw chain	minimal master-action rule	B_lin h_0	2	1	retained by p_gf	exact
4	308	minimal	trace-free metric fluctuation	h_0_(02)[P1^4]	308	0	0	0	4	(1,1) tensor Sym^4(1/2,1/2)	0	4	proven minimal raw chain	minimal master-action rule	B_lin h_0	1	0	retained by p_gf	exact
4	309	minimal	trace-free metric fluctuation	h_0_(02)[P0*P3^3]	309	0	0	0	4	(1,1) tensor Sym^4(1/2,1/2)	0	4	proven minimal raw chain	minimal master-action rule	B_lin h_0	2	1	retained by p_gf	exact
4	310	minimal	trace-free metric fluctuation	h_0_(02)[P0*P2*P3^2]	310	0	0	0	4	(1,1) tensor Sym^4(1/2,1/2)	0	4	proven minimal raw chain	minimal master-action rule	B_lin h_0	5	2	retained by p_gf	exact
4	311	minimal	trace-free metric fluctuation	h_0_(02)[P0*P2^2*P3]	311	0	0	0	4	(1,1) tensor Sym^4(1/2,1/2)	0	4	proven minimal raw chain	minimal master-action rule	B_lin h_0	3	2	retained by p_gf	exact
4	312	minimal	trace-free metric fluctuation	h_0_(02)[P0*P2^3]	312	0	0	0	4	(1,1) tensor Sym^4(1/2,1/2)	0	4	proven minimal raw chain	minimal master-action rule	B_lin h_0	4	2	retained by p_gf	exact
4	313	minimal	trace-free metric fluctuation	h_0_(02)[P0*P1*P3^2]	313	0	0	0	4	(1,1) tensor Sym^4(1/2,1/2)	0	4	proven minimal raw chain	minimal master-action rule	B_lin h_0	2	1	retained by p_gf	exact
4	314	minimal	trace-free metric fluctuation	h_0_(02)[P0*P1*P2*P3]	314	0	0	0	4	(1,1) tensor Sym^4(1/2,1/2)	0	4	proven minimal raw chain	minimal master-action rule	B_lin h_0	3	2	retained by p_gf	exact
4	315	minimal	trace-free metric fluctuation	h_0_(02)[P0*P1*P2^2]	315	0	0	0	4	(1,1) tensor Sym^4(1/2,1/2)	0	4	proven minimal raw chain	minimal master-action rule	B_lin h_0	3	2	retained by p_gf	exact
4	316	minimal	trace-free metric fluctuation	h_0_(02)[P0*P1^2*P3]	316	0	0	0	4	(1,1) tensor Sym^4(1/2,1/2)	0	4	proven minimal raw chain	minimal master-action rule	B_lin h_0	2	1	retained by p_gf	exact
4	317	minimal	trace-free metric fluctuation	h_0_(02)[P0*P1^2*P2]	317	0	0	0	4	(1,1) tensor Sym^4(1/2,1/2)	0	4	proven minimal raw chain	minimal master-action rule	B_lin h_0	5	2	retained by p_gf	exact
4	318	minimal	trace-free metric fluctuation	h_0_(02)[P0*P1^3]	318	0	0	0	4	(1,1) tensor Sym^4(1/2,1/2)	0	4	proven minimal raw chain	minimal master-action rule	B_lin h_0	2	1	retained by p_gf	exact
4	319	minimal	trace-free metric fluctuation	h_0_(02)[P0^2*P3^2]	319	0	0	0	4	(1,1) tensor Sym^4(1/2,1/2)	0	4	proven minimal raw chain	minimal master-action rule	B_lin h_0	2	1	retained by p_gf	exact
4	320	minimal	trace-free metric fluctuation	h_0_(02)[P0^2*P2*P3]	320	0	0	0	4	(1,1) tensor Sym^4(1/2,1/2)	0	4	proven minimal raw chain	minimal master-action rule	B_lin h_0	3	2	retained by p_gf	exact
4	321	minimal	trace-free metric fluctuation	h_0_(02)[P0^2*P2^2]	321	0	0	0	4	(1,1) tensor Sym^4(1/2,1/2)	0	4	proven minimal raw chain	minimal master-action rule	B_lin h_0	3	2	retained by p_gf	exact
4	322	minimal	trace-free metric fluctuation	h_0_(02)[P0^2*P1*P3]	322	0	0	0	4	(1,1) tensor Sym^4(1/2,1/2)	0	4	proven minimal raw chain	minimal master-action rule	B_lin h_0	1	1	retained by p_gf	exact
4	323	minimal	trace-free metric fluctuation	h_0_(02)[P0^2*P1*P2]	323	0	0	0	4	(1,1) tensor Sym^4(1/2,1/2)	0	4	proven minimal raw chain	minimal master-action rule	B_lin h_0	3	2	retained by p_gf	exact
4	324	minimal	trace-free metric fluctuation	h_0_(02)[P0^2*P1^2]	324	0	0	0	4	(1,1) tensor Sym^4(1/2,1/2)	0	4	proven minimal raw chain	minimal master-action rule	B_lin h_0	2	1	retained by p_gf	exact
4	325	minimal	trace-free metric fluctuation	h_0_(02)[P0^3*P3]	325	0	0	0	4	(1,1) tensor Sym^4(1/2,1/2)	0	4	proven minimal raw chain	minimal master-action rule	B_lin h_0	2	1	retained by p_gf	exact
4	326	minimal	trace-free metric fluctuation	h_0_(02)[P0^3*P2]	326	0	0	0	4	(1,1) tensor Sym^4(1/2,1/2)	0	4	proven minimal raw chain	minimal master-action rule	B_lin h_0	4	2	retained by p_gf	exact
4	327	minimal	trace-free metric fluctuation	h_0_(02)[P0^3*P1]	327	0	0	0	4	(1,1) tensor Sym^4(1/2,1/2)	0	4	proven minimal raw chain	minimal master-action rule	B_lin h_0	2	1	retained by p_gf	exact
4	328	minimal	trace-free metric fluctuation	h_0_(02)[P0^4]	328	0	0	0	4	(1,1) tensor Sym^4(1/2,1/2)	0	4	proven minimal raw chain	minimal master-action rule	B_lin h_0	1	1	retained by p_gf	exact
4	329	minimal	trace-free metric fluctuation	h_0_(03)[P3^4]	329	0	0	0	4	(1,1) tensor Sym^4(1/2,1/2)	0	4	proven minimal raw chain	minimal master-action rule	B_lin h_0	1	1	retained by p_gf	exact
4	330	minimal	trace-free metric fluctuation	h_0_(03)[P2*P3^3]	330	0	0	0	4	(1,1) tensor Sym^4(1/2,1/2)	0	4	proven minimal raw chain	minimal master-action rule	B_lin h_0	2	1	retained by p_gf	exact
4	331	minimal	trace-free metric fluctuation	h_0_(03)[P2^2*P3^2]	331	0	0	0	4	(1,1) tensor Sym^4(1/2,1/2)	0	4	proven minimal raw chain	minimal master-action rule	B_lin h_0	2	1	retained by p_gf	exact
4	332	minimal	trace-free metric fluctuation	h_0_(03)[P2^3*P3]	332	0	0	0	4	(1,1) tensor Sym^4(1/2,1/2)	0	4	proven minimal raw chain	minimal master-action rule	B_lin h_0	2	1	retained by p_gf	exact
4	333	minimal	trace-free metric fluctuation	h_0_(03)[P2^4]	333	0	0	0	4	(1,1) tensor Sym^4(1/2,1/2)	0	4	proven minimal raw chain	minimal master-action rule	B_lin h_0	1	0	retained by p_gf	exact
4	334	minimal	trace-free metric fluctuation	h_0_(03)[P1*P3^3]	334	0	0	0	4	(1,1) tensor Sym^4(1/2,1/2)	0	4	proven minimal raw chain	minimal master-action rule	B_lin h_0	2	1	retained by p_gf	exact
4	335	minimal	trace-free metric fluctuation	h_0_(03)[P1*P2*P3^2]	335	0	0	0	4	(1,1) tensor Sym^4(1/2,1/2)	0	4	proven minimal raw chain	minimal master-action rule	B_lin h_0	1	1	retained by p_gf	exact
4	336	minimal	trace-free metric fluctuation	h_0_(03)[P1*P2^2*P3]	336	0	0	0	4	(1,1) tensor Sym^4(1/2,1/2)	0	4	proven minimal raw chain	minimal master-action rule	B_lin h_0	2	1	retained by p_gf	exact
4	337	minimal	trace-free metric fluctuation	h_0_(03)[P1*P2^3]	337	0	0	0	4	(1,1) tensor Sym^4(1/2,1/2)	0	4	proven minimal raw chain	minimal master-action rule	B_lin h_0	0	0	retained by p_gf	exact
4	338	minimal	trace-free metric fluctuation	h_0_(03)[P1^2*P3^2]	338	0	0	0	4	(1,1) tensor Sym^4(1/2,1/2)	0	4	proven minimal raw chain	minimal master-action rule	B_lin h_0	2	1	retained by p_gf	exact
4	339	minimal	trace-free metric fluctuation	h_0_(03)[P1^2*P2*P3]	339	0	0	0	4	(1,1) tensor Sym^4(1/2,1/2)	0	4	proven minimal raw chain	minimal master-action rule	B_lin h_0	2	1	retained by p_gf	exact
4	340	minimal	trace-free metric fluctuation	h_0_(03)[P1^2*P2^2]	340	0	0	0	4	(1,1) tensor Sym^4(1/2,1/2)	0	4	proven minimal raw chain	minimal master-action rule	B_lin h_0	1	0	retained by p_gf	exact
4	341	minimal	trace-free metric fluctuation	h_0_(03)[P1^3*P3]	341	0	0	0	4	(1,1) tensor Sym^4(1/2,1/2)	0	4	proven minimal raw chain	minimal master-action rule	B_lin h_0	2	1	retained by p_gf	exact
4	342	minimal	trace-free metric fluctuation	h_0_(03)[P1^3*P2]	342	0	0	0	4	(1,1) tensor Sym^4(1/2,1/2)	0	4	proven minimal raw chain	minimal master-action rule	B_lin h_0	0	0	retained by p_gf	exact
4	343	minimal	trace-free metric fluctuation	h_0_(03)[P1^4]	343	0	0	0	4	(1,1) tensor Sym^4(1/2,1/2)	0	4	proven minimal raw chain	minimal master-action rule	B_lin h_0	1	0	retained by p_gf	exact
4	344	minimal	trace-free metric fluctuation	h_0_(03)[P0*P3^3]	344	0	0	0	4	(1,1) tensor Sym^4(1/2,1/2)	0	4	proven minimal raw chain	minimal master-action rule	B_lin h_0	5	2	retained by p_gf	exact
4	345	minimal	trace-free metric fluctuation	h_0_(03)[P0*P2*P3^2]	345	0	0	0	4	(1,1) tensor Sym^4(1/2,1/2)	0	4	proven minimal raw chain	minimal master-action rule	B_lin h_0	3	2	retained by p_gf	exact
4	346	minimal	trace-free metric fluctuation	h_0_(03)[P0*P2^2*P3]	346	0	0	0	4	(1,1) tensor Sym^4(1/2,1/2)	0	4	proven minimal raw chain	minimal master-action rule	B_lin h_0	5	2	retained by p_gf	exact
4	347	minimal	trace-free metric fluctuation	h_0_(03)[P0*P2^3]	347	0	0	0	4	(1,1) tensor Sym^4(1/2,1/2)	0	4	proven minimal raw chain	minimal master-action rule	B_lin h_0	2	1	retained by p_gf	exact
4	348	minimal	trace-free metric fluctuation	h_0_(03)[P0*P1*P3^2]	348	0	0	0	4	(1,1) tensor Sym^4(1/2,1/2)	0	4	proven minimal raw chain	minimal master-action rule	B_lin h_0	3	2	retained by p_gf	exact
4	349	minimal	trace-free metric fluctuation	h_0_(03)[P0*P1*P2*P3]	349	0	0	0	4	(1,1) tensor Sym^4(1/2,1/2)	0	4	proven minimal raw chain	minimal master-action rule	B_lin h_0	3	2	retained by p_gf	exact
4	350	minimal	trace-free metric fluctuation	h_0_(03)[P0*P1*P2^2]	350	0	0	0	4	(1,1) tensor Sym^4(1/2,1/2)	0	4	proven minimal raw chain	minimal master-action rule	B_lin h_0	2	1	retained by p_gf	exact
4	351	minimal	trace-free metric fluctuation	h_0_(03)[P0*P1^2*P3]	351	0	0	0	4	(1,1) tensor Sym^4(1/2,1/2)	0	4	proven minimal raw chain	minimal master-action rule	B_lin h_0	5	2	retained by p_gf	exact
4	352	minimal	trace-free metric fluctuation	h_0_(03)[P0*P1^2*P2]	352	0	0	0	4	(1,1) tensor Sym^4(1/2,1/2)	0	4	proven minimal raw chain	minimal master-action rule	B_lin h_0	2	1	retained by p_gf	exact
4	353	minimal	trace-free metric fluctuation	h_0_(03)[P0*P1^3]	353	0	0	0	4	(1,1) tensor Sym^4(1/2,1/2)	0	4	proven minimal raw chain	minimal master-action rule	B_lin h_0	2	1	retained by p_gf	exact
4	354	minimal	trace-free metric fluctuation	h_0_(03)[P0^2*P3^2]	354	0	0	0	4	(1,1) tensor Sym^4(1/2,1/2)	0	4	proven minimal raw chain	minimal master-action rule	B_lin h_0	3	2	retained by p_gf	exact
4	355	minimal	trace-free metric fluctuation	h_0_(03)[P0^2*P2*P3]	355	0	0	0	4	(1,1) tensor Sym^4(1/2,1/2)	0	4	proven minimal raw chain	minimal master-action rule	B_lin h_0	3	2	retained by p_gf	exact
4	356	minimal	trace-free metric fluctuation	h_0_(03)[P0^2*P2^2]	356	0	0	0	4	(1,1) tensor Sym^4(1/2,1/2)	0	4	proven minimal raw chain	minimal master-action rule	B_lin h_0	2	1	retained by p_gf	exact
4	357	minimal	trace-free metric fluctuation	h_0_(03)[P0^2*P1*P3]	357	0	0	0	4	(1,1) tensor Sym^4(1/2,1/2)	0	4	proven minimal raw chain	minimal master-action rule	B_lin h_0	3	2	retained by p_gf	exact
4	358	minimal	trace-free metric fluctuation	h_0_(03)[P0^2*P1*P2]	358	0	0	0	4	(1,1) tensor Sym^4(1/2,1/2)	0	4	proven minimal raw chain	minimal master-action rule	B_lin h_0	1	1	retained by p_gf	exact
4	359	minimal	trace-free metric fluctuation	h_0_(03)[P0^2*P1^2]	359	0	0	0	4	(1,1) tensor Sym^4(1/2,1/2)	0	4	proven minimal raw chain	minimal master-action rule	B_lin h_0	2	1	retained by p_gf	exact
4	360	minimal	trace-free metric fluctuation	h_0_(03)[P0^3*P3]	360	0	0	0	4	(1,1) tensor Sym^4(1/2,1/2)	0	4	proven minimal raw chain	minimal master-action rule	B_lin h_0	4	2	retained by p_gf	exact
4	361	minimal	trace-free metric fluctuation	h_0_(03)[P0^3*P2]	361	0	0	0	4	(1,1) tensor Sym^4(1/2,1/2)	0	4	proven minimal raw chain	minimal master-action rule	B_lin h_0	2	1	retained by p_gf	exact
4	362	minimal	trace-free metric fluctuation	h_0_(03)[P0^3*P1]	362	0	0	0	4	(1,1) tensor Sym^4(1/2,1/2)	0	4	proven minimal raw chain	minimal master-action rule	B_lin h_0	2	1	retained by p_gf	exact
4	363	minimal	trace-free metric fluctuation	h_0_(03)[P0^4]	363	0	0	0	4	(1,1) tensor Sym^4(1/2,1/2)	0	4	proven minimal raw chain	minimal master-action rule	B_lin h_0	1	1	retained by p_gf	exact
4	364	minimal	trace-free metric fluctuation	h_0_(12)[P3^4]	364	0	0	0	4	(1,1) tensor Sym^4(1/2,1/2)	0	4	proven minimal raw chain	minimal master-action rule	B_lin h_0	1	0	retained by p_gf	exact
4	365	minimal	trace-free metric fluctuation	h_0_(12)[P2*P3^3]	365	0	0	0	4	(1,1) tensor Sym^4(1/2,1/2)	0	4	proven minimal raw chain	minimal master-action rule	B_lin h_0	2	1	retained by p_gf	exact
4	366	minimal	trace-free metric fluctuation	h_0_(12)[P2^2*P3^2]	366	0	0	0	4	(1,1) tensor Sym^4(1/2,1/2)	0	4	proven minimal raw chain	minimal master-action rule	B_lin h_0	2	1	retained by p_gf	exact
4	367	minimal	trace-free metric fluctuation	h_0_(12)[P2^3*P3]	367	0	0	0	4	(1,1) tensor Sym^4(1/2,1/2)	0	4	proven minimal raw chain	minimal master-action rule	B_lin h_0	2	1	retained by p_gf	exact
4	368	minimal	trace-free metric fluctuation	h_0_(12)[P2^4]	368	0	0	0	4	(1,1) tensor Sym^4(1/2,1/2)	0	4	proven minimal raw chain	minimal master-action rule	B_lin h_0	1	1	retained by p_gf	exact
4	369	minimal	trace-free metric fluctuation	h_0_(12)[P1*P3^3]	369	0	0	0	4	(1,1) tensor Sym^4(1/2,1/2)	0	4	proven minimal raw chain	minimal master-action rule	B_lin h_0	2	1	retained by p_gf	exact
4	370	minimal	trace-free metric fluctuation	h_0_(12)[P1*P2*P3^2]	370	0	0	0	4	(1,1) tensor Sym^4(1/2,1/2)	0	4	proven minimal raw chain	minimal master-action rule	B_lin h_0	5	2	retained by p_gf	exact
4	371	minimal	trace-free metric fluctuation	h_0_(12)[P1*P2^2*P3]	371	0	0	0	4	(1,1) tensor Sym^4(1/2,1/2)	0	4	proven minimal raw chain	minimal master-action rule	B_lin h_0	3	2	retained by p_gf	exact
4	372	minimal	trace-free metric fluctuation	h_0_(12)[P1*P2^3]	372	0	0	0	4	(1,1) tensor Sym^4(1/2,1/2)	0	4	proven minimal raw chain	minimal master-action rule	B_lin h_0	4	2	retained by p_gf	exact
4	373	minimal	trace-free metric fluctuation	h_0_(12)[P1^2*P3^2]	373	0	0	0	4	(1,1) tensor Sym^4(1/2,1/2)	0	4	proven minimal raw chain	minimal master-action rule	B_lin h_0	2	1	retained by p_gf	exact
4	374	minimal	trace-free metric fluctuation	h_0_(12)[P1^2*P2*P3]	374	0	0	0	4	(1,1) tensor Sym^4(1/2,1/2)	0	4	proven minimal raw chain	minimal master-action rule	B_lin h_0	3	2	retained by p_gf	exact
4	375	minimal	trace-free metric fluctuation	h_0_(12)[P1^2*P2^2]	375	0	0	0	4	(1,1) tensor Sym^4(1/2,1/2)	0	4	proven minimal raw chain	minimal master-action rule	B_lin h_0	3	2	retained by p_gf	exact
4	376	minimal	trace-free metric fluctuation	h_0_(12)[P1^3*P3]	376	0	0	0	4	(1,1) tensor Sym^4(1/2,1/2)	0	4	proven minimal raw chain	minimal master-action rule	B_lin h_0	2	1	retained by p_gf	exact
4	377	minimal	trace-free metric fluctuation	h_0_(12)[P1^3*P2]	377	0	0	0	4	(1,1) tensor Sym^4(1/2,1/2)	0	4	proven minimal raw chain	minimal master-action rule	B_lin h_0	4	2	retained by p_gf	exact
4	378	minimal	trace-free metric fluctuation	h_0_(12)[P1^4]	378	0	0	0	4	(1,1) tensor Sym^4(1/2,1/2)	0	4	proven minimal raw chain	minimal master-action rule	B_lin h_0	1	1	retained by p_gf	exact
4	379	minimal	trace-free metric fluctuation	h_0_(12)[P0*P3^3]	379	0	0	0	4	(1,1) tensor Sym^4(1/2,1/2)	0	4	proven minimal raw chain	minimal master-action rule	B_lin h_0	0	0	retained by p_gf	exact
4	380	minimal	trace-free metric fluctuation	h_0_(12)[P0*P2*P3^2]	380	0	0	0	4	(1,1) tensor Sym^4(1/2,1/2)	0	4	proven minimal raw chain	minimal master-action rule	B_lin h_0	2	1	retained by p_gf	exact
4	381	minimal	trace-free metric fluctuation	h_0_(12)[P0*P2^2*P3]	381	0	0	0	4	(1,1) tensor Sym^4(1/2,1/2)	0	4	proven minimal raw chain	minimal master-action rule	B_lin h_0	1	1	retained by p_gf	exact
4	382	minimal	trace-free metric fluctuation	h_0_(12)[P0*P2^3]	382	0	0	0	4	(1,1) tensor Sym^4(1/2,1/2)	0	4	proven minimal raw chain	minimal master-action rule	B_lin h_0	2	1	retained by p_gf	exact
4	383	minimal	trace-free metric fluctuation	h_0_(12)[P0*P1*P3^2]	383	0	0	0	4	(1,1) tensor Sym^4(1/2,1/2)	0	4	proven minimal raw chain	minimal master-action rule	B_lin h_0	2	1	retained by p_gf	exact
4	384	minimal	trace-free metric fluctuation	h_0_(12)[P0*P1*P2*P3]	384	0	0	0	4	(1,1) tensor Sym^4(1/2,1/2)	0	4	proven minimal raw chain	minimal master-action rule	B_lin h_0	3	2	retained by p_gf	exact
4	385	minimal	trace-free metric fluctuation	h_0_(12)[P0*P1*P2^2]	385	0	0	0	4	(1,1) tensor Sym^4(1/2,1/2)	0	4	proven minimal raw chain	minimal master-action rule	B_lin h_0	3	2	retained by p_gf	exact
4	386	minimal	trace-free metric fluctuation	h_0_(12)[P0*P1^2*P3]	386	0	0	0	4	(1,1) tensor Sym^4(1/2,1/2)	0	4	proven minimal raw chain	minimal master-action rule	B_lin h_0	1	1	retained by p_gf	exact
4	387	minimal	trace-free metric fluctuation	h_0_(12)[P0*P1^2*P2]	387	0	0	0	4	(1,1) tensor Sym^4(1/2,1/2)	0	4	proven minimal raw chain	minimal master-action rule	B_lin h_0	3	2	retained by p_gf	exact
4	388	minimal	trace-free metric fluctuation	h_0_(12)[P0*P1^3]	388	0	0	0	4	(1,1) tensor Sym^4(1/2,1/2)	0	4	proven minimal raw chain	minimal master-action rule	B_lin h_0	2	1	retained by p_gf	exact
4	389	minimal	trace-free metric fluctuation	h_0_(12)[P0^2*P3^2]	389	0	0	0	4	(1,1) tensor Sym^4(1/2,1/2)	0	4	proven minimal raw chain	minimal master-action rule	B_lin h_0	1	0	retained by p_gf	exact
4	390	minimal	trace-free metric fluctuation	h_0_(12)[P0^2*P2*P3]	390	0	0	0	4	(1,1) tensor Sym^4(1/2,1/2)	0	4	proven minimal raw chain	minimal master-action rule	B_lin h_0	2	1	retained by p_gf	exact
4	391	minimal	trace-free metric fluctuation	h_0_(12)[P0^2*P2^2]	391	0	0	0	4	(1,1) tensor Sym^4(1/2,1/2)	0	4	proven minimal raw chain	minimal master-action rule	B_lin h_0	2	1	retained by p_gf	exact
4	392	minimal	trace-free metric fluctuation	h_0_(12)[P0^2*P1*P3]	392	0	0	0	4	(1,1) tensor Sym^4(1/2,1/2)	0	4	proven minimal raw chain	minimal master-action rule	B_lin h_0	2	1	retained by p_gf	exact
4	393	minimal	trace-free metric fluctuation	h_0_(12)[P0^2*P1*P2]	393	0	0	0	4	(1,1) tensor Sym^4(1/2,1/2)	0	4	proven minimal raw chain	minimal master-action rule	B_lin h_0	5	2	retained by p_gf	exact
4	394	minimal	trace-free metric fluctuation	h_0_(12)[P0^2*P1^2]	394	0	0	0	4	(1,1) tensor Sym^4(1/2,1/2)	0	4	proven minimal raw chain	minimal master-action rule	B_lin h_0	2	1	retained by p_gf	exact
4	395	minimal	trace-free metric fluctuation	h_0_(12)[P0^3*P3]	395	0	0	0	4	(1,1) tensor Sym^4(1/2,1/2)	0	4	proven minimal raw chain	minimal master-action rule	B_lin h_0	0	0	retained by p_gf	exact
4	396	minimal	trace-free metric fluctuation	h_0_(12)[P0^3*P2]	396	0	0	0	4	(1,1) tensor Sym^4(1/2,1/2)	0	4	proven minimal raw chain	minimal master-action rule	B_lin h_0	2	1	retained by p_gf	exact
4	397	minimal	trace-free metric fluctuation	h_0_(12)[P0^3*P1]	397	0	0	0	4	(1,1) tensor Sym^4(1/2,1/2)	0	4	proven minimal raw chain	minimal master-action rule	B_lin h_0	2	1	retained by p_gf	exact
4	398	minimal	trace-free metric fluctuation	h_0_(12)[P0^4]	398	0	0	0	4	(1,1) tensor Sym^4(1/2,1/2)	0	4	proven minimal raw chain	minimal master-action rule	B_lin h_0	1	0	retained by p_gf	exact
4	399	minimal	trace-free metric fluctuation	h_0_(13)[P3^4]	399	0	0	0	4	(1,1) tensor Sym^4(1/2,1/2)	0	4	proven minimal raw chain	minimal master-action rule	B_lin h_0	1	1	retained by p_gf	exact
4	400	minimal	trace-free metric fluctuation	h_0_(13)[P2*P3^3]	400	0	0	0	4	(1,1) tensor Sym^4(1/2,1/2)	0	4	proven minimal raw chain	minimal master-action rule	B_lin h_0	2	1	retained by p_gf	exact
4	401	minimal	trace-free metric fluctuation	h_0_(13)[P2^2*P3^2]	401	0	0	0	4	(1,1) tensor Sym^4(1/2,1/2)	0	4	proven minimal raw chain	minimal master-action rule	B_lin h_0	2	1	retained by p_gf	exact
4	402	minimal	trace-free metric fluctuation	h_0_(13)[P2^3*P3]	402	0	0	0	4	(1,1) tensor Sym^4(1/2,1/2)	0	4	proven minimal raw chain	minimal master-action rule	B_lin h_0	2	1	retained by p_gf	exact
4	403	minimal	trace-free metric fluctuation	h_0_(13)[P2^4]	403	0	0	0	4	(1,1) tensor Sym^4(1/2,1/2)	0	4	proven minimal raw chain	minimal master-action rule	B_lin h_0	1	0	retained by p_gf	exact
4	404	minimal	trace-free metric fluctuation	h_0_(13)[P1*P3^3]	404	0	0	0	4	(1,1) tensor Sym^4(1/2,1/2)	0	4	proven minimal raw chain	minimal master-action rule	B_lin h_0	5	2	retained by p_gf	exact
4	405	minimal	trace-free metric fluctuation	h_0_(13)[P1*P2*P3^2]	405	0	0	0	4	(1,1) tensor Sym^4(1/2,1/2)	0	4	proven minimal raw chain	minimal master-action rule	B_lin h_0	3	2	retained by p_gf	exact
4	406	minimal	trace-free metric fluctuation	h_0_(13)[P1*P2^2*P3]	406	0	0	0	4	(1,1) tensor Sym^4(1/2,1/2)	0	4	proven minimal raw chain	minimal master-action rule	B_lin h_0	5	2	retained by p_gf	exact
4	407	minimal	trace-free metric fluctuation	h_0_(13)[P1*P2^3]	407	0	0	0	4	(1,1) tensor Sym^4(1/2,1/2)	0	4	proven minimal raw chain	minimal master-action rule	B_lin h_0	2	1	retained by p_gf	exact
4	408	minimal	trace-free metric fluctuation	h_0_(13)[P1^2*P3^2]	408	0	0	0	4	(1,1) tensor Sym^4(1/2,1/2)	0	4	proven minimal raw chain	minimal master-action rule	B_lin h_0	3	2	retained by p_gf	exact
4	409	minimal	trace-free metric fluctuation	h_0_(13)[P1^2*P2*P3]	409	0	0	0	4	(1,1) tensor Sym^4(1/2,1/2)	0	4	proven minimal raw chain	minimal master-action rule	B_lin h_0	3	2	retained by p_gf	exact
4	410	minimal	trace-free metric fluctuation	h_0_(13)[P1^2*P2^2]	410	0	0	0	4	(1,1) tensor Sym^4(1/2,1/2)	0	4	proven minimal raw chain	minimal master-action rule	B_lin h_0	2	1	retained by p_gf	exact
4	411	minimal	trace-free metric fluctuation	h_0_(13)[P1^3*P3]	411	0	0	0	4	(1,1) tensor Sym^4(1/2,1/2)	0	4	proven minimal raw chain	minimal master-action rule	B_lin h_0	4	2	retained by p_gf	exact
4	412	minimal	trace-free metric fluctuation	h_0_(13)[P1^3*P2]	412	0	0	0	4	(1,1) tensor Sym^4(1/2,1/2)	0	4	proven minimal raw chain	minimal master-action rule	B_lin h_0	2	1	retained by p_gf	exact
4	413	minimal	trace-free metric fluctuation	h_0_(13)[P1^4]	413	0	0	0	4	(1,1) tensor Sym^4(1/2,1/2)	0	4	proven minimal raw chain	minimal master-action rule	B_lin h_0	1	1	retained by p_gf	exact
4	414	minimal	trace-free metric fluctuation	h_0_(13)[P0*P3^3]	414	0	0	0	4	(1,1) tensor Sym^4(1/2,1/2)	0	4	proven minimal raw chain	minimal master-action rule	B_lin h_0	2	1	retained by p_gf	exact
4	415	minimal	trace-free metric fluctuation	h_0_(13)[P0*P2*P3^2]	415	0	0	0	4	(1,1) tensor Sym^4(1/2,1/2)	0	4	proven minimal raw chain	minimal master-action rule	B_lin h_0	1	1	retained by p_gf	exact
4	416	minimal	trace-free metric fluctuation	h_0_(13)[P0*P2^2*P3]	416	0	0	0	4	(1,1) tensor Sym^4(1/2,1/2)	0	4	proven minimal raw chain	minimal master-action rule	B_lin h_0	2	1	retained by p_gf	exact
4	417	minimal	trace-free metric fluctuation	h_0_(13)[P0*P2^3]	417	0	0	0	4	(1,1) tensor Sym^4(1/2,1/2)	0	4	proven minimal raw chain	minimal master-action rule	B_lin h_0	0	0	retained by p_gf	exact
4	418	minimal	trace-free metric fluctuation	h_0_(13)[P0*P1*P3^2]	418	0	0	0	4	(1,1) tensor Sym^4(1/2,1/2)	0	4	proven minimal raw chain	minimal master-action rule	B_lin h_0	3	2	retained by p_gf	exact
4	419	minimal	trace-free metric fluctuation	h_0_(13)[P0*P1*P2*P3]	419	0	0	0	4	(1,1) tensor Sym^4(1/2,1/2)	0	4	proven minimal raw chain	minimal master-action rule	B_lin h_0	3	2	retained by p_gf	exact
4	420	minimal	trace-free metric fluctuation	h_0_(13)[P0*P1*P2^2]	420	0	0	0	4	(1,1) tensor Sym^4(1/2,1/2)	0	4	proven minimal raw chain	minimal master-action rule	B_lin h_0	2	1	retained by p_gf	exact
4	421	minimal	trace-free metric fluctuation	h_0_(13)[P0*P1^2*P3]	421	0	0	0	4	(1,1) tensor Sym^4(1/2,1/2)	0	4	proven minimal raw chain	minimal master-action rule	B_lin h_0	3	2	retained by p_gf	exact
4	422	minimal	trace-free metric fluctuation	h_0_(13)[P0*P1^2*P2]	422	0	0	0	4	(1,1) tensor Sym^4(1/2,1/2)	0	4	proven minimal raw chain	minimal master-action rule	B_lin h_0	1	1	retained by p_gf	exact
4	423	minimal	trace-free metric fluctuation	h_0_(13)[P0*P1^3]	423	0	0	0	4	(1,1) tensor Sym^4(1/2,1/2)	0	4	proven minimal raw chain	minimal master-action rule	B_lin h_0	2	1	retained by p_gf	exact
4	424	minimal	trace-free metric fluctuation	h_0_(13)[P0^2*P3^2]	424	0	0	0	4	(1,1) tensor Sym^4(1/2,1/2)	0	4	proven minimal raw chain	minimal master-action rule	B_lin h_0	2	1	retained by p_gf	exact
4	425	minimal	trace-free metric fluctuation	h_0_(13)[P0^2*P2*P3]	425	0	0	0	4	(1,1) tensor Sym^4(1/2,1/2)	0	4	proven minimal raw chain	minimal master-action rule	B_lin h_0	2	1	retained by p_gf	exact
4	426	minimal	trace-free metric fluctuation	h_0_(13)[P0^2*P2^2]	426	0	0	0	4	(1,1) tensor Sym^4(1/2,1/2)	0	4	proven minimal raw chain	minimal master-action rule	B_lin h_0	1	0	retained by p_gf	exact
4	427	minimal	trace-free metric fluctuation	h_0_(13)[P0^2*P1*P3]	427	0	0	0	4	(1,1) tensor Sym^4(1/2,1/2)	0	4	proven minimal raw chain	minimal master-action rule	B_lin h_0	5	2	retained by p_gf	exact
4	428	minimal	trace-free metric fluctuation	h_0_(13)[P0^2*P1*P2]	428	0	0	0	4	(1,1) tensor Sym^4(1/2,1/2)	0	4	proven minimal raw chain	minimal master-action rule	B_lin h_0	2	1	retained by p_gf	exact
4	429	minimal	trace-free metric fluctuation	h_0_(13)[P0^2*P1^2]	429	0	0	0	4	(1,1) tensor Sym^4(1/2,1/2)	0	4	proven minimal raw chain	minimal master-action rule	B_lin h_0	2	1	retained by p_gf	exact
4	430	minimal	trace-free metric fluctuation	h_0_(13)[P0^3*P3]	430	0	0	0	4	(1,1) tensor Sym^4(1/2,1/2)	0	4	proven minimal raw chain	minimal master-action rule	B_lin h_0	2	1	retained by p_gf	exact
4	431	minimal	trace-free metric fluctuation	h_0_(13)[P0^3*P2]	431	0	0	0	4	(1,1) tensor Sym^4(1/2,1/2)	0	4	proven minimal raw chain	minimal master-action rule	B_lin h_0	0	0	retained by p_gf	exact
4	432	minimal	trace-free metric fluctuation	h_0_(13)[P0^3*P1]	432	0	0	0	4	(1,1) tensor Sym^4(1/2,1/2)	0	4	proven minimal raw chain	minimal master-action rule	B_lin h_0	2	1	retained by p_gf	exact
4	433	minimal	trace-free metric fluctuation	h_0_(13)[P0^4]	433	0	0	0	4	(1,1) tensor Sym^4(1/2,1/2)	0	4	proven minimal raw chain	minimal master-action rule	B_lin h_0	1	0	retained by p_gf	exact
4	434	minimal	trace-free metric fluctuation	h_0_(23)[P3^4]	434	0	0	0	4	(1,1) tensor Sym^4(1/2,1/2)	0	4	proven minimal raw chain	minimal master-action rule	B_lin h_0	1	1	retained by p_gf	exact
4	435	minimal	trace-free metric fluctuation	h_0_(23)[P2*P3^3]	435	0	0	0	4	(1,1) tensor Sym^4(1/2,1/2)	0	4	proven minimal raw chain	minimal master-action rule	B_lin h_0	5	2	retained by p_gf	exact
4	436	minimal	trace-free metric fluctuation	h_0_(23)[P2^2*P3^2]	436	0	0	0	4	(1,1) tensor Sym^4(1/2,1/2)	0	4	proven minimal raw chain	minimal master-action rule	B_lin h_0	3	2	retained by p_gf	exact
4	437	minimal	trace-free metric fluctuation	h_0_(23)[P2^3*P3]	437	0	0	0	4	(1,1) tensor Sym^4(1/2,1/2)	0	4	proven minimal raw chain	minimal master-action rule	B_lin h_0	4	2	retained by p_gf	exact
4	438	minimal	trace-free metric fluctuation	h_0_(23)[P2^4]	438	0	0	0	4	(1,1) tensor Sym^4(1/2,1/2)	0	4	proven minimal raw chain	minimal master-action rule	B_lin h_0	1	1	retained by p_gf	exact
4	439	minimal	trace-free metric fluctuation	h_0_(23)[P1*P3^3]	439	0	0	0	4	(1,1) tensor Sym^4(1/2,1/2)	0	4	proven minimal raw chain	minimal master-action rule	B_lin h_0	2	1	retained by p_gf	exact
4	440	minimal	trace-free metric fluctuation	h_0_(23)[P1*P2*P3^2]	440	0	0	0	4	(1,1) tensor Sym^4(1/2,1/2)	0	4	proven minimal raw chain	minimal master-action rule	B_lin h_0	3	2	retained by p_gf	exact
4	441	minimal	trace-free metric fluctuation	h_0_(23)[P1*P2^2*P3]	441	0	0	0	4	(1,1) tensor Sym^4(1/2,1/2)	0	4	proven minimal raw chain	minimal master-action rule	B_lin h_0	3	2	retained by p_gf	exact
4	442	minimal	trace-free metric fluctuation	h_0_(23)[P1*P2^3]	442	0	0	0	4	(1,1) tensor Sym^4(1/2,1/2)	0	4	proven minimal raw chain	minimal master-action rule	B_lin h_0	2	1	retained by p_gf	exact
4	443	minimal	trace-free metric fluctuation	h_0_(23)[P1^2*P3^2]	443	0	0	0	4	(1,1) tensor Sym^4(1/2,1/2)	0	4	proven minimal raw chain	minimal master-action rule	B_lin h_0	2	1	retained by p_gf	exact
4	444	minimal	trace-free metric fluctuation	h_0_(23)[P1^2*P2*P3]	444	0	0	0	4	(1,1) tensor Sym^4(1/2,1/2)	0	4	proven minimal raw chain	minimal master-action rule	B_lin h_0	5	2	retained by p_gf	exact
4	445	minimal	trace-free metric fluctuation	h_0_(23)[P1^2*P2^2]	445	0	0	0	4	(1,1) tensor Sym^4(1/2,1/2)	0	4	proven minimal raw chain	minimal master-action rule	B_lin h_0	2	1	retained by p_gf	exact
4	446	minimal	trace-free metric fluctuation	h_0_(23)[P1^3*P3]	446	0	0	0	4	(1,1) tensor Sym^4(1/2,1/2)	0	4	proven minimal raw chain	minimal master-action rule	B_lin h_0	2	1	retained by p_gf	exact
4	447	minimal	trace-free metric fluctuation	h_0_(23)[P1^3*P2]	447	0	0	0	4	(1,1) tensor Sym^4(1/2,1/2)	0	4	proven minimal raw chain	minimal master-action rule	B_lin h_0	2	1	retained by p_gf	exact
4	448	minimal	trace-free metric fluctuation	h_0_(23)[P1^4]	448	0	0	0	4	(1,1) tensor Sym^4(1/2,1/2)	0	4	proven minimal raw chain	minimal master-action rule	B_lin h_0	1	0	retained by p_gf	exact
4	449	minimal	trace-free metric fluctuation	h_0_(23)[P0*P3^3]	449	0	0	0	4	(1,1) tensor Sym^4(1/2,1/2)	0	4	proven minimal raw chain	minimal master-action rule	B_lin h_0	2	1	retained by p_gf	exact
4	450	minimal	trace-free metric fluctuation	h_0_(23)[P0*P2*P3^2]	450	0	0	0	4	(1,1) tensor Sym^4(1/2,1/2)	0	4	proven minimal raw chain	minimal master-action rule	B_lin h_0	3	2	retained by p_gf	exact
4	451	minimal	trace-free metric fluctuation	h_0_(23)[P0*P2^2*P3]	451	0	0	0	4	(1,1) tensor Sym^4(1/2,1/2)	0	4	proven minimal raw chain	minimal master-action rule	B_lin h_0	3	2	retained by p_gf	exact
4	452	minimal	trace-free metric fluctuation	h_0_(23)[P0*P2^3]	452	0	0	0	4	(1,1) tensor Sym^4(1/2,1/2)	0	4	proven minimal raw chain	minimal master-action rule	B_lin h_0	2	1	retained by p_gf	exact
4	453	minimal	trace-free metric fluctuation	h_0_(23)[P0*P1*P3^2]	453	0	0	0	4	(1,1) tensor Sym^4(1/2,1/2)	0	4	proven minimal raw chain	minimal master-action rule	B_lin h_0	1	1	retained by p_gf	exact
4	454	minimal	trace-free metric fluctuation	h_0_(23)[P0*P1*P2*P3]	454	0	0	0	4	(1,1) tensor Sym^4(1/2,1/2)	0	4	proven minimal raw chain	minimal master-action rule	B_lin h_0	3	2	retained by p_gf	exact
4	455	minimal	trace-free metric fluctuation	h_0_(23)[P0*P1*P2^2]	455	0	0	0	4	(1,1) tensor Sym^4(1/2,1/2)	0	4	proven minimal raw chain	minimal master-action rule	B_lin h_0	1	1	retained by p_gf	exact
4	456	minimal	trace-free metric fluctuation	h_0_(23)[P0*P1^2*P3]	456	0	0	0	4	(1,1) tensor Sym^4(1/2,1/2)	0	4	proven minimal raw chain	minimal master-action rule	B_lin h_0	2	1	retained by p_gf	exact
4	457	minimal	trace-free metric fluctuation	h_0_(23)[P0*P1^2*P2]	457	0	0	0	4	(1,1) tensor Sym^4(1/2,1/2)	0	4	proven minimal raw chain	minimal master-action rule	B_lin h_0	2	1	retained by p_gf	exact
4	458	minimal	trace-free metric fluctuation	h_0_(23)[P0*P1^3]	458	0	0	0	4	(1,1) tensor Sym^4(1/2,1/2)	0	4	proven minimal raw chain	minimal master-action rule	B_lin h_0	0	0	retained by p_gf	exact
4	459	minimal	trace-free metric fluctuation	h_0_(23)[P0^2*P3^2]	459	0	0	0	4	(1,1) tensor Sym^4(1/2,1/2)	0	4	proven minimal raw chain	minimal master-action rule	B_lin h_0	2	1	retained by p_gf	exact
4	460	minimal	trace-free metric fluctuation	h_0_(23)[P0^2*P2*P3]	460	0	0	0	4	(1,1) tensor Sym^4(1/2,1/2)	0	4	proven minimal raw chain	minimal master-action rule	B_lin h_0	5	2	retained by p_gf	exact
4	461	minimal	trace-free metric fluctuation	h_0_(23)[P0^2*P2^2]	461	0	0	0	4	(1,1) tensor Sym^4(1/2,1/2)	0	4	proven minimal raw chain	minimal master-action rule	B_lin h_0	2	1	retained by p_gf	exact
4	462	minimal	trace-free metric fluctuation	h_0_(23)[P0^2*P1*P3]	462	0	0	0	4	(1,1) tensor Sym^4(1/2,1/2)	0	4	proven minimal raw chain	minimal master-action rule	B_lin h_0	2	1	retained by p_gf	exact
4	463	minimal	trace-free metric fluctuation	h_0_(23)[P0^2*P1*P2]	463	0	0	0	4	(1,1) tensor Sym^4(1/2,1/2)	0	4	proven minimal raw chain	minimal master-action rule	B_lin h_0	2	1	retained by p_gf	exact
4	464	minimal	trace-free metric fluctuation	h_0_(23)[P0^2*P1^2]	464	0	0	0	4	(1,1) tensor Sym^4(1/2,1/2)	0	4	proven minimal raw chain	minimal master-action rule	B_lin h_0	1	0	retained by p_gf	exact
4	465	minimal	trace-free metric fluctuation	h_0_(23)[P0^3*P3]	465	0	0	0	4	(1,1) tensor Sym^4(1/2,1/2)	0	4	proven minimal raw chain	minimal master-action rule	B_lin h_0	2	1	retained by p_gf	exact
4	466	minimal	trace-free metric fluctuation	h_0_(23)[P0^3*P2]	466	0	0	0	4	(1,1) tensor Sym^4(1/2,1/2)	0	4	proven minimal raw chain	minimal master-action rule	B_lin h_0	2	1	retained by p_gf	exact
4	467	minimal	trace-free metric fluctuation	h_0_(23)[P0^3*P1]	467	0	0	0	4	(1,1) tensor Sym^4(1/2,1/2)	0	4	proven minimal raw chain	minimal master-action rule	B_lin h_0	0	0	retained by p_gf	exact
4	468	minimal	trace-free metric fluctuation	h_0_(23)[P0^4]	468	0	0	0	4	(1,1) tensor Sym^4(1/2,1/2)	0	4	proven minimal raw chain	minimal master-action rule	B_lin h_0	1	0	retained by p_gf	exact
4	469	minimal	trace-free metric fluctuation	h_0_(00)-(33)[P3^4]	469	0	0	0	4	(1,1) tensor Sym^4(1/2,1/2)	0	4	proven minimal raw chain	minimal master-action rule	B_lin h_0	4	1	retained by p_gf	exact
4	470	minimal	trace-free metric fluctuation	h_0_(00)-(33)[P2*P3^3]	470	0	0	0	4	(1,1) tensor Sym^4(1/2,1/2)	0	4	proven minimal raw chain	minimal master-action rule	B_lin h_0	2	1	retained by p_gf	exact
4	471	minimal	trace-free metric fluctuation	h_0_(00)-(33)[P2^2*P3^2]	471	0	0	0	4	(1,1) tensor Sym^4(1/2,1/2)	0	4	proven minimal raw chain	minimal master-action rule	B_lin h_0	4	1	retained by p_gf	exact
4	472	minimal	trace-free metric fluctuation	h_0_(00)-(33)[P2^3*P3]	472	0	0	0	4	(1,1) tensor Sym^4(1/2,1/2)	0	4	proven minimal raw chain	minimal master-action rule	B_lin h_0	2	1	retained by p_gf	exact
4	473	minimal	trace-free metric fluctuation	h_0_(00)-(33)[P2^4]	473	0	0	0	4	(1,1) tensor Sym^4(1/2,1/2)	0	4	proven minimal raw chain	minimal master-action rule	B_lin h_0	1	0	retained by p_gf	exact
4	474	minimal	trace-free metric fluctuation	h_0_(00)-(33)[P1*P3^3]	474	0	0	0	4	(1,1) tensor Sym^4(1/2,1/2)	0	4	proven minimal raw chain	minimal master-action rule	B_lin h_0	2	1	retained by p_gf	exact
4	475	minimal	trace-free metric fluctuation	h_0_(00)-(33)[P1*P2*P3^2]	475	0	0	0	4	(1,1) tensor Sym^4(1/2,1/2)	0	4	proven minimal raw chain	minimal master-action rule	B_lin h_0	2	1	retained by p_gf	exact
4	476	minimal	trace-free metric fluctuation	h_0_(00)-(33)[P1*P2^2*P3]	476	0	0	0	4	(1,1) tensor Sym^4(1/2,1/2)	0	4	proven minimal raw chain	minimal master-action rule	B_lin h_0	2	1	retained by p_gf	exact
4	477	minimal	trace-free metric fluctuation	h_0_(00)-(33)[P1*P2^3]	477	0	0	0	4	(1,1) tensor Sym^4(1/2,1/2)	0	4	proven minimal raw chain	minimal master-action rule	B_lin h_0	0	0	retained by p_gf	exact
4	478	minimal	trace-free metric fluctuation	h_0_(00)-(33)[P1^2*P3^2]	478	0	0	0	4	(1,1) tensor Sym^4(1/2,1/2)	0	4	proven minimal raw chain	minimal master-action rule	B_lin h_0	4	1	retained by p_gf	exact
4	479	minimal	trace-free metric fluctuation	h_0_(00)-(33)[P1^2*P2*P3]	479	0	0	0	4	(1,1) tensor Sym^4(1/2,1/2)	0	4	proven minimal raw chain	minimal master-action rule	B_lin h_0	2	1	retained by p_gf	exact
4	480	minimal	trace-free metric fluctuation	h_0_(00)-(33)[P1^2*P2^2]	480	0	0	0	4	(1,1) tensor Sym^4(1/2,1/2)	0	4	proven minimal raw chain	minimal master-action rule	B_lin h_0	1	0	retained by p_gf	exact
4	481	minimal	trace-free metric fluctuation	h_0_(00)-(33)[P1^3*P3]	481	0	0	0	4	(1,1) tensor Sym^4(1/2,1/2)	0	4	proven minimal raw chain	minimal master-action rule	B_lin h_0	2	1	retained by p_gf	exact
4	482	minimal	trace-free metric fluctuation	h_0_(00)-(33)[P1^3*P2]	482	0	0	0	4	(1,1) tensor Sym^4(1/2,1/2)	0	4	proven minimal raw chain	minimal master-action rule	B_lin h_0	0	0	retained by p_gf	exact
4	483	minimal	trace-free metric fluctuation	h_0_(00)-(33)[P1^4]	483	0	0	0	4	(1,1) tensor Sym^4(1/2,1/2)	0	4	proven minimal raw chain	minimal master-action rule	B_lin h_0	1	0	retained by p_gf	exact
4	484	minimal	trace-free metric fluctuation	h_0_(00)-(33)[P0*P3^3]	484	0	0	0	4	(1,1) tensor Sym^4(1/2,1/2)	0	4	proven minimal raw chain	minimal master-action rule	B_lin h_0	3	2	retained by p_gf	exact
4	485	minimal	trace-free metric fluctuation	h_0_(00)-(33)[P0*P2*P3^2]	485	0	0	0	4	(1,1) tensor Sym^4(1/2,1/2)	0	4	proven minimal raw chain	minimal master-action rule	B_lin h_0	3	2	retained by p_gf	exact
4	486	minimal	trace-free metric fluctuation	h_0_(00)-(33)[P0*P2^2*P3]	486	0	0	0	4	(1,1) tensor Sym^4(1/2,1/2)	0	4	proven minimal raw chain	minimal master-action rule	B_lin h_0	2	2	retained by p_gf	exact
4	487	minimal	trace-free metric fluctuation	h_0_(00)-(33)[P0*P2^3]	487	0	0	0	4	(1,1) tensor Sym^4(1/2,1/2)	0	4	proven minimal raw chain	minimal master-action rule	B_lin h_0	2	1	retained by p_gf	exact
4	488	minimal	trace-free metric fluctuation	h_0_(00)-(33)[P0*P1*P3^2]	488	0	0	0	4	(1,1) tensor Sym^4(1/2,1/2)	0	4	proven minimal raw chain	minimal master-action rule	B_lin h_0	3	2	retained by p_gf	exact
4	489	minimal	trace-free metric fluctuation	h_0_(00)-(33)[P0*P1*P2*P3]	489	0	0	0	4	(1,1) tensor Sym^4(1/2,1/2)	0	4	proven minimal raw chain	minimal master-action rule	B_lin h_0	2	2	retained by p_gf	exact
4	490	minimal	trace-free metric fluctuation	h_0_(00)-(33)[P0*P1*P2^2]	490	0	0	0	4	(1,1) tensor Sym^4(1/2,1/2)	0	4	proven minimal raw chain	minimal master-action rule	B_lin h_0	2	1	retained by p_gf	exact
4	491	minimal	trace-free metric fluctuation	h_0_(00)-(33)[P0*P1^2*P3]	491	0	0	0	4	(1,1) tensor Sym^4(1/2,1/2)	0	4	proven minimal raw chain	minimal master-action rule	B_lin h_0	2	2	retained by p_gf	exact
4	492	minimal	trace-free metric fluctuation	h_0_(00)-(33)[P0*P1^2*P2]	492	0	0	0	4	(1,1) tensor Sym^4(1/2,1/2)	0	4	proven minimal raw chain	minimal master-action rule	B_lin h_0	2	1	retained by p_gf	exact
4	493	minimal	trace-free metric fluctuation	h_0_(00)-(33)[P0*P1^3]	493	0	0	0	4	(1,1) tensor Sym^4(1/2,1/2)	0	4	proven minimal raw chain	minimal master-action rule	B_lin h_0	2	1	retained by p_gf	exact
4	494	minimal	trace-free metric fluctuation	h_0_(00)-(33)[P0^2*P3^2]	494	0	0	0	4	(1,1) tensor Sym^4(1/2,1/2)	0	4	proven minimal raw chain	minimal master-action rule	B_lin h_0	3	2	retained by p_gf	exact
4	495	minimal	trace-free metric fluctuation	h_0_(00)-(33)[P0^2*P2*P3]	495	0	0	0	4	(1,1) tensor Sym^4(1/2,1/2)	0	4	proven minimal raw chain	minimal master-action rule	B_lin h_0	3	2	retained by p_gf	exact
4	496	minimal	trace-free metric fluctuation	h_0_(00)-(33)[P0^2*P2^2]	496	0	0	0	4	(1,1) tensor Sym^4(1/2,1/2)	0	4	proven minimal raw chain	minimal master-action rule	B_lin h_0	4	1	retained by p_gf	exact
4	497	minimal	trace-free metric fluctuation	h_0_(00)-(33)[P0^2*P1*P3]	497	0	0	0	4	(1,1) tensor Sym^4(1/2,1/2)	0	4	proven minimal raw chain	minimal master-action rule	B_lin h_0	3	2	retained by p_gf	exact
4	498	minimal	trace-free metric fluctuation	h_0_(00)-(33)[P0^2*P1*P2]	498	0	0	0	4	(1,1) tensor Sym^4(1/2,1/2)	0	4	proven minimal raw chain	minimal master-action rule	B_lin h_0	2	1	retained by p_gf	exact
4	499	minimal	trace-free metric fluctuation	h_0_(00)-(33)[P0^2*P1^2]	499	0	0	0	4	(1,1) tensor Sym^4(1/2,1/2)	0	4	proven minimal raw chain	minimal master-action rule	B_lin h_0	4	1	retained by p_gf	exact
4	500	minimal	trace-free metric fluctuation	h_0_(00)-(33)[P0^3*P3]	500	0	0	0	4	(1,1) tensor Sym^4(1/2,1/2)	0	4	proven minimal raw chain	minimal master-action rule	B_lin h_0	3	2	retained by p_gf	exact
4	501	minimal	trace-free metric fluctuation	h_0_(00)-(33)[P0^3*P2]	501	0	0	0	4	(1,1) tensor Sym^4(1/2,1/2)	0	4	proven minimal raw chain	minimal master-action rule	B_lin h_0	2	1	retained by p_gf	exact
4	502	minimal	trace-free metric fluctuation	h_0_(00)-(33)[P0^3*P1]	502	0	0	0	4	(1,1) tensor Sym^4(1/2,1/2)	0	4	proven minimal raw chain	minimal master-action rule	B_lin h_0	2	1	retained by p_gf	exact
4	503	minimal	trace-free metric fluctuation	h_0_(00)-(33)[P0^4]	503	0	0	0	4	(1,1) tensor Sym^4(1/2,1/2)	0	4	proven minimal raw chain	minimal master-action rule	B_lin h_0	3	1	retained by p_gf	exact
4	504	minimal	trace-free metric fluctuation	h_0_(11)-(33)[P3^4]	504	0	0	0	4	(1,1) tensor Sym^4(1/2,1/2)	0	4	proven minimal raw chain	minimal master-action rule	B_lin h_0	4	1	retained by p_gf	exact
4	505	minimal	trace-free metric fluctuation	h_0_(11)-(33)[P2*P3^3]	505	0	0	0	4	(1,1) tensor Sym^4(1/2,1/2)	0	4	proven minimal raw chain	minimal master-action rule	B_lin h_0	2	1	retained by p_gf	exact
4	506	minimal	trace-free metric fluctuation	h_0_(11)-(33)[P2^2*P3^2]	506	0	0	0	4	(1,1) tensor Sym^4(1/2,1/2)	0	4	proven minimal raw chain	minimal master-action rule	B_lin h_0	4	1	retained by p_gf	exact
4	507	minimal	trace-free metric fluctuation	h_0_(11)-(33)[P2^3*P3]	507	0	0	0	4	(1,1) tensor Sym^4(1/2,1/2)	0	4	proven minimal raw chain	minimal master-action rule	B_lin h_0	2	1	retained by p_gf	exact
4	508	minimal	trace-free metric fluctuation	h_0_(11)-(33)[P2^4]	508	0	0	0	4	(1,1) tensor Sym^4(1/2,1/2)	0	4	proven minimal raw chain	minimal master-action rule	B_lin h_0	1	0	retained by p_gf	exact
4	509	minimal	trace-free metric fluctuation	h_0_(11)-(33)[P1*P3^3]	509	0	0	0	4	(1,1) tensor Sym^4(1/2,1/2)	0	4	proven minimal raw chain	minimal master-action rule	B_lin h_0	3	2	retained by p_gf	exact
4	510	minimal	trace-free metric fluctuation	h_0_(11)-(33)[P1*P2*P3^2]	510	0	0	0	4	(1,1) tensor Sym^4(1/2,1/2)	0	4	proven minimal raw chain	minimal master-action rule	B_lin h_0	3	2	retained by p_gf	exact
4	511	minimal	trace-free metric fluctuation	h_0_(11)-(33)[P1*P2^2*P3]	511	0	0	0	4	(1,1) tensor Sym^4(1/2,1/2)	0	4	proven minimal raw chain	minimal master-action rule	B_lin h_0	2	2	retained by p_gf	exact
4	512	minimal	trace-free metric fluctuation	h_0_(11)-(33)[P1*P2^3]	512	0	0	0	4	(1,1) tensor Sym^4(1/2,1/2)	0	4	proven minimal raw chain	minimal master-action rule	B_lin h_0	2	1	retained by p_gf	exact
4	513	minimal	trace-free metric fluctuation	h_0_(11)-(33)[P1^2*P3^2]	513	0	0	0	4	(1,1) tensor Sym^4(1/2,1/2)	0	4	proven minimal raw chain	minimal master-action rule	B_lin h_0	3	2	retained by p_gf	exact
4	514	minimal	trace-free metric fluctuation	h_0_(11)-(33)[P1^2*P2*P3]	514	0	0	0	4	(1,1) tensor Sym^4(1/2,1/2)	0	4	proven minimal raw chain	minimal master-action rule	B_lin h_0	3	2	retained by p_gf	exact
4	515	minimal	trace-free metric fluctuation	h_0_(11)-(33)[P1^2*P2^2]	515	0	0	0	4	(1,1) tensor Sym^4(1/2,1/2)	0	4	proven minimal raw chain	minimal master-action rule	B_lin h_0	4	1	retained by p_gf	exact
4	516	minimal	trace-free metric fluctuation	h_0_(11)-(33)[P1^3*P3]	516	0	0	0	4	(1,1) tensor Sym^4(1/2,1/2)	0	4	proven minimal raw chain	minimal master-action rule	B_lin h_0	3	2	retained by p_gf	exact
4	517	minimal	trace-free metric fluctuation	h_0_(11)-(33)[P1^3*P2]	517	0	0	0	4	(1,1) tensor Sym^4(1/2,1/2)	0	4	proven minimal raw chain	minimal master-action rule	B_lin h_0	2	1	retained by p_gf	exact
4	518	minimal	trace-free metric fluctuation	h_0_(11)-(33)[P1^4]	518	0	0	0	4	(1,1) tensor Sym^4(1/2,1/2)	0	4	proven minimal raw chain	minimal master-action rule	B_lin h_0	3	1	retained by p_gf	exact
4	519	minimal	trace-free metric fluctuation	h_0_(11)-(33)[P0*P3^3]	519	0	0	0	4	(1,1) tensor Sym^4(1/2,1/2)	0	4	proven minimal raw chain	minimal master-action rule	B_lin h_0	2	1	retained by p_gf	exact
4	520	minimal	trace-free metric fluctuation	h_0_(11)-(33)[P0*P2*P3^2]	520	0	0	0	4	(1,1) tensor Sym^4(1/2,1/2)	0	4	proven minimal raw chain	minimal master-action rule	B_lin h_0	2	1	retained by p_gf	exact
4	521	minimal	trace-free metric fluctuation	h_0_(11)-(33)[P0*P2^2*P3]	521	0	0	0	4	(1,1) tensor Sym^4(1/2,1/2)	0	4	proven minimal raw chain	minimal master-action rule	B_lin h_0	2	1	retained by p_gf	exact
4	522	minimal	trace-free metric fluctuation	h_0_(11)-(33)[P0*P2^3]	522	0	0	0	4	(1,1) tensor Sym^4(1/2,1/2)	0	4	proven minimal raw chain	minimal master-action rule	B_lin h_0	0	0	retained by p_gf	exact
4	523	minimal	trace-free metric fluctuation	h_0_(11)-(33)[P0*P1*P3^2]	523	0	0	0	4	(1,1) tensor Sym^4(1/2,1/2)	0	4	proven minimal raw chain	minimal master-action rule	B_lin h_0	3	2	retained by p_gf	exact
4	524	minimal	trace-free metric fluctuation	h_0_(11)-(33)[P0*P1*P2*P3]	524	0	0	0	4	(1,1) tensor Sym^4(1/2,1/2)	0	4	proven minimal raw chain	minimal master-action rule	B_lin h_0	2	2	retained by p_gf	exact
4	525	minimal	trace-free metric fluctuation	h_0_(11)-(33)[P0*P1*P2^2]	525	0	0	0	4	(1,1) tensor Sym^4(1/2,1/2)	0	4	proven minimal raw chain	minimal master-action rule	B_lin h_0	2	1	retained by p_gf	exact
4	526	minimal	trace-free metric fluctuation	h_0_(11)-(33)[P0*P1^2*P3]	526	0	0	0	4	(1,1) tensor Sym^4(1/2,1/2)	0	4	proven minimal raw chain	minimal master-action rule	B_lin h_0	3	2	retained by p_gf	exact
4	527	minimal	trace-free metric fluctuation	h_0_(11)-(33)[P0*P1^2*P2]	527	0	0	0	4	(1,1) tensor Sym^4(1/2,1/2)	0	4	proven minimal raw chain	minimal master-action rule	B_lin h_0	2	1	retained by p_gf	exact
4	528	minimal	trace-free metric fluctuation	h_0_(11)-(33)[P0*P1^3]	528	0	0	0	4	(1,1) tensor Sym^4(1/2,1/2)	0	4	proven minimal raw chain	minimal master-action rule	B_lin h_0	2	1	retained by p_gf	exact
4	529	minimal	trace-free metric fluctuation	h_0_(11)-(33)[P0^2*P3^2]	529	0	0	0	4	(1,1) tensor Sym^4(1/2,1/2)	0	4	proven minimal raw chain	minimal master-action rule	B_lin h_0	4	1	retained by p_gf	exact
4	530	minimal	trace-free metric fluctuation	h_0_(11)-(33)[P0^2*P2*P3]	530	0	0	0	4	(1,1) tensor Sym^4(1/2,1/2)	0	4	proven minimal raw chain	minimal master-action rule	B_lin h_0	2	1	retained by p_gf	exact
4	531	minimal	trace-free metric fluctuation	h_0_(11)-(33)[P0^2*P2^2]	531	0	0	0	4	(1,1) tensor Sym^4(1/2,1/2)	0	4	proven minimal raw chain	minimal master-action rule	B_lin h_0	1	0	retained by p_gf	exact
4	532	minimal	trace-free metric fluctuation	h_0_(11)-(33)[P0^2*P1*P3]	532	0	0	0	4	(1,1) tensor Sym^4(1/2,1/2)	0	4	proven minimal raw chain	minimal master-action rule	B_lin h_0	2	2	retained by p_gf	exact
4	533	minimal	trace-free metric fluctuation	h_0_(11)-(33)[P0^2*P1*P2]	533	0	0	0	4	(1,1) tensor Sym^4(1/2,1/2)	0	4	proven minimal raw chain	minimal master-action rule	B_lin h_0	2	1	retained by p_gf	exact
4	534	minimal	trace-free metric fluctuation	h_0_(11)-(33)[P0^2*P1^2]	534	0	0	0	4	(1,1) tensor Sym^4(1/2,1/2)	0	4	proven minimal raw chain	minimal master-action rule	B_lin h_0	4	1	retained by p_gf	exact
4	535	minimal	trace-free metric fluctuation	h_0_(11)-(33)[P0^3*P3]	535	0	0	0	4	(1,1) tensor Sym^4(1/2,1/2)	0	4	proven minimal raw chain	minimal master-action rule	B_lin h_0	2	1	retained by p_gf	exact
4	536	minimal	trace-free metric fluctuation	h_0_(11)-(33)[P0^3*P2]	536	0	0	0	4	(1,1) tensor Sym^4(1/2,1/2)	0	4	proven minimal raw chain	minimal master-action rule	B_lin h_0	0	0	retained by p_gf	exact
4	537	minimal	trace-free metric fluctuation	h_0_(11)-(33)[P0^3*P1]	537	0	0	0	4	(1,1) tensor Sym^4(1/2,1/2)	0	4	proven minimal raw chain	minimal master-action rule	B_lin h_0	2	1	retained by p_gf	exact
4	538	minimal	trace-free metric fluctuation	h_0_(11)-(33)[P0^4]	538	0	0	0	4	(1,1) tensor Sym^4(1/2,1/2)	0	4	proven minimal raw chain	minimal master-action rule	B_lin h_0	1	0	retained by p_gf	exact
4	539	minimal	trace-free metric fluctuation	h_0_(22)-(33)[P3^4]	539	0	0	0	4	(1,1) tensor Sym^4(1/2,1/2)	0	4	proven minimal raw chain	minimal master-action rule	B_lin h_0	4	1	retained by p_gf	exact
4	540	minimal	trace-free metric fluctuation	h_0_(22)-(33)[P2*P3^3]	540	0	0	0	4	(1,1) tensor Sym^4(1/2,1/2)	0	4	proven minimal raw chain	minimal master-action rule	B_lin h_0	3	2	retained by p_gf	exact
4	541	minimal	trace-free metric fluctuation	h_0_(22)-(33)[P2^2*P3^2]	541	0	0	0	4	(1,1) tensor Sym^4(1/2,1/2)	0	4	proven minimal raw chain	minimal master-action rule	B_lin h_0	3	2	retained by p_gf	exact
4	542	minimal	trace-free metric fluctuation	h_0_(22)-(33)[P2^3*P3]	542	0	0	0	4	(1,1) tensor Sym^4(1/2,1/2)	0	4	proven minimal raw chain	minimal master-action rule	B_lin h_0	3	2	retained by p_gf	exact
4	543	minimal	trace-free metric fluctuation	h_0_(22)-(33)[P2^4]	543	0	0	0	4	(1,1) tensor Sym^4(1/2,1/2)	0	4	proven minimal raw chain	minimal master-action rule	B_lin h_0	3	1	retained by p_gf	exact
4	544	minimal	trace-free metric fluctuation	h_0_(22)-(33)[P1*P3^3]	544	0	0	0	4	(1,1) tensor Sym^4(1/2,1/2)	0	4	proven minimal raw chain	minimal master-action rule	B_lin h_0	2	1	retained by p_gf	exact
4	545	minimal	trace-free metric fluctuation	h_0_(22)-(33)[P1*P2*P3^2]	545	0	0	0	4	(1,1) tensor Sym^4(1/2,1/2)	0	4	proven minimal raw chain	minimal master-action rule	B_lin h_0	3	2	retained by p_gf	exact
4	546	minimal	trace-free metric fluctuation	h_0_(22)-(33)[P1*P2^2*P3]	546	0	0	0	4	(1,1) tensor Sym^4(1/2,1/2)	0	4	proven minimal raw chain	minimal master-action rule	B_lin h_0	3	2	retained by p_gf	exact
4	547	minimal	trace-free metric fluctuation	h_0_(22)-(33)[P1*P2^3]	547	0	0	0	4	(1,1) tensor Sym^4(1/2,1/2)	0	4	proven minimal raw chain	minimal master-action rule	B_lin h_0	2	1	retained by p_gf	exact
4	548	minimal	trace-free metric fluctuation	h_0_(22)-(33)[P1^2*P3^2]	548	0	0	0	4	(1,1) tensor Sym^4(1/2,1/2)	0	4	proven minimal raw chain	minimal master-action rule	B_lin h_0	4	1	retained by p_gf	exact
4	549	minimal	trace-free metric fluctuation	h_0_(22)-(33)[P1^2*P2*P3]	549	0	0	0	4	(1,1) tensor Sym^4(1/2,1/2)	0	4	proven minimal raw chain	minimal master-action rule	B_lin h_0	2	2	retained by p_gf	exact
4	550	minimal	trace-free metric fluctuation	h_0_(22)-(33)[P1^2*P2^2]	550	0	0	0	4	(1,1) tensor Sym^4(1/2,1/2)	0	4	proven minimal raw chain	minimal master-action rule	B_lin h_0	4	1	retained by p_gf	exact
4	551	minimal	trace-free metric fluctuation	h_0_(22)-(33)[P1^3*P3]	551	0	0	0	4	(1,1) tensor Sym^4(1/2,1/2)	0	4	proven minimal raw chain	minimal master-action rule	B_lin h_0	2	1	retained by p_gf	exact
4	552	minimal	trace-free metric fluctuation	h_0_(22)-(33)[P1^3*P2]	552	0	0	0	4	(1,1) tensor Sym^4(1/2,1/2)	0	4	proven minimal raw chain	minimal master-action rule	B_lin h_0	2	1	retained by p_gf	exact
4	553	minimal	trace-free metric fluctuation	h_0_(22)-(33)[P1^4]	553	0	0	0	4	(1,1) tensor Sym^4(1/2,1/2)	0	4	proven minimal raw chain	minimal master-action rule	B_lin h_0	1	0	retained by p_gf	exact
4	554	minimal	trace-free metric fluctuation	h_0_(22)-(33)[P0*P3^3]	554	0	0	0	4	(1,1) tensor Sym^4(1/2,1/2)	0	4	proven minimal raw chain	minimal master-action rule	B_lin h_0	2	1	retained by p_gf	exact
4	555	minimal	trace-free metric fluctuation	h_0_(22)-(33)[P0*P2*P3^2]	555	0	0	0	4	(1,1) tensor Sym^4(1/2,1/2)	0	4	proven minimal raw chain	minimal master-action rule	B_lin h_0	3	2	retained by p_gf	exact
4	556	minimal	trace-free metric fluctuation	h_0_(22)-(33)[P0*P2^2*P3]	556	0	0	0	4	(1,1) tensor Sym^4(1/2,1/2)	0	4	proven minimal raw chain	minimal master-action rule	B_lin h_0	3	2	retained by p_gf	exact
4	557	minimal	trace-free metric fluctuation	h_0_(22)-(33)[P0*P2^3]	557	0	0	0	4	(1,1) tensor Sym^4(1/2,1/2)	0	4	proven minimal raw chain	minimal master-action rule	B_lin h_0	2	1	retained by p_gf	exact
4	558	minimal	trace-free metric fluctuation	h_0_(22)-(33)[P0*P1*P3^2]	558	0	0	0	4	(1,1) tensor Sym^4(1/2,1/2)	0	4	proven minimal raw chain	minimal master-action rule	B_lin h_0	2	1	retained by p_gf	exact
4	559	minimal	trace-free metric fluctuation	h_0_(22)-(33)[P0*P1*P2*P3]	559	0	0	0	4	(1,1) tensor Sym^4(1/2,1/2)	0	4	proven minimal raw chain	minimal master-action rule	B_lin h_0	2	2	retained by p_gf	exact
4	560	minimal	trace-free metric fluctuation	h_0_(22)-(33)[P0*P1*P2^2]	560	0	0	0	4	(1,1) tensor Sym^4(1/2,1/2)	0	4	proven minimal raw chain	minimal master-action rule	B_lin h_0	2	1	retained by p_gf	exact
4	561	minimal	trace-free metric fluctuation	h_0_(22)-(33)[P0*P1^2*P3]	561	0	0	0	4	(1,1) tensor Sym^4(1/2,1/2)	0	4	proven minimal raw chain	minimal master-action rule	B_lin h_0	2	1	retained by p_gf	exact
4	562	minimal	trace-free metric fluctuation	h_0_(22)-(33)[P0*P1^2*P2]	562	0	0	0	4	(1,1) tensor Sym^4(1/2,1/2)	0	4	proven minimal raw chain	minimal master-action rule	B_lin h_0	2	1	retained by p_gf	exact
4	563	minimal	trace-free metric fluctuation	h_0_(22)-(33)[P0*P1^3]	563	0	0	0	4	(1,1) tensor Sym^4(1/2,1/2)	0	4	proven minimal raw chain	minimal master-action rule	B_lin h_0	0	0	retained by p_gf	exact
4	564	minimal	trace-free metric fluctuation	h_0_(22)-(33)[P0^2*P3^2]	564	0	0	0	4	(1,1) tensor Sym^4(1/2,1/2)	0	4	proven minimal raw chain	minimal master-action rule	B_lin h_0	4	1	retained by p_gf	exact
4	565	minimal	trace-free metric fluctuation	h_0_(22)-(33)[P0^2*P2*P3]	565	0	0	0	4	(1,1) tensor Sym^4(1/2,1/2)	0	4	proven minimal raw chain	minimal master-action rule	B_lin h_0	2	2	retained by p_gf	exact
4	566	minimal	trace-free metric fluctuation	h_0_(22)-(33)[P0^2*P2^2]	566	0	0	0	4	(1,1) tensor Sym^4(1/2,1/2)	0	4	proven minimal raw chain	minimal master-action rule	B_lin h_0	4	1	retained by p_gf	exact
4	567	minimal	trace-free metric fluctuation	h_0_(22)-(33)[P0^2*P1*P3]	567	0	0	0	4	(1,1) tensor Sym^4(1/2,1/2)	0	4	proven minimal raw chain	minimal master-action rule	B_lin h_0	2	1	retained by p_gf	exact
4	568	minimal	trace-free metric fluctuation	h_0_(22)-(33)[P0^2*P1*P2]	568	0	0	0	4	(1,1) tensor Sym^4(1/2,1/2)	0	4	proven minimal raw chain	minimal master-action rule	B_lin h_0	2	1	retained by p_gf	exact
4	569	minimal	trace-free metric fluctuation	h_0_(22)-(33)[P0^2*P1^2]	569	0	0	0	4	(1,1) tensor Sym^4(1/2,1/2)	0	4	proven minimal raw chain	minimal master-action rule	B_lin h_0	1	0	retained by p_gf	exact
4	570	minimal	trace-free metric fluctuation	h_0_(22)-(33)[P0^3*P3]	570	0	0	0	4	(1,1) tensor Sym^4(1/2,1/2)	0	4	proven minimal raw chain	minimal master-action rule	B_lin h_0	2	1	retained by p_gf	exact
4	571	minimal	trace-free metric fluctuation	h_0_(22)-(33)[P0^3*P2]	571	0	0	0	4	(1,1) tensor Sym^4(1/2,1/2)	0	4	proven minimal raw chain	minimal master-action rule	B_lin h_0	2	1	retained by p_gf	exact
4	572	minimal	trace-free metric fluctuation	h_0_(22)-(33)[P0^3*P1]	572	0	0	0	4	(1,1) tensor Sym^4(1/2,1/2)	0	4	proven minimal raw chain	minimal master-action rule	B_lin h_0	0	0	retained by p_gf	exact
4	573	minimal	trace-free metric fluctuation	h_0_(22)-(33)[P0^4]	573	0	0	0	4	(1,1) tensor Sym^4(1/2,1/2)	0	4	proven minimal raw chain	minimal master-action rule	B_lin h_0	1	0	retained by p_gf	exact
4	574	minimal	metric trace	tau[P3^4]	574	0	0	0	4	(0,0) tensor Sym^4(1/2,1/2)	0	4	proven minimal raw chain	minimal master-action rule	0	1	1	retained by p_gf	exact
4	575	minimal	metric trace	tau[P2*P3^3]	575	0	0	0	4	(0,0) tensor Sym^4(1/2,1/2)	0	4	proven minimal raw chain	minimal master-action rule	0	1	1	retained by p_gf	exact
4	576	minimal	metric trace	tau[P2^2*P3^2]	576	0	0	0	4	(0,0) tensor Sym^4(1/2,1/2)	0	4	proven minimal raw chain	minimal master-action rule	0	1	1	retained by p_gf	exact
4	577	minimal	metric trace	tau[P2^3*P3]	577	0	0	0	4	(0,0) tensor Sym^4(1/2,1/2)	0	4	proven minimal raw chain	minimal master-action rule	0	1	1	retained by p_gf	exact
4	578	minimal	metric trace	tau[P2^4]	578	0	0	0	4	(0,0) tensor Sym^4(1/2,1/2)	0	4	proven minimal raw chain	minimal master-action rule	0	1	1	retained by p_gf	exact
4	579	minimal	metric trace	tau[P1*P3^3]	579	0	0	0	4	(0,0) tensor Sym^4(1/2,1/2)	0	4	proven minimal raw chain	minimal master-action rule	0	1	1	retained by p_gf	exact
4	580	minimal	metric trace	tau[P1*P2*P3^2]	580	0	0	0	4	(0,0) tensor Sym^4(1/2,1/2)	0	4	proven minimal raw chain	minimal master-action rule	0	1	1	retained by p_gf	exact
4	581	minimal	metric trace	tau[P1*P2^2*P3]	581	0	0	0	4	(0,0) tensor Sym^4(1/2,1/2)	0	4	proven minimal raw chain	minimal master-action rule	0	1	1	retained by p_gf	exact
4	582	minimal	metric trace	tau[P1*P2^3]	582	0	0	0	4	(0,0) tensor Sym^4(1/2,1/2)	0	4	proven minimal raw chain	minimal master-action rule	0	1	1	retained by p_gf	exact
4	583	minimal	metric trace	tau[P1^2*P3^2]	583	0	0	0	4	(0,0) tensor Sym^4(1/2,1/2)	0	4	proven minimal raw chain	minimal master-action rule	0	1	1	retained by p_gf	exact
4	584	minimal	metric trace	tau[P1^2*P2*P3]	584	0	0	0	4	(0,0) tensor Sym^4(1/2,1/2)	0	4	proven minimal raw chain	minimal master-action rule	0	1	1	retained by p_gf	exact
4	585	minimal	metric trace	tau[P1^2*P2^2]	585	0	0	0	4	(0,0) tensor Sym^4(1/2,1/2)	0	4	proven minimal raw chain	minimal master-action rule	0	1	1	retained by p_gf	exact
4	586	minimal	metric trace	tau[P1^3*P3]	586	0	0	0	4	(0,0) tensor Sym^4(1/2,1/2)	0	4	proven minimal raw chain	minimal master-action rule	0	1	1	retained by p_gf	exact
4	587	minimal	metric trace	tau[P1^3*P2]	587	0	0	0	4	(0,0) tensor Sym^4(1/2,1/2)	0	4	proven minimal raw chain	minimal master-action rule	0	1	1	retained by p_gf	exact
4	588	minimal	metric trace	tau[P1^4]	588	0	0	0	4	(0,0) tensor Sym^4(1/2,1/2)	0	4	proven minimal raw chain	minimal master-action rule	0	1	1	retained by p_gf	exact
4	589	minimal	metric trace	tau[P0*P3^3]	589	0	0	0	4	(0,0) tensor Sym^4(1/2,1/2)	0	4	proven minimal raw chain	minimal master-action rule	0	1	1	retained by p_gf	exact
4	590	minimal	metric trace	tau[P0*P2*P3^2]	590	0	0	0	4	(0,0) tensor Sym^4(1/2,1/2)	0	4	proven minimal raw chain	minimal master-action rule	0	1	1	retained by p_gf	exact
4	591	minimal	metric trace	tau[P0*P2^2*P3]	591	0	0	0	4	(0,0) tensor Sym^4(1/2,1/2)	0	4	proven minimal raw chain	minimal master-action rule	0	1	1	retained by p_gf	exact
4	592	minimal	metric trace	tau[P0*P2^3]	592	0	0	0	4	(0,0) tensor Sym^4(1/2,1/2)	0	4	proven minimal raw chain	minimal master-action rule	0	1	1	retained by p_gf	exact
4	593	minimal	metric trace	tau[P0*P1*P3^2]	593	0	0	0	4	(0,0) tensor Sym^4(1/2,1/2)	0	4	proven minimal raw chain	minimal master-action rule	0	1	1	retained by p_gf	exact
4	594	minimal	metric trace	tau[P0*P1*P2*P3]	594	0	0	0	4	(0,0) tensor Sym^4(1/2,1/2)	0	4	proven minimal raw chain	minimal master-action rule	0	1	1	retained by p_gf	exact
4	595	minimal	metric trace	tau[P0*P1*P2^2]	595	0	0	0	4	(0,0) tensor Sym^4(1/2,1/2)	0	4	proven minimal raw chain	minimal master-action rule	0	1	1	retained by p_gf	exact
4	596	minimal	metric trace	tau[P0*P1^2*P3]	596	0	0	0	4	(0,0) tensor Sym^4(1/2,1/2)	0	4	proven minimal raw chain	minimal master-action rule	0	1	1	retained by p_gf	exact
4	597	minimal	metric trace	tau[P0*P1^2*P2]	597	0	0	0	4	(0,0) tensor Sym^4(1/2,1/2)	0	4	proven minimal raw chain	minimal master-action rule	0	1	1	retained by p_gf	exact
4	598	minimal	metric trace	tau[P0*P1^3]	598	0	0	0	4	(0,0) tensor Sym^4(1/2,1/2)	0	4	proven minimal raw chain	minimal master-action rule	0	1	1	retained by p_gf	exact
4	599	minimal	metric trace	tau[P0^2*P3^2]	599	0	0	0	4	(0,0) tensor Sym^4(1/2,1/2)	0	4	proven minimal raw chain	minimal master-action rule	0	1	1	retained by p_gf	exact
4	600	minimal	metric trace	tau[P0^2*P2*P3]	600	0	0	0	4	(0,0) tensor Sym^4(1/2,1/2)	0	4	proven minimal raw chain	minimal master-action rule	0	1	1	retained by p_gf	exact
4	601	minimal	metric trace	tau[P0^2*P2^2]	601	0	0	0	4	(0,0) tensor Sym^4(1/2,1/2)	0	4	proven minimal raw chain	minimal master-action rule	0	1	1	retained by p_gf	exact
4	602	minimal	metric trace	tau[P0^2*P1*P3]	602	0	0	0	4	(0,0) tensor Sym^4(1/2,1/2)	0	4	proven minimal raw chain	minimal master-action rule	0	1	1	retained by p_gf	exact
4	603	minimal	metric trace	tau[P0^2*P1*P2]	603	0	0	0	4	(0,0) tensor Sym^4(1/2,1/2)	0	4	proven minimal raw chain	minimal master-action rule	0	1	1	retained by p_gf	exact
4	604	minimal	metric trace	tau[P0^2*P1^2]	604	0	0	0	4	(0,0) tensor Sym^4(1/2,1/2)	0	4	proven minimal raw chain	minimal master-action rule	0	1	1	retained by p_gf	exact
4	605	minimal	metric trace	tau[P0^3*P3]	605	0	0	0	4	(0,0) tensor Sym^4(1/2,1/2)	0	4	proven minimal raw chain	minimal master-action rule	0	1	1	retained by p_gf	exact
4	606	minimal	metric trace	tau[P0^3*P2]	606	0	0	0	4	(0,0) tensor Sym^4(1/2,1/2)	0	4	proven minimal raw chain	minimal master-action rule	0	1	1	retained by p_gf	exact
4	607	minimal	metric trace	tau[P0^3*P1]	607	0	0	0	4	(0,0) tensor Sym^4(1/2,1/2)	0	4	proven minimal raw chain	minimal master-action rule	0	1	1	retained by p_gf	exact
4	608	minimal	metric trace	tau[P0^4]	608	0	0	0	4	(0,0) tensor Sym^4(1/2,1/2)	0	4	proven minimal raw chain	minimal master-action rule	0	1	1	retained by p_gf	exact
4	609	minimal	trace-free metric antifield	hstar_0_(01)[1]	609	-1	1	1	4	(1,1) tensor Sym^0(1/2,1/2)	4	0	proven minimal raw chain	minimal master-action rule	partial^mu hstar_0(mu nu)	0	0	retained by p_gf	exact
4	610	minimal	trace-free metric antifield	hstar_0_(02)[1]	610	-1	1	1	4	(1,1) tensor Sym^0(1/2,1/2)	4	0	proven minimal raw chain	minimal master-action rule	partial^mu hstar_0(mu nu)	0	0	retained by p_gf	exact
4	611	minimal	trace-free metric antifield	hstar_0_(03)[1]	611	-1	1	1	4	(1,1) tensor Sym^0(1/2,1/2)	4	0	proven minimal raw chain	minimal master-action rule	partial^mu hstar_0(mu nu)	0	0	retained by p_gf	exact
4	612	minimal	trace-free metric antifield	hstar_0_(12)[1]	612	-1	1	1	4	(1,1) tensor Sym^0(1/2,1/2)	4	0	proven minimal raw chain	minimal master-action rule	partial^mu hstar_0(mu nu)	0	0	retained by p_gf	exact
4	613	minimal	trace-free metric antifield	hstar_0_(13)[1]	613	-1	1	1	4	(1,1) tensor Sym^0(1/2,1/2)	4	0	proven minimal raw chain	minimal master-action rule	partial^mu hstar_0(mu nu)	0	0	retained by p_gf	exact
4	614	minimal	trace-free metric antifield	hstar_0_(23)[1]	614	-1	1	1	4	(1,1) tensor Sym^0(1/2,1/2)	4	0	proven minimal raw chain	minimal master-action rule	partial^mu hstar_0(mu nu)	0	0	retained by p_gf	exact
4	615	minimal	trace-free metric antifield	hstar_0_(00)-(33)[1]	615	-1	1	1	4	(1,1) tensor Sym^0(1/2,1/2)	4	0	proven minimal raw chain	minimal master-action rule	partial^mu hstar_0(mu nu)	0	0	retained by p_gf	exact
4	616	minimal	trace-free metric antifield	hstar_0_(11)-(33)[1]	616	-1	1	1	4	(1,1) tensor Sym^0(1/2,1/2)	4	0	proven minimal raw chain	minimal master-action rule	partial^mu hstar_0(mu nu)	0	0	retained by p_gf	exact
4	617	minimal	trace-free metric antifield	hstar_0_(22)-(33)[1]	617	-1	1	1	4	(1,1) tensor Sym^0(1/2,1/2)	4	0	proven minimal raw chain	minimal master-action rule	partial^mu hstar_0(mu nu)	0	0	retained by p_gf	exact
4	618	minimal	trace metric antifield	tau_star[1]	618	-1	1	1	4	(0,0) tensor Sym^0(1/2,1/2)	4	0	proven minimal raw chain	minimal master-action rule	Omega_star	1	0	retained by p_gf	exact
4	619	minimal	Weyl-ghost antifield	Omega_star[1]	619	-2	2	2	4	(0,0) tensor Sym^0(1/2,1/2)	4	0	proven minimal raw chain	minimal master-action rule	0	0	0	retained by p_gf	exact
4	620	nonminimal	vector_antighost	vector_antighost[0]	0	-1	0	1	4	vector	3	1	nonminimal doublet	vector_multiplier	0	0	1	explicit tangent homotopy	exact
4	621	nonminimal	vector_antighost	vector_antighost[1]	1	-1	0	1	4	vector	3	1	nonminimal doublet	vector_multiplier	0	0	1	explicit tangent homotopy	exact
4	622	nonminimal	vector_antighost	vector_antighost[2]	2	-1	0	1	4	vector	3	1	nonminimal doublet	vector_multiplier	0	0	1	explicit tangent homotopy	exact
4	623	nonminimal	vector_antighost	vector_antighost[3]	3	-1	0	1	4	vector	3	1	nonminimal doublet	vector_multiplier	0	0	3	explicit tangent homotopy	exact
4	624	nonminimal	vector_antighost	vector_antighost[4]	4	-1	0	1	4	vector	3	1	nonminimal doublet	vector_multiplier	0	0	1	explicit tangent homotopy	exact
4	625	nonminimal	vector_antighost	vector_antighost[5]	5	-1	0	1	4	vector	3	1	nonminimal doublet	vector_multiplier	0	0	1	explicit tangent homotopy	exact
4	626	nonminimal	vector_antighost	vector_antighost[6]	6	-1	0	1	4	vector	3	1	nonminimal doublet	vector_multiplier	0	0	3	explicit tangent homotopy	exact
4	627	nonminimal	vector_antighost	vector_antighost[7]	7	-1	0	1	4	vector	3	1	nonminimal doublet	vector_multiplier	0	0	1	explicit tangent homotopy	exact
4	628	nonminimal	vector_antighost	vector_antighost[8]	8	-1	0	1	4	vector	3	1	nonminimal doublet	vector_multiplier	0	0	1	explicit tangent homotopy	exact
4	629	nonminimal	vector_antighost	vector_antighost[9]	9	-1	0	1	4	vector	3	1	nonminimal doublet	vector_multiplier	0	0	3	explicit tangent homotopy	exact
4	630	nonminimal	vector_antighost	vector_antighost[10]	10	-1	0	1	4	vector	3	1	nonminimal doublet	vector_multiplier	0	0	1	explicit tangent homotopy	exact
4	631	nonminimal	vector_antighost	vector_antighost[11]	11	-1	0	1	4	vector	3	1	nonminimal doublet	vector_multiplier	0	0	1	explicit tangent homotopy	exact
4	632	nonminimal	vector_antighost	vector_antighost[12]	12	-1	0	1	4	vector	3	1	nonminimal doublet	vector_multiplier	0	0	3	explicit tangent homotopy	exact
4	633	nonminimal	vector_antighost	vector_antighost[13]	13	-1	0	1	4	vector	3	1	nonminimal doublet	vector_multiplier	0	0	1	explicit tangent homotopy	exact
4	634	nonminimal	vector_antighost	vector_antighost[14]	14	-1	0	1	4	vector	3	1	nonminimal doublet	vector_multiplier	0	0	1	explicit tangent homotopy	exact
4	635	nonminimal	vector_antighost	vector_antighost[15]	15	-1	0	1	4	vector	3	1	nonminimal doublet	vector_multiplier	0	0	1	explicit tangent homotopy	exact
4	636	nonminimal	vector_multiplier	vector_multiplier[0]	0	0	0	0	4	vector	3	1	nonminimal doublet	0	vector_antighost	2	0	explicit tangent homotopy	exact
4	637	nonminimal	vector_multiplier	vector_multiplier[1]	1	0	0	0	4	vector	3	1	nonminimal doublet	0	vector_antighost	2	0	explicit tangent homotopy	exact
4	638	nonminimal	vector_multiplier	vector_multiplier[2]	2	0	0	0	4	vector	3	1	nonminimal doublet	0	vector_antighost	2	0	explicit tangent homotopy	exact
4	639	nonminimal	vector_multiplier	vector_multiplier[3]	3	0	0	0	4	vector	3	1	nonminimal doublet	0	vector_antighost	4	0	explicit tangent homotopy	exact
4	640	nonminimal	vector_multiplier	vector_multiplier[4]	4	0	0	0	4	vector	3	1	nonminimal doublet	0	vector_antighost	2	0	explicit tangent homotopy	exact
4	641	nonminimal	vector_multiplier	vector_multiplier[5]	5	0	0	0	4	vector	3	1	nonminimal doublet	0	vector_antighost	2	0	explicit tangent homotopy	exact
4	642	nonminimal	vector_multiplier	vector_multiplier[6]	6	0	0	0	4	vector	3	1	nonminimal doublet	0	vector_antighost	4	0	explicit tangent homotopy	exact
4	643	nonminimal	vector_multiplier	vector_multiplier[7]	7	0	0	0	4	vector	3	1	nonminimal doublet	0	vector_antighost	2	0	explicit tangent homotopy	exact
4	644	nonminimal	vector_multiplier	vector_multiplier[8]	8	0	0	0	4	vector	3	1	nonminimal doublet	0	vector_antighost	2	0	explicit tangent homotopy	exact
4	645	nonminimal	vector_multiplier	vector_multiplier[9]	9	0	0	0	4	vector	3	1	nonminimal doublet	0	vector_antighost	4	0	explicit tangent homotopy	exact
4	646	nonminimal	vector_multiplier	vector_multiplier[10]	10	0	0	0	4	vector	3	1	nonminimal doublet	0	vector_antighost	2	0	explicit tangent homotopy	exact
4	647	nonminimal	vector_multiplier	vector_multiplier[11]	11	0	0	0	4	vector	3	1	nonminimal doublet	0	vector_antighost	2	0	explicit tangent homotopy	exact
4	648	nonminimal	vector_multiplier	vector_multiplier[12]	12	0	0	0	4	vector	3	1	nonminimal doublet	0	vector_antighost	4	0	explicit tangent homotopy	exact
4	649	nonminimal	vector_multiplier	vector_multiplier[13]	13	0	0	0	4	vector	3	1	nonminimal doublet	0	vector_antighost	2	0	explicit tangent homotopy	exact
4	650	nonminimal	vector_multiplier	vector_multiplier[14]	14	0	0	0	4	vector	3	1	nonminimal doublet	0	vector_antighost	2	0	explicit tangent homotopy	exact
4	651	nonminimal	vector_multiplier	vector_multiplier[15]	15	0	0	0	4	vector	3	1	nonminimal doublet	0	vector_antighost	2	0	explicit tangent homotopy	exact
4	652	nonminimal	scalar_antighost	scalar_antighost[0]	0	-1	0	1	4	scalar	4	0	nonminimal doublet	scalar_multiplier	0	1	1	explicit tangent homotopy	exact
4	653	nonminimal	scalar_multiplier	scalar_multiplier[0]	0	0	0	0	4	scalar	4	0	nonminimal doublet	0	scalar_antighost	2	0	explicit tangent homotopy	exact
4	654	nonminimal	vector_antighost_antifield	vector_antighost_antifield[0]	0	0	1	0	4	covector density	1	3	nonminimal doublet	0	vector_multiplier_antifield	1	0	explicit tangent homotopy	exact
4	655	nonminimal	vector_antighost_antifield	vector_antighost_antifield[1]	1	0	1	0	4	covector density	1	3	nonminimal doublet	0	vector_multiplier_antifield	1	0	explicit tangent homotopy	exact
4	656	nonminimal	vector_antighost_antifield	vector_antighost_antifield[2]	2	0	1	0	4	covector density	1	3	nonminimal doublet	0	vector_multiplier_antifield	1	0	explicit tangent homotopy	exact
4	657	nonminimal	vector_antighost_antifield	vector_antighost_antifield[3]	3	0	1	0	4	covector density	1	3	nonminimal doublet	0	vector_multiplier_antifield	1	0	explicit tangent homotopy	exact
4	658	nonminimal	vector_antighost_antifield	vector_antighost_antifield[4]	4	0	1	0	4	covector density	1	3	nonminimal doublet	0	vector_multiplier_antifield	1	0	explicit tangent homotopy	exact
4	659	nonminimal	vector_antighost_antifield	vector_antighost_antifield[5]	5	0	1	0	4	covector density	1	3	nonminimal doublet	0	vector_multiplier_antifield	1	0	explicit tangent homotopy	exact
4	660	nonminimal	vector_antighost_antifield	vector_antighost_antifield[6]	6	0	1	0	4	covector density	1	3	nonminimal doublet	0	vector_multiplier_antifield	1	0	explicit tangent homotopy	exact
4	661	nonminimal	vector_antighost_antifield	vector_antighost_antifield[7]	7	0	1	0	4	covector density	1	3	nonminimal doublet	0	vector_multiplier_antifield	1	0	explicit tangent homotopy	exact
4	662	nonminimal	vector_antighost_antifield	vector_antighost_antifield[8]	8	0	1	0	4	covector density	1	3	nonminimal doublet	0	vector_multiplier_antifield	1	0	explicit tangent homotopy	exact
4	663	nonminimal	vector_antighost_antifield	vector_antighost_antifield[9]	9	0	1	0	4	covector density	1	3	nonminimal doublet	0	vector_multiplier_antifield	1	0	explicit tangent homotopy	exact
4	664	nonminimal	vector_antighost_antifield	vector_antighost_antifield[10]	10	0	1	0	4	covector density	1	3	nonminimal doublet	0	vector_multiplier_antifield	1	0	explicit tangent homotopy	exact
4	665	nonminimal	vector_antighost_antifield	vector_antighost_antifield[11]	11	0	1	0	4	covector density	1	3	nonminimal doublet	0	vector_multiplier_antifield	1	0	explicit tangent homotopy	exact
4	666	nonminimal	vector_antighost_antifield	vector_antighost_antifield[12]	12	0	1	0	4	covector density	1	3	nonminimal doublet	0	vector_multiplier_antifield	1	0	explicit tangent homotopy	exact
4	667	nonminimal	vector_antighost_antifield	vector_antighost_antifield[13]	13	0	1	0	4	covector density	1	3	nonminimal doublet	0	vector_multiplier_antifield	1	0	explicit tangent homotopy	exact
4	668	nonminimal	vector_antighost_antifield	vector_antighost_antifield[14]	14	0	1	0	4	covector density	1	3	nonminimal doublet	0	vector_multiplier_antifield	1	0	explicit tangent homotopy	exact
4	669	nonminimal	vector_antighost_antifield	vector_antighost_antifield[15]	15	0	1	0	4	covector density	1	3	nonminimal doublet	0	vector_multiplier_antifield	1	0	explicit tangent homotopy	exact
4	670	nonminimal	vector_antighost_antifield	vector_antighost_antifield[16]	16	0	1	0	4	covector density	1	3	nonminimal doublet	0	vector_multiplier_antifield	1	0	explicit tangent homotopy	exact
4	671	nonminimal	vector_antighost_antifield	vector_antighost_antifield[17]	17	0	1	0	4	covector density	1	3	nonminimal doublet	0	vector_multiplier_antifield	1	0	explicit tangent homotopy	exact
4	672	nonminimal	vector_antighost_antifield	vector_antighost_antifield[18]	18	0	1	0	4	covector density	1	3	nonminimal doublet	0	vector_multiplier_antifield	1	0	explicit tangent homotopy	exact
4	673	nonminimal	vector_antighost_antifield	vector_antighost_antifield[19]	19	0	1	0	4	covector density	1	3	nonminimal doublet	0	vector_multiplier_antifield	1	0	explicit tangent homotopy	exact
4	674	nonminimal	vector_antighost_antifield	vector_antighost_antifield[20]	20	0	1	0	4	covector density	1	3	nonminimal doublet	0	vector_multiplier_antifield	1	0	explicit tangent homotopy	exact
4	675	nonminimal	vector_antighost_antifield	vector_antighost_antifield[21]	21	0	1	0	4	covector density	1	3	nonminimal doublet	0	vector_multiplier_antifield	1	0	explicit tangent homotopy	exact
4	676	nonminimal	vector_antighost_antifield	vector_antighost_antifield[22]	22	0	1	0	4	covector density	1	3	nonminimal doublet	0	vector_multiplier_antifield	1	0	explicit tangent homotopy	exact
4	677	nonminimal	vector_antighost_antifield	vector_antighost_antifield[23]	23	0	1	0	4	covector density	1	3	nonminimal doublet	0	vector_multiplier_antifield	1	0	explicit tangent homotopy	exact
4	678	nonminimal	vector_antighost_antifield	vector_antighost_antifield[24]	24	0	1	0	4	covector density	1	3	nonminimal doublet	0	vector_multiplier_antifield	1	0	explicit tangent homotopy	exact
4	679	nonminimal	vector_antighost_antifield	vector_antighost_antifield[25]	25	0	1	0	4	covector density	1	3	nonminimal doublet	0	vector_multiplier_antifield	1	0	explicit tangent homotopy	exact
4	680	nonminimal	vector_antighost_antifield	vector_antighost_antifield[26]	26	0	1	0	4	covector density	1	3	nonminimal doublet	0	vector_multiplier_antifield	1	0	explicit tangent homotopy	exact
4	681	nonminimal	vector_antighost_antifield	vector_antighost_antifield[27]	27	0	1	0	4	covector density	1	3	nonminimal doublet	0	vector_multiplier_antifield	1	0	explicit tangent homotopy	exact
4	682	nonminimal	vector_antighost_antifield	vector_antighost_antifield[28]	28	0	1	0	4	covector density	1	3	nonminimal doublet	0	vector_multiplier_antifield	1	0	explicit tangent homotopy	exact
4	683	nonminimal	vector_antighost_antifield	vector_antighost_antifield[29]	29	0	1	0	4	covector density	1	3	nonminimal doublet	0	vector_multiplier_antifield	1	0	explicit tangent homotopy	exact
4	684	nonminimal	vector_antighost_antifield	vector_antighost_antifield[30]	30	0	1	0	4	covector density	1	3	nonminimal doublet	0	vector_multiplier_antifield	1	0	explicit tangent homotopy	exact
4	685	nonminimal	vector_antighost_antifield	vector_antighost_antifield[31]	31	0	1	0	4	covector density	1	3	nonminimal doublet	0	vector_multiplier_antifield	1	0	explicit tangent homotopy	exact
4	686	nonminimal	vector_antighost_antifield	vector_antighost_antifield[32]	32	0	1	0	4	covector density	1	3	nonminimal doublet	0	vector_multiplier_antifield	1	0	explicit tangent homotopy	exact
4	687	nonminimal	vector_antighost_antifield	vector_antighost_antifield[33]	33	0	1	0	4	covector density	1	3	nonminimal doublet	0	vector_multiplier_antifield	1	0	explicit tangent homotopy	exact
4	688	nonminimal	vector_antighost_antifield	vector_antighost_antifield[34]	34	0	1	0	4	covector density	1	3	nonminimal doublet	0	vector_multiplier_antifield	1	0	explicit tangent homotopy	exact
4	689	nonminimal	vector_antighost_antifield	vector_antighost_antifield[35]	35	0	1	0	4	covector density	1	3	nonminimal doublet	0	vector_multiplier_antifield	1	0	explicit tangent homotopy	exact
4	690	nonminimal	vector_antighost_antifield	vector_antighost_antifield[36]	36	0	1	0	4	covector density	1	3	nonminimal doublet	0	vector_multiplier_antifield	1	0	explicit tangent homotopy	exact
4	691	nonminimal	vector_antighost_antifield	vector_antighost_antifield[37]	37	0	1	0	4	covector density	1	3	nonminimal doublet	0	vector_multiplier_antifield	1	0	explicit tangent homotopy	exact
4	692	nonminimal	vector_antighost_antifield	vector_antighost_antifield[38]	38	0	1	0	4	covector density	1	3	nonminimal doublet	0	vector_multiplier_antifield	1	0	explicit tangent homotopy	exact
4	693	nonminimal	vector_antighost_antifield	vector_antighost_antifield[39]	39	0	1	0	4	covector density	1	3	nonminimal doublet	0	vector_multiplier_antifield	1	0	explicit tangent homotopy	exact
4	694	nonminimal	vector_antighost_antifield	vector_antighost_antifield[40]	40	0	1	0	4	covector density	1	3	nonminimal doublet	0	vector_multiplier_antifield	1	0	explicit tangent homotopy	exact
4	695	nonminimal	vector_antighost_antifield	vector_antighost_antifield[41]	41	0	1	0	4	covector density	1	3	nonminimal doublet	0	vector_multiplier_antifield	1	0	explicit tangent homotopy	exact
4	696	nonminimal	vector_antighost_antifield	vector_antighost_antifield[42]	42	0	1	0	4	covector density	1	3	nonminimal doublet	0	vector_multiplier_antifield	1	0	explicit tangent homotopy	exact
4	697	nonminimal	vector_antighost_antifield	vector_antighost_antifield[43]	43	0	1	0	4	covector density	1	3	nonminimal doublet	0	vector_multiplier_antifield	1	0	explicit tangent homotopy	exact
4	698	nonminimal	vector_antighost_antifield	vector_antighost_antifield[44]	44	0	1	0	4	covector density	1	3	nonminimal doublet	0	vector_multiplier_antifield	1	0	explicit tangent homotopy	exact
4	699	nonminimal	vector_antighost_antifield	vector_antighost_antifield[45]	45	0	1	0	4	covector density	1	3	nonminimal doublet	0	vector_multiplier_antifield	1	0	explicit tangent homotopy	exact
4	700	nonminimal	vector_antighost_antifield	vector_antighost_antifield[46]	46	0	1	0	4	covector density	1	3	nonminimal doublet	0	vector_multiplier_antifield	1	0	explicit tangent homotopy	exact
4	701	nonminimal	vector_antighost_antifield	vector_antighost_antifield[47]	47	0	1	0	4	covector density	1	3	nonminimal doublet	0	vector_multiplier_antifield	1	0	explicit tangent homotopy	exact
4	702	nonminimal	vector_antighost_antifield	vector_antighost_antifield[48]	48	0	1	0	4	covector density	1	3	nonminimal doublet	0	vector_multiplier_antifield	1	0	explicit tangent homotopy	exact
4	703	nonminimal	vector_antighost_antifield	vector_antighost_antifield[49]	49	0	1	0	4	covector density	1	3	nonminimal doublet	0	vector_multiplier_antifield	1	0	explicit tangent homotopy	exact
4	704	nonminimal	vector_antighost_antifield	vector_antighost_antifield[50]	50	0	1	0	4	covector density	1	3	nonminimal doublet	0	vector_multiplier_antifield	1	0	explicit tangent homotopy	exact
4	705	nonminimal	vector_antighost_antifield	vector_antighost_antifield[51]	51	0	1	0	4	covector density	1	3	nonminimal doublet	0	vector_multiplier_antifield	1	0	explicit tangent homotopy	exact
4	706	nonminimal	vector_antighost_antifield	vector_antighost_antifield[52]	52	0	1	0	4	covector density	1	3	nonminimal doublet	0	vector_multiplier_antifield	1	0	explicit tangent homotopy	exact
4	707	nonminimal	vector_antighost_antifield	vector_antighost_antifield[53]	53	0	1	0	4	covector density	1	3	nonminimal doublet	0	vector_multiplier_antifield	1	0	explicit tangent homotopy	exact
4	708	nonminimal	vector_antighost_antifield	vector_antighost_antifield[54]	54	0	1	0	4	covector density	1	3	nonminimal doublet	0	vector_multiplier_antifield	1	0	explicit tangent homotopy	exact
4	709	nonminimal	vector_antighost_antifield	vector_antighost_antifield[55]	55	0	1	0	4	covector density	1	3	nonminimal doublet	0	vector_multiplier_antifield	1	0	explicit tangent homotopy	exact
4	710	nonminimal	vector_antighost_antifield	vector_antighost_antifield[56]	56	0	1	0	4	covector density	1	3	nonminimal doublet	0	vector_multiplier_antifield	1	0	explicit tangent homotopy	exact
4	711	nonminimal	vector_antighost_antifield	vector_antighost_antifield[57]	57	0	1	0	4	covector density	1	3	nonminimal doublet	0	vector_multiplier_antifield	1	0	explicit tangent homotopy	exact
4	712	nonminimal	vector_antighost_antifield	vector_antighost_antifield[58]	58	0	1	0	4	covector density	1	3	nonminimal doublet	0	vector_multiplier_antifield	1	0	explicit tangent homotopy	exact
4	713	nonminimal	vector_antighost_antifield	vector_antighost_antifield[59]	59	0	1	0	4	covector density	1	3	nonminimal doublet	0	vector_multiplier_antifield	1	0	explicit tangent homotopy	exact
4	714	nonminimal	vector_antighost_antifield	vector_antighost_antifield[60]	60	0	1	0	4	covector density	1	3	nonminimal doublet	0	vector_multiplier_antifield	1	0	explicit tangent homotopy	exact
4	715	nonminimal	vector_antighost_antifield	vector_antighost_antifield[61]	61	0	1	0	4	covector density	1	3	nonminimal doublet	0	vector_multiplier_antifield	1	0	explicit tangent homotopy	exact
4	716	nonminimal	vector_antighost_antifield	vector_antighost_antifield[62]	62	0	1	0	4	covector density	1	3	nonminimal doublet	0	vector_multiplier_antifield	1	0	explicit tangent homotopy	exact
4	717	nonminimal	vector_antighost_antifield	vector_antighost_antifield[63]	63	0	1	0	4	covector density	1	3	nonminimal doublet	0	vector_multiplier_antifield	1	0	explicit tangent homotopy	exact
4	718	nonminimal	vector_antighost_antifield	vector_antighost_antifield[64]	64	0	1	0	4	covector density	1	3	nonminimal doublet	0	vector_multiplier_antifield	1	0	explicit tangent homotopy	exact
4	719	nonminimal	vector_antighost_antifield	vector_antighost_antifield[65]	65	0	1	0	4	covector density	1	3	nonminimal doublet	0	vector_multiplier_antifield	1	0	explicit tangent homotopy	exact
4	720	nonminimal	vector_antighost_antifield	vector_antighost_antifield[66]	66	0	1	0	4	covector density	1	3	nonminimal doublet	0	vector_multiplier_antifield	1	0	explicit tangent homotopy	exact
4	721	nonminimal	vector_antighost_antifield	vector_antighost_antifield[67]	67	0	1	0	4	covector density	1	3	nonminimal doublet	0	vector_multiplier_antifield	1	0	explicit tangent homotopy	exact
4	722	nonminimal	vector_antighost_antifield	vector_antighost_antifield[68]	68	0	1	0	4	covector density	1	3	nonminimal doublet	0	vector_multiplier_antifield	1	0	explicit tangent homotopy	exact
4	723	nonminimal	vector_antighost_antifield	vector_antighost_antifield[69]	69	0	1	0	4	covector density	1	3	nonminimal doublet	0	vector_multiplier_antifield	1	0	explicit tangent homotopy	exact
4	724	nonminimal	vector_antighost_antifield	vector_antighost_antifield[70]	70	0	1	0	4	covector density	1	3	nonminimal doublet	0	vector_multiplier_antifield	1	0	explicit tangent homotopy	exact
4	725	nonminimal	vector_antighost_antifield	vector_antighost_antifield[71]	71	0	1	0	4	covector density	1	3	nonminimal doublet	0	vector_multiplier_antifield	1	0	explicit tangent homotopy	exact
4	726	nonminimal	vector_antighost_antifield	vector_antighost_antifield[72]	72	0	1	0	4	covector density	1	3	nonminimal doublet	0	vector_multiplier_antifield	1	0	explicit tangent homotopy	exact
4	727	nonminimal	vector_antighost_antifield	vector_antighost_antifield[73]	73	0	1	0	4	covector density	1	3	nonminimal doublet	0	vector_multiplier_antifield	1	0	explicit tangent homotopy	exact
4	728	nonminimal	vector_antighost_antifield	vector_antighost_antifield[74]	74	0	1	0	4	covector density	1	3	nonminimal doublet	0	vector_multiplier_antifield	1	0	explicit tangent homotopy	exact
4	729	nonminimal	vector_antighost_antifield	vector_antighost_antifield[75]	75	0	1	0	4	covector density	1	3	nonminimal doublet	0	vector_multiplier_antifield	1	0	explicit tangent homotopy	exact
4	730	nonminimal	vector_antighost_antifield	vector_antighost_antifield[76]	76	0	1	0	4	covector density	1	3	nonminimal doublet	0	vector_multiplier_antifield	1	0	explicit tangent homotopy	exact
4	731	nonminimal	vector_antighost_antifield	vector_antighost_antifield[77]	77	0	1	0	4	covector density	1	3	nonminimal doublet	0	vector_multiplier_antifield	1	0	explicit tangent homotopy	exact
4	732	nonminimal	vector_antighost_antifield	vector_antighost_antifield[78]	78	0	1	0	4	covector density	1	3	nonminimal doublet	0	vector_multiplier_antifield	1	0	explicit tangent homotopy	exact
4	733	nonminimal	vector_antighost_antifield	vector_antighost_antifield[79]	79	0	1	0	4	covector density	1	3	nonminimal doublet	0	vector_multiplier_antifield	1	0	explicit tangent homotopy	exact
4	734	nonminimal	vector_multiplier_antifield	vector_multiplier_antifield[0]	0	-1	1	1	4	covector density	1	3	nonminimal doublet	vector_antighost_antifield	0	0	0	explicit tangent homotopy	exact
4	735	nonminimal	vector_multiplier_antifield	vector_multiplier_antifield[1]	1	-1	1	1	4	covector density	1	3	nonminimal doublet	vector_antighost_antifield	0	0	0	explicit tangent homotopy	exact
4	736	nonminimal	vector_multiplier_antifield	vector_multiplier_antifield[2]	2	-1	1	1	4	covector density	1	3	nonminimal doublet	vector_antighost_antifield	0	0	0	explicit tangent homotopy	exact
4	737	nonminimal	vector_multiplier_antifield	vector_multiplier_antifield[3]	3	-1	1	1	4	covector density	1	3	nonminimal doublet	vector_antighost_antifield	0	0	0	explicit tangent homotopy	exact
4	738	nonminimal	vector_multiplier_antifield	vector_multiplier_antifield[4]	4	-1	1	1	4	covector density	1	3	nonminimal doublet	vector_antighost_antifield	0	0	0	explicit tangent homotopy	exact
4	739	nonminimal	vector_multiplier_antifield	vector_multiplier_antifield[5]	5	-1	1	1	4	covector density	1	3	nonminimal doublet	vector_antighost_antifield	0	0	0	explicit tangent homotopy	exact
4	740	nonminimal	vector_multiplier_antifield	vector_multiplier_antifield[6]	6	-1	1	1	4	covector density	1	3	nonminimal doublet	vector_antighost_antifield	0	0	0	explicit tangent homotopy	exact
4	741	nonminimal	vector_multiplier_antifield	vector_multiplier_antifield[7]	7	-1	1	1	4	covector density	1	3	nonminimal doublet	vector_antighost_antifield	0	0	0	explicit tangent homotopy	exact
4	742	nonminimal	vector_multiplier_antifield	vector_multiplier_antifield[8]	8	-1	1	1	4	covector density	1	3	nonminimal doublet	vector_antighost_antifield	0	0	0	explicit tangent homotopy	exact
4	743	nonminimal	vector_multiplier_antifield	vector_multiplier_antifield[9]	9	-1	1	1	4	covector density	1	3	nonminimal doublet	vector_antighost_antifield	0	0	0	explicit tangent homotopy	exact
4	744	nonminimal	vector_multiplier_antifield	vector_multiplier_antifield[10]	10	-1	1	1	4	covector density	1	3	nonminimal doublet	vector_antighost_antifield	0	0	0	explicit tangent homotopy	exact
4	745	nonminimal	vector_multiplier_antifield	vector_multiplier_antifield[11]	11	-1	1	1	4	covector density	1	3	nonminimal doublet	vector_antighost_antifield	0	0	0	explicit tangent homotopy	exact
4	746	nonminimal	vector_multiplier_antifield	vector_multiplier_antifield[12]	12	-1	1	1	4	covector density	1	3	nonminimal doublet	vector_antighost_antifield	0	0	0	explicit tangent homotopy	exact
4	747	nonminimal	vector_multiplier_antifield	vector_multiplier_antifield[13]	13	-1	1	1	4	covector density	1	3	nonminimal doublet	vector_antighost_antifield	0	0	0	explicit tangent homotopy	exact
4	748	nonminimal	vector_multiplier_antifield	vector_multiplier_antifield[14]	14	-1	1	1	4	covector density	1	3	nonminimal doublet	vector_antighost_antifield	0	0	0	explicit tangent homotopy	exact
4	749	nonminimal	vector_multiplier_antifield	vector_multiplier_antifield[15]	15	-1	1	1	4	covector density	1	3	nonminimal doublet	vector_antighost_antifield	0	0	0	explicit tangent homotopy	exact
4	750	nonminimal	vector_multiplier_antifield	vector_multiplier_antifield[16]	16	-1	1	1	4	covector density	1	3	nonminimal doublet	vector_antighost_antifield	0	0	0	explicit tangent homotopy	exact
4	751	nonminimal	vector_multiplier_antifield	vector_multiplier_antifield[17]	17	-1	1	1	4	covector density	1	3	nonminimal doublet	vector_antighost_antifield	0	0	0	explicit tangent homotopy	exact
4	752	nonminimal	vector_multiplier_antifield	vector_multiplier_antifield[18]	18	-1	1	1	4	covector density	1	3	nonminimal doublet	vector_antighost_antifield	0	0	0	explicit tangent homotopy	exact
4	753	nonminimal	vector_multiplier_antifield	vector_multiplier_antifield[19]	19	-1	1	1	4	covector density	1	3	nonminimal doublet	vector_antighost_antifield	0	0	0	explicit tangent homotopy	exact
4	754	nonminimal	vector_multiplier_antifield	vector_multiplier_antifield[20]	20	-1	1	1	4	covector density	1	3	nonminimal doublet	vector_antighost_antifield	0	0	0	explicit tangent homotopy	exact
4	755	nonminimal	vector_multiplier_antifield	vector_multiplier_antifield[21]	21	-1	1	1	4	covector density	1	3	nonminimal doublet	vector_antighost_antifield	0	0	0	explicit tangent homotopy	exact
4	756	nonminimal	vector_multiplier_antifield	vector_multiplier_antifield[22]	22	-1	1	1	4	covector density	1	3	nonminimal doublet	vector_antighost_antifield	0	0	0	explicit tangent homotopy	exact
4	757	nonminimal	vector_multiplier_antifield	vector_multiplier_antifield[23]	23	-1	1	1	4	covector density	1	3	nonminimal doublet	vector_antighost_antifield	0	0	0	explicit tangent homotopy	exact
4	758	nonminimal	vector_multiplier_antifield	vector_multiplier_antifield[24]	24	-1	1	1	4	covector density	1	3	nonminimal doublet	vector_antighost_antifield	0	0	0	explicit tangent homotopy	exact
4	759	nonminimal	vector_multiplier_antifield	vector_multiplier_antifield[25]	25	-1	1	1	4	covector density	1	3	nonminimal doublet	vector_antighost_antifield	0	0	0	explicit tangent homotopy	exact
4	760	nonminimal	vector_multiplier_antifield	vector_multiplier_antifield[26]	26	-1	1	1	4	covector density	1	3	nonminimal doublet	vector_antighost_antifield	0	0	0	explicit tangent homotopy	exact
4	761	nonminimal	vector_multiplier_antifield	vector_multiplier_antifield[27]	27	-1	1	1	4	covector density	1	3	nonminimal doublet	vector_antighost_antifield	0	0	0	explicit tangent homotopy	exact
4	762	nonminimal	vector_multiplier_antifield	vector_multiplier_antifield[28]	28	-1	1	1	4	covector density	1	3	nonminimal doublet	vector_antighost_antifield	0	0	0	explicit tangent homotopy	exact
4	763	nonminimal	vector_multiplier_antifield	vector_multiplier_antifield[29]	29	-1	1	1	4	covector density	1	3	nonminimal doublet	vector_antighost_antifield	0	0	0	explicit tangent homotopy	exact
4	764	nonminimal	vector_multiplier_antifield	vector_multiplier_antifield[30]	30	-1	1	1	4	covector density	1	3	nonminimal doublet	vector_antighost_antifield	0	0	0	explicit tangent homotopy	exact
4	765	nonminimal	vector_multiplier_antifield	vector_multiplier_antifield[31]	31	-1	1	1	4	covector density	1	3	nonminimal doublet	vector_antighost_antifield	0	0	0	explicit tangent homotopy	exact
4	766	nonminimal	vector_multiplier_antifield	vector_multiplier_antifield[32]	32	-1	1	1	4	covector density	1	3	nonminimal doublet	vector_antighost_antifield	0	0	0	explicit tangent homotopy	exact
4	767	nonminimal	vector_multiplier_antifield	vector_multiplier_antifield[33]	33	-1	1	1	4	covector density	1	3	nonminimal doublet	vector_antighost_antifield	0	0	0	explicit tangent homotopy	exact
4	768	nonminimal	vector_multiplier_antifield	vector_multiplier_antifield[34]	34	-1	1	1	4	covector density	1	3	nonminimal doublet	vector_antighost_antifield	0	0	0	explicit tangent homotopy	exact
4	769	nonminimal	vector_multiplier_antifield	vector_multiplier_antifield[35]	35	-1	1	1	4	covector density	1	3	nonminimal doublet	vector_antighost_antifield	0	0	0	explicit tangent homotopy	exact
4	770	nonminimal	vector_multiplier_antifield	vector_multiplier_antifield[36]	36	-1	1	1	4	covector density	1	3	nonminimal doublet	vector_antighost_antifield	0	0	0	explicit tangent homotopy	exact
4	771	nonminimal	vector_multiplier_antifield	vector_multiplier_antifield[37]	37	-1	1	1	4	covector density	1	3	nonminimal doublet	vector_antighost_antifield	0	0	0	explicit tangent homotopy	exact
4	772	nonminimal	vector_multiplier_antifield	vector_multiplier_antifield[38]	38	-1	1	1	4	covector density	1	3	nonminimal doublet	vector_antighost_antifield	0	0	0	explicit tangent homotopy	exact
4	773	nonminimal	vector_multiplier_antifield	vector_multiplier_antifield[39]	39	-1	1	1	4	covector density	1	3	nonminimal doublet	vector_antighost_antifield	0	0	0	explicit tangent homotopy	exact
4	774	nonminimal	vector_multiplier_antifield	vector_multiplier_antifield[40]	40	-1	1	1	4	covector density	1	3	nonminimal doublet	vector_antighost_antifield	0	0	0	explicit tangent homotopy	exact
4	775	nonminimal	vector_multiplier_antifield	vector_multiplier_antifield[41]	41	-1	1	1	4	covector density	1	3	nonminimal doublet	vector_antighost_antifield	0	0	0	explicit tangent homotopy	exact
4	776	nonminimal	vector_multiplier_antifield	vector_multiplier_antifield[42]	42	-1	1	1	4	covector density	1	3	nonminimal doublet	vector_antighost_antifield	0	0	0	explicit tangent homotopy	exact
4	777	nonminimal	vector_multiplier_antifield	vector_multiplier_antifield[43]	43	-1	1	1	4	covector density	1	3	nonminimal doublet	vector_antighost_antifield	0	0	0	explicit tangent homotopy	exact
4	778	nonminimal	vector_multiplier_antifield	vector_multiplier_antifield[44]	44	-1	1	1	4	covector density	1	3	nonminimal doublet	vector_antighost_antifield	0	0	0	explicit tangent homotopy	exact
4	779	nonminimal	vector_multiplier_antifield	vector_multiplier_antifield[45]	45	-1	1	1	4	covector density	1	3	nonminimal doublet	vector_antighost_antifield	0	0	0	explicit tangent homotopy	exact
4	780	nonminimal	vector_multiplier_antifield	vector_multiplier_antifield[46]	46	-1	1	1	4	covector density	1	3	nonminimal doublet	vector_antighost_antifield	0	0	0	explicit tangent homotopy	exact
4	781	nonminimal	vector_multiplier_antifield	vector_multiplier_antifield[47]	47	-1	1	1	4	covector density	1	3	nonminimal doublet	vector_antighost_antifield	0	0	0	explicit tangent homotopy	exact
4	782	nonminimal	vector_multiplier_antifield	vector_multiplier_antifield[48]	48	-1	1	1	4	covector density	1	3	nonminimal doublet	vector_antighost_antifield	0	0	0	explicit tangent homotopy	exact
4	783	nonminimal	vector_multiplier_antifield	vector_multiplier_antifield[49]	49	-1	1	1	4	covector density	1	3	nonminimal doublet	vector_antighost_antifield	0	0	0	explicit tangent homotopy	exact
4	784	nonminimal	vector_multiplier_antifield	vector_multiplier_antifield[50]	50	-1	1	1	4	covector density	1	3	nonminimal doublet	vector_antighost_antifield	0	0	0	explicit tangent homotopy	exact
4	785	nonminimal	vector_multiplier_antifield	vector_multiplier_antifield[51]	51	-1	1	1	4	covector density	1	3	nonminimal doublet	vector_antighost_antifield	0	0	0	explicit tangent homotopy	exact
4	786	nonminimal	vector_multiplier_antifield	vector_multiplier_antifield[52]	52	-1	1	1	4	covector density	1	3	nonminimal doublet	vector_antighost_antifield	0	0	0	explicit tangent homotopy	exact
4	787	nonminimal	vector_multiplier_antifield	vector_multiplier_antifield[53]	53	-1	1	1	4	covector density	1	3	nonminimal doublet	vector_antighost_antifield	0	0	0	explicit tangent homotopy	exact
4	788	nonminimal	vector_multiplier_antifield	vector_multiplier_antifield[54]	54	-1	1	1	4	covector density	1	3	nonminimal doublet	vector_antighost_antifield	0	0	0	explicit tangent homotopy	exact
4	789	nonminimal	vector_multiplier_antifield	vector_multiplier_antifield[55]	55	-1	1	1	4	covector density	1	3	nonminimal doublet	vector_antighost_antifield	0	0	0	explicit tangent homotopy	exact
4	790	nonminimal	vector_multiplier_antifield	vector_multiplier_antifield[56]	56	-1	1	1	4	covector density	1	3	nonminimal doublet	vector_antighost_antifield	0	0	0	explicit tangent homotopy	exact
4	791	nonminimal	vector_multiplier_antifield	vector_multiplier_antifield[57]	57	-1	1	1	4	covector density	1	3	nonminimal doublet	vector_antighost_antifield	0	0	0	explicit tangent homotopy	exact
4	792	nonminimal	vector_multiplier_antifield	vector_multiplier_antifield[58]	58	-1	1	1	4	covector density	1	3	nonminimal doublet	vector_antighost_antifield	0	0	0	explicit tangent homotopy	exact
4	793	nonminimal	vector_multiplier_antifield	vector_multiplier_antifield[59]	59	-1	1	1	4	covector density	1	3	nonminimal doublet	vector_antighost_antifield	0	0	0	explicit tangent homotopy	exact
4	794	nonminimal	vector_multiplier_antifield	vector_multiplier_antifield[60]	60	-1	1	1	4	covector density	1	3	nonminimal doublet	vector_antighost_antifield	0	0	0	explicit tangent homotopy	exact
4	795	nonminimal	vector_multiplier_antifield	vector_multiplier_antifield[61]	61	-1	1	1	4	covector density	1	3	nonminimal doublet	vector_antighost_antifield	0	0	0	explicit tangent homotopy	exact
4	796	nonminimal	vector_multiplier_antifield	vector_multiplier_antifield[62]	62	-1	1	1	4	covector density	1	3	nonminimal doublet	vector_antighost_antifield	0	0	0	explicit tangent homotopy	exact
4	797	nonminimal	vector_multiplier_antifield	vector_multiplier_antifield[63]	63	-1	1	1	4	covector density	1	3	nonminimal doublet	vector_antighost_antifield	0	0	0	explicit tangent homotopy	exact
4	798	nonminimal	vector_multiplier_antifield	vector_multiplier_antifield[64]	64	-1	1	1	4	covector density	1	3	nonminimal doublet	vector_antighost_antifield	0	0	0	explicit tangent homotopy	exact
4	799	nonminimal	vector_multiplier_antifield	vector_multiplier_antifield[65]	65	-1	1	1	4	covector density	1	3	nonminimal doublet	vector_antighost_antifield	0	0	0	explicit tangent homotopy	exact
4	800	nonminimal	vector_multiplier_antifield	vector_multiplier_antifield[66]	66	-1	1	1	4	covector density	1	3	nonminimal doublet	vector_antighost_antifield	0	0	0	explicit tangent homotopy	exact
4	801	nonminimal	vector_multiplier_antifield	vector_multiplier_antifield[67]	67	-1	1	1	4	covector density	1	3	nonminimal doublet	vector_antighost_antifield	0	0	0	explicit tangent homotopy	exact
4	802	nonminimal	vector_multiplier_antifield	vector_multiplier_antifield[68]	68	-1	1	1	4	covector density	1	3	nonminimal doublet	vector_antighost_antifield	0	0	0	explicit tangent homotopy	exact
4	803	nonminimal	vector_multiplier_antifield	vector_multiplier_antifield[69]	69	-1	1	1	4	covector density	1	3	nonminimal doublet	vector_antighost_antifield	0	0	0	explicit tangent homotopy	exact
4	804	nonminimal	vector_multiplier_antifield	vector_multiplier_antifield[70]	70	-1	1	1	4	covector density	1	3	nonminimal doublet	vector_antighost_antifield	0	0	0	explicit tangent homotopy	exact
4	805	nonminimal	vector_multiplier_antifield	vector_multiplier_antifield[71]	71	-1	1	1	4	covector density	1	3	nonminimal doublet	vector_antighost_antifield	0	0	0	explicit tangent homotopy	exact
4	806	nonminimal	vector_multiplier_antifield	vector_multiplier_antifield[72]	72	-1	1	1	4	covector density	1	3	nonminimal doublet	vector_antighost_antifield	0	0	0	explicit tangent homotopy	exact
4	807	nonminimal	vector_multiplier_antifield	vector_multiplier_antifield[73]	73	-1	1	1	4	covector density	1	3	nonminimal doublet	vector_antighost_antifield	0	0	0	explicit tangent homotopy	exact
4	808	nonminimal	vector_multiplier_antifield	vector_multiplier_antifield[74]	74	-1	1	1	4	covector density	1	3	nonminimal doublet	vector_antighost_antifield	0	0	0	explicit tangent homotopy	exact
4	809	nonminimal	vector_multiplier_antifield	vector_multiplier_antifield[75]	75	-1	1	1	4	covector density	1	3	nonminimal doublet	vector_antighost_antifield	0	0	0	explicit tangent homotopy	exact
4	810	nonminimal	vector_multiplier_antifield	vector_multiplier_antifield[76]	76	-1	1	1	4	covector density	1	3	nonminimal doublet	vector_antighost_antifield	0	0	0	explicit tangent homotopy	exact
4	811	nonminimal	vector_multiplier_antifield	vector_multiplier_antifield[77]	77	-1	1	1	4	covector density	1	3	nonminimal doublet	vector_antighost_antifield	0	0	0	explicit tangent homotopy	exact
4	812	nonminimal	vector_multiplier_antifield	vector_multiplier_antifield[78]	78	-1	1	1	4	covector density	1	3	nonminimal doublet	vector_antighost_antifield	0	0	0	explicit tangent homotopy	exact
4	813	nonminimal	vector_multiplier_antifield	vector_multiplier_antifield[79]	79	-1	1	1	4	covector density	1	3	nonminimal doublet	vector_antighost_antifield	0	0	0	explicit tangent homotopy	exact
4	814	nonminimal	scalar_antighost_antifield	scalar_antighost_antifield[0]	0	0	1	0	4	scalar density	0	4	nonminimal doublet	0	scalar_multiplier_antifield	1	0	explicit tangent homotopy	exact
4	815	nonminimal	scalar_antighost_antifield	scalar_antighost_antifield[1]	1	0	1	0	4	scalar density	0	4	nonminimal doublet	0	scalar_multiplier_antifield	1	0	explicit tangent homotopy	exact
4	816	nonminimal	scalar_antighost_antifield	scalar_antighost_antifield[2]	2	0	1	0	4	scalar density	0	4	nonminimal doublet	0	scalar_multiplier_antifield	1	0	explicit tangent homotopy	exact
4	817	nonminimal	scalar_antighost_antifield	scalar_antighost_antifield[3]	3	0	1	0	4	scalar density	0	4	nonminimal doublet	0	scalar_multiplier_antifield	1	0	explicit tangent homotopy	exact
4	818	nonminimal	scalar_antighost_antifield	scalar_antighost_antifield[4]	4	0	1	0	4	scalar density	0	4	nonminimal doublet	0	scalar_multiplier_antifield	1	0	explicit tangent homotopy	exact
4	819	nonminimal	scalar_antighost_antifield	scalar_antighost_antifield[5]	5	0	1	0	4	scalar density	0	4	nonminimal doublet	0	scalar_multiplier_antifield	1	0	explicit tangent homotopy	exact
4	820	nonminimal	scalar_antighost_antifield	scalar_antighost_antifield[6]	6	0	1	0	4	scalar density	0	4	nonminimal doublet	0	scalar_multiplier_antifield	1	0	explicit tangent homotopy	exact
4	821	nonminimal	scalar_antighost_antifield	scalar_antighost_antifield[7]	7	0	1	0	4	scalar density	0	4	nonminimal doublet	0	scalar_multiplier_antifield	1	0	explicit tangent homotopy	exact
4	822	nonminimal	scalar_antighost_antifield	scalar_antighost_antifield[8]	8	0	1	0	4	scalar density	0	4	nonminimal doublet	0	scalar_multiplier_antifield	1	0	explicit tangent homotopy	exact
4	823	nonminimal	scalar_antighost_antifield	scalar_antighost_antifield[9]	9	0	1	0	4	scalar density	0	4	nonminimal doublet	0	scalar_multiplier_antifield	1	0	explicit tangent homotopy	exact
4	824	nonminimal	scalar_antighost_antifield	scalar_antighost_antifield[10]	10	0	1	0	4	scalar density	0	4	nonminimal doublet	0	scalar_multiplier_antifield	1	0	explicit tangent homotopy	exact
4	825	nonminimal	scalar_antighost_antifield	scalar_antighost_antifield[11]	11	0	1	0	4	scalar density	0	4	nonminimal doublet	0	scalar_multiplier_antifield	1	0	explicit tangent homotopy	exact
4	826	nonminimal	scalar_antighost_antifield	scalar_antighost_antifield[12]	12	0	1	0	4	scalar density	0	4	nonminimal doublet	0	scalar_multiplier_antifield	1	0	explicit tangent homotopy	exact
4	827	nonminimal	scalar_antighost_antifield	scalar_antighost_antifield[13]	13	0	1	0	4	scalar density	0	4	nonminimal doublet	0	scalar_multiplier_antifield	1	0	explicit tangent homotopy	exact
4	828	nonminimal	scalar_antighost_antifield	scalar_antighost_antifield[14]	14	0	1	0	4	scalar density	0	4	nonminimal doublet	0	scalar_multiplier_antifield	1	0	explicit tangent homotopy	exact
4	829	nonminimal	scalar_antighost_antifield	scalar_antighost_antifield[15]	15	0	1	0	4	scalar density	0	4	nonminimal doublet	0	scalar_multiplier_antifield	1	0	explicit tangent homotopy	exact
4	830	nonminimal	scalar_antighost_antifield	scalar_antighost_antifield[16]	16	0	1	0	4	scalar density	0	4	nonminimal doublet	0	scalar_multiplier_antifield	1	0	explicit tangent homotopy	exact
4	831	nonminimal	scalar_antighost_antifield	scalar_antighost_antifield[17]	17	0	1	0	4	scalar density	0	4	nonminimal doublet	0	scalar_multiplier_antifield	1	0	explicit tangent homotopy	exact
4	832	nonminimal	scalar_antighost_antifield	scalar_antighost_antifield[18]	18	0	1	0	4	scalar density	0	4	nonminimal doublet	0	scalar_multiplier_antifield	1	0	explicit tangent homotopy	exact
4	833	nonminimal	scalar_antighost_antifield	scalar_antighost_antifield[19]	19	0	1	0	4	scalar density	0	4	nonminimal doublet	0	scalar_multiplier_antifield	1	0	explicit tangent homotopy	exact
4	834	nonminimal	scalar_antighost_antifield	scalar_antighost_antifield[20]	20	0	1	0	4	scalar density	0	4	nonminimal doublet	0	scalar_multiplier_antifield	1	0	explicit tangent homotopy	exact
4	835	nonminimal	scalar_antighost_antifield	scalar_antighost_antifield[21]	21	0	1	0	4	scalar density	0	4	nonminimal doublet	0	scalar_multiplier_antifield	1	0	explicit tangent homotopy	exact
4	836	nonminimal	scalar_antighost_antifield	scalar_antighost_antifield[22]	22	0	1	0	4	scalar density	0	4	nonminimal doublet	0	scalar_multiplier_antifield	1	0	explicit tangent homotopy	exact
4	837	nonminimal	scalar_antighost_antifield	scalar_antighost_antifield[23]	23	0	1	0	4	scalar density	0	4	nonminimal doublet	0	scalar_multiplier_antifield	1	0	explicit tangent homotopy	exact
4	838	nonminimal	scalar_antighost_antifield	scalar_antighost_antifield[24]	24	0	1	0	4	scalar density	0	4	nonminimal doublet	0	scalar_multiplier_antifield	1	0	explicit tangent homotopy	exact
4	839	nonminimal	scalar_antighost_antifield	scalar_antighost_antifield[25]	25	0	1	0	4	scalar density	0	4	nonminimal doublet	0	scalar_multiplier_antifield	1	0	explicit tangent homotopy	exact
4	840	nonminimal	scalar_antighost_antifield	scalar_antighost_antifield[26]	26	0	1	0	4	scalar density	0	4	nonminimal doublet	0	scalar_multiplier_antifield	1	0	explicit tangent homotopy	exact
4	841	nonminimal	scalar_antighost_antifield	scalar_antighost_antifield[27]	27	0	1	0	4	scalar density	0	4	nonminimal doublet	0	scalar_multiplier_antifield	1	0	explicit tangent homotopy	exact
4	842	nonminimal	scalar_antighost_antifield	scalar_antighost_antifield[28]	28	0	1	0	4	scalar density	0	4	nonminimal doublet	0	scalar_multiplier_antifield	1	0	explicit tangent homotopy	exact
4	843	nonminimal	scalar_antighost_antifield	scalar_antighost_antifield[29]	29	0	1	0	4	scalar density	0	4	nonminimal doublet	0	scalar_multiplier_antifield	1	0	explicit tangent homotopy	exact
4	844	nonminimal	scalar_antighost_antifield	scalar_antighost_antifield[30]	30	0	1	0	4	scalar density	0	4	nonminimal doublet	0	scalar_multiplier_antifield	1	0	explicit tangent homotopy	exact
4	845	nonminimal	scalar_antighost_antifield	scalar_antighost_antifield[31]	31	0	1	0	4	scalar density	0	4	nonminimal doublet	0	scalar_multiplier_antifield	1	0	explicit tangent homotopy	exact
4	846	nonminimal	scalar_antighost_antifield	scalar_antighost_antifield[32]	32	0	1	0	4	scalar density	0	4	nonminimal doublet	0	scalar_multiplier_antifield	1	0	explicit tangent homotopy	exact
4	847	nonminimal	scalar_antighost_antifield	scalar_antighost_antifield[33]	33	0	1	0	4	scalar density	0	4	nonminimal doublet	0	scalar_multiplier_antifield	1	0	explicit tangent homotopy	exact
4	848	nonminimal	scalar_antighost_antifield	scalar_antighost_antifield[34]	34	0	1	0	4	scalar density	0	4	nonminimal doublet	0	scalar_multiplier_antifield	1	0	explicit tangent homotopy	exact
4	849	nonminimal	scalar_multiplier_antifield	scalar_multiplier_antifield[0]	0	-1	1	1	4	scalar density	0	4	nonminimal doublet	scalar_antighost_antifield	0	0	0	explicit tangent homotopy	exact
4	850	nonminimal	scalar_multiplier_antifield	scalar_multiplier_antifield[1]	1	-1	1	1	4	scalar density	0	4	nonminimal doublet	scalar_antighost_antifield	0	0	0	explicit tangent homotopy	exact
4	851	nonminimal	scalar_multiplier_antifield	scalar_multiplier_antifield[2]	2	-1	1	1	4	scalar density	0	4	nonminimal doublet	scalar_antighost_antifield	0	0	0	explicit tangent homotopy	exact
4	852	nonminimal	scalar_multiplier_antifield	scalar_multiplier_antifield[3]	3	-1	1	1	4	scalar density	0	4	nonminimal doublet	scalar_antighost_antifield	0	0	0	explicit tangent homotopy	exact
4	853	nonminimal	scalar_multiplier_antifield	scalar_multiplier_antifield[4]	4	-1	1	1	4	scalar density	0	4	nonminimal doublet	scalar_antighost_antifield	0	0	0	explicit tangent homotopy	exact
4	854	nonminimal	scalar_multiplier_antifield	scalar_multiplier_antifield[5]	5	-1	1	1	4	scalar density	0	4	nonminimal doublet	scalar_antighost_antifield	0	0	0	explicit tangent homotopy	exact
4	855	nonminimal	scalar_multiplier_antifield	scalar_multiplier_antifield[6]	6	-1	1	1	4	scalar density	0	4	nonminimal doublet	scalar_antighost_antifield	0	0	0	explicit tangent homotopy	exact
4	856	nonminimal	scalar_multiplier_antifield	scalar_multiplier_antifield[7]	7	-1	1	1	4	scalar density	0	4	nonminimal doublet	scalar_antighost_antifield	0	0	0	explicit tangent homotopy	exact
4	857	nonminimal	scalar_multiplier_antifield	scalar_multiplier_antifield[8]	8	-1	1	1	4	scalar density	0	4	nonminimal doublet	scalar_antighost_antifield	0	0	0	explicit tangent homotopy	exact
4	858	nonminimal	scalar_multiplier_antifield	scalar_multiplier_antifield[9]	9	-1	1	1	4	scalar density	0	4	nonminimal doublet	scalar_antighost_antifield	0	0	0	explicit tangent homotopy	exact
4	859	nonminimal	scalar_multiplier_antifield	scalar_multiplier_antifield[10]	10	-1	1	1	4	scalar density	0	4	nonminimal doublet	scalar_antighost_antifield	0	0	0	explicit tangent homotopy	exact
4	860	nonminimal	scalar_multiplier_antifield	scalar_multiplier_antifield[11]	11	-1	1	1	4	scalar density	0	4	nonminimal doublet	scalar_antighost_antifield	0	0	0	explicit tangent homotopy	exact
4	861	nonminimal	scalar_multiplier_antifield	scalar_multiplier_antifield[12]	12	-1	1	1	4	scalar density	0	4	nonminimal doublet	scalar_antighost_antifield	0	0	0	explicit tangent homotopy	exact
4	862	nonminimal	scalar_multiplier_antifield	scalar_multiplier_antifield[13]	13	-1	1	1	4	scalar density	0	4	nonminimal doublet	scalar_antighost_antifield	0	0	0	explicit tangent homotopy	exact
4	863	nonminimal	scalar_multiplier_antifield	scalar_multiplier_antifield[14]	14	-1	1	1	4	scalar density	0	4	nonminimal doublet	scalar_antighost_antifield	0	0	0	explicit tangent homotopy	exact
4	864	nonminimal	scalar_multiplier_antifield	scalar_multiplier_antifield[15]	15	-1	1	1	4	scalar density	0	4	nonminimal doublet	scalar_antighost_antifield	0	0	0	explicit tangent homotopy	exact
4	865	nonminimal	scalar_multiplier_antifield	scalar_multiplier_antifield[16]	16	-1	1	1	4	scalar density	0	4	nonminimal doublet	scalar_antighost_antifield	0	0	0	explicit tangent homotopy	exact
4	866	nonminimal	scalar_multiplier_antifield	scalar_multiplier_antifield[17]	17	-1	1	1	4	scalar density	0	4	nonminimal doublet	scalar_antighost_antifield	0	0	0	explicit tangent homotopy	exact
4	867	nonminimal	scalar_multiplier_antifield	scalar_multiplier_antifield[18]	18	-1	1	1	4	scalar density	0	4	nonminimal doublet	scalar_antighost_antifield	0	0	0	explicit tangent homotopy	exact
4	868	nonminimal	scalar_multiplier_antifield	scalar_multiplier_antifield[19]	19	-1	1	1	4	scalar density	0	4	nonminimal doublet	scalar_antighost_antifield	0	0	0	explicit tangent homotopy	exact
4	869	nonminimal	scalar_multiplier_antifield	scalar_multiplier_antifield[20]	20	-1	1	1	4	scalar density	0	4	nonminimal doublet	scalar_antighost_antifield	0	0	0	explicit tangent homotopy	exact
4	870	nonminimal	scalar_multiplier_antifield	scalar_multiplier_antifield[21]	21	-1	1	1	4	scalar density	0	4	nonminimal doublet	scalar_antighost_antifield	0	0	0	explicit tangent homotopy	exact
4	871	nonminimal	scalar_multiplier_antifield	scalar_multiplier_antifield[22]	22	-1	1	1	4	scalar density	0	4	nonminimal doublet	scalar_antighost_antifield	0	0	0	explicit tangent homotopy	exact
4	872	nonminimal	scalar_multiplier_antifield	scalar_multiplier_antifield[23]	23	-1	1	1	4	scalar density	0	4	nonminimal doublet	scalar_antighost_antifield	0	0	0	explicit tangent homotopy	exact
4	873	nonminimal	scalar_multiplier_antifield	scalar_multiplier_antifield[24]	24	-1	1	1	4	scalar density	0	4	nonminimal doublet	scalar_antighost_antifield	0	0	0	explicit tangent homotopy	exact
4	874	nonminimal	scalar_multiplier_antifield	scalar_multiplier_antifield[25]	25	-1	1	1	4	scalar density	0	4	nonminimal doublet	scalar_antighost_antifield	0	0	0	explicit tangent homotopy	exact
4	875	nonminimal	scalar_multiplier_antifield	scalar_multiplier_antifield[26]	26	-1	1	1	4	scalar density	0	4	nonminimal doublet	scalar_antighost_antifield	0	0	0	explicit tangent homotopy	exact
4	876	nonminimal	scalar_multiplier_antifield	scalar_multiplier_antifield[27]	27	-1	1	1	4	scalar density	0	4	nonminimal doublet	scalar_antighost_antifield	0	0	0	explicit tangent homotopy	exact
4	877	nonminimal	scalar_multiplier_antifield	scalar_multiplier_antifield[28]	28	-1	1	1	4	scalar density	0	4	nonminimal doublet	scalar_antighost_antifield	0	0	0	explicit tangent homotopy	exact
4	878	nonminimal	scalar_multiplier_antifield	scalar_multiplier_antifield[29]	29	-1	1	1	4	scalar density	0	4	nonminimal doublet	scalar_antighost_antifield	0	0	0	explicit tangent homotopy	exact
4	879	nonminimal	scalar_multiplier_antifield	scalar_multiplier_antifield[30]	30	-1	1	1	4	scalar density	0	4	nonminimal doublet	scalar_antighost_antifield	0	0	0	explicit tangent homotopy	exact
4	880	nonminimal	scalar_multiplier_antifield	scalar_multiplier_antifield[31]	31	-1	1	1	4	scalar density	0	4	nonminimal doublet	scalar_antighost_antifield	0	0	0	explicit tangent homotopy	exact
4	881	nonminimal	scalar_multiplier_antifield	scalar_multiplier_antifield[32]	32	-1	1	1	4	scalar density	0	4	nonminimal doublet	scalar_antighost_antifield	0	0	0	explicit tangent homotopy	exact
4	882	nonminimal	scalar_multiplier_antifield	scalar_multiplier_antifield[33]	33	-1	1	1	4	scalar density	0	4	nonminimal doublet	scalar_antighost_antifield	0	0	0	explicit tangent homotopy	exact
4	883	nonminimal	scalar_multiplier_antifield	scalar_multiplier_antifield[34]	34	-1	1	1	4	scalar density	0	4	nonminimal doublet	scalar_antighost_antifield	0	0	0	explicit tangent homotopy	exact
5	0	minimal	diffeomorphism ghost c_mu	c_mu_0[P3^6]	0	1	0	-1	5	(1/2,1/2) tensor Sym^6(1/2,1/2)	-1	6	proven minimal raw chain	minimal master-action rule	K_0 c	2	0	retained by p_gf	exact
5	1	minimal	diffeomorphism ghost c_mu	c_mu_0[P2*P3^5]	1	1	0	-1	5	(1/2,1/2) tensor Sym^6(1/2,1/2)	-1	6	proven minimal raw chain	minimal master-action rule	K_0 c	3	0	retained by p_gf	exact
5	2	minimal	diffeomorphism ghost c_mu	c_mu_0[P2^2*P3^4]	2	1	0	-1	5	(1/2,1/2) tensor Sym^6(1/2,1/2)	-1	6	proven minimal raw chain	minimal master-action rule	K_0 c	4	0	retained by p_gf	exact
5	3	minimal	diffeomorphism ghost c_mu	c_mu_0[P2^3*P3^3]	3	1	0	-1	5	(1/2,1/2) tensor Sym^6(1/2,1/2)	-1	6	proven minimal raw chain	minimal master-action rule	K_0 c	4	0	retained by p_gf	exact
5	4	minimal	diffeomorphism ghost c_mu	c_mu_0[P2^4*P3^2]	4	1	0	-1	5	(1/2,1/2) tensor Sym^6(1/2,1/2)	-1	6	proven minimal raw chain	minimal master-action rule	K_0 c	4	0	retained by p_gf	exact
5	5	minimal	diffeomorphism ghost c_mu	c_mu_0[P2^5*P3]	5	1	0	-1	5	(1/2,1/2) tensor Sym^6(1/2,1/2)	-1	6	proven minimal raw chain	minimal master-action rule	K_0 c	3	0	retained by p_gf	exact
5	6	minimal	diffeomorphism ghost c_mu	c_mu_0[P2^6]	6	1	0	-1	5	(1/2,1/2) tensor Sym^6(1/2,1/2)	-1	6	proven minimal raw chain	minimal master-action rule	K_0 c	2	0	retained by p_gf	exact
5	7	minimal	diffeomorphism ghost c_mu	c_mu_0[P1*P3^5]	7	1	0	-1	5	(1/2,1/2) tensor Sym^6(1/2,1/2)	-1	6	proven minimal raw chain	minimal master-action rule	K_0 c	3	0	retained by p_gf	exact
5	8	minimal	diffeomorphism ghost c_mu	c_mu_0[P1*P2*P3^4]	8	1	0	-1	5	(1/2,1/2) tensor Sym^6(1/2,1/2)	-1	6	proven minimal raw chain	minimal master-action rule	K_0 c	4	0	retained by p_gf	exact
5	9	minimal	diffeomorphism ghost c_mu	c_mu_0[P1*P2^2*P3^3]	9	1	0	-1	5	(1/2,1/2) tensor Sym^6(1/2,1/2)	-1	6	proven minimal raw chain	minimal master-action rule	K_0 c	5	0	retained by p_gf	exact
5	10	minimal	diffeomorphism ghost c_mu	c_mu_0[P1*P2^3*P3^2]	10	1	0	-1	5	(1/2,1/2) tensor Sym^6(1/2,1/2)	-1	6	proven minimal raw chain	minimal master-action rule	K_0 c	5	0	retained by p_gf	exact
5	11	minimal	diffeomorphism ghost c_mu	c_mu_0[P1*P2^4*P3]	11	1	0	-1	5	(1/2,1/2) tensor Sym^6(1/2,1/2)	-1	6	proven minimal raw chain	minimal master-action rule	K_0 c	4	0	retained by p_gf	exact
5	12	minimal	diffeomorphism ghost c_mu	c_mu_0[P1*P2^5]	12	1	0	-1	5	(1/2,1/2) tensor Sym^6(1/2,1/2)	-1	6	proven minimal raw chain	minimal master-action rule	K_0 c	3	0	retained by p_gf	exact
5	13	minimal	diffeomorphism ghost c_mu	c_mu_0[P1^2*P3^4]	13	1	0	-1	5	(1/2,1/2) tensor Sym^6(1/2,1/2)	-1	6	proven minimal raw chain	minimal master-action rule	K_0 c	4	0	retained by p_gf	exact
5	14	minimal	diffeomorphism ghost c_mu	c_mu_0[P1^2*P2*P3^3]	14	1	0	-1	5	(1/2,1/2) tensor Sym^6(1/2,1/2)	-1	6	proven minimal raw chain	minimal master-action rule	K_0 c	5	0	retained by p_gf	exact
5	15	minimal	diffeomorphism ghost c_mu	c_mu_0[P1^2*P2^2*P3^2]	15	1	0	-1	5	(1/2,1/2) tensor Sym^6(1/2,1/2)	-1	6	proven minimal raw chain	minimal master-action rule	K_0 c	6	0	retained by p_gf	exact
5	16	minimal	diffeomorphism ghost c_mu	c_mu_0[P1^2*P2^3*P3]	16	1	0	-1	5	(1/2,1/2) tensor Sym^6(1/2,1/2)	-1	6	proven minimal raw chain	minimal master-action rule	K_0 c	5	0	retained by p_gf	exact
5	17	minimal	diffeomorphism ghost c_mu	c_mu_0[P1^2*P2^4]	17	1	0	-1	5	(1/2,1/2) tensor Sym^6(1/2,1/2)	-1	6	proven minimal raw chain	minimal master-action rule	K_0 c	4	0	retained by p_gf	exact
5	18	minimal	diffeomorphism ghost c_mu	c_mu_0[P1^3*P3^3]	18	1	0	-1	5	(1/2,1/2) tensor Sym^6(1/2,1/2)	-1	6	proven minimal raw chain	minimal master-action rule	K_0 c	4	0	retained by p_gf	exact
5	19	minimal	diffeomorphism ghost c_mu	c_mu_0[P1^3*P2*P3^2]	19	1	0	-1	5	(1/2,1/2) tensor Sym^6(1/2,1/2)	-1	6	proven minimal raw chain	minimal master-action rule	K_0 c	5	0	retained by p_gf	exact
5	20	minimal	diffeomorphism ghost c_mu	c_mu_0[P1^3*P2^2*P3]	20	1	0	-1	5	(1/2,1/2) tensor Sym^6(1/2,1/2)	-1	6	proven minimal raw chain	minimal master-action rule	K_0 c	5	0	retained by p_gf	exact
5	21	minimal	diffeomorphism ghost c_mu	c_mu_0[P1^3*P2^3]	21	1	0	-1	5	(1/2,1/2) tensor Sym^6(1/2,1/2)	-1	6	proven minimal raw chain	minimal master-action rule	K_0 c	4	0	retained by p_gf	exact
5	22	minimal	diffeomorphism ghost c_mu	c_mu_0[P1^4*P3^2]	22	1	0	-1	5	(1/2,1/2) tensor Sym^6(1/2,1/2)	-1	6	proven minimal raw chain	minimal master-action rule	K_0 c	4	0	retained by p_gf	exact
5	23	minimal	diffeomorphism ghost c_mu	c_mu_0[P1^4*P2*P3]	23	1	0	-1	5	(1/2,1/2) tensor Sym^6(1/2,1/2)	-1	6	proven minimal raw chain	minimal master-action rule	K_0 c	4	0	retained by p_gf	exact
5	24	minimal	diffeomorphism ghost c_mu	c_mu_0[P1^4*P2^2]	24	1	0	-1	5	(1/2,1/2) tensor Sym^6(1/2,1/2)	-1	6	proven minimal raw chain	minimal master-action rule	K_0 c	4	0	retained by p_gf	exact
5	25	minimal	diffeomorphism ghost c_mu	c_mu_0[P1^5*P3]	25	1	0	-1	5	(1/2,1/2) tensor Sym^6(1/2,1/2)	-1	6	proven minimal raw chain	minimal master-action rule	K_0 c	3	0	retained by p_gf	exact
5	26	minimal	diffeomorphism ghost c_mu	c_mu_0[P1^5*P2]	26	1	0	-1	5	(1/2,1/2) tensor Sym^6(1/2,1/2)	-1	6	proven minimal raw chain	minimal master-action rule	K_0 c	3	0	retained by p_gf	exact
5	27	minimal	diffeomorphism ghost c_mu	c_mu_0[P1^6]	27	1	0	-1	5	(1/2,1/2) tensor Sym^6(1/2,1/2)	-1	6	proven minimal raw chain	minimal master-action rule	K_0 c	2	0	retained by p_gf	exact
5	28	minimal	diffeomorphism ghost c_mu	c_mu_0[P0*P3^5]	28	1	0	-1	5	(1/2,1/2) tensor Sym^6(1/2,1/2)	-1	6	proven minimal raw chain	minimal master-action rule	K_0 c	6	0	retained by p_gf	exact
5	29	minimal	diffeomorphism ghost c_mu	c_mu_0[P0*P2*P3^4]	29	1	0	-1	5	(1/2,1/2) tensor Sym^6(1/2,1/2)	-1	6	proven minimal raw chain	minimal master-action rule	K_0 c	8	0	retained by p_gf	exact
5	30	minimal	diffeomorphism ghost c_mu	c_mu_0[P0*P2^2*P3^3]	30	1	0	-1	5	(1/2,1/2) tensor Sym^6(1/2,1/2)	-1	6	proven minimal raw chain	minimal master-action rule	K_0 c	9	0	retained by p_gf	exact
5	31	minimal	diffeomorphism ghost c_mu	c_mu_0[P0*P2^3*P3^2]	31	1	0	-1	5	(1/2,1/2) tensor Sym^6(1/2,1/2)	-1	6	proven minimal raw chain	minimal master-action rule	K_0 c	9	0	retained by p_gf	exact
5	32	minimal	diffeomorphism ghost c_mu	c_mu_0[P0*P2^4*P3]	32	1	0	-1	5	(1/2,1/2) tensor Sym^6(1/2,1/2)	-1	6	proven minimal raw chain	minimal master-action rule	K_0 c	8	0	retained by p_gf	exact
5	33	minimal	diffeomorphism ghost c_mu	c_mu_0[P0*P2^5]	33	1	0	-1	5	(1/2,1/2) tensor Sym^6(1/2,1/2)	-1	6	proven minimal raw chain	minimal master-action rule	K_0 c	6	0	retained by p_gf	exact
5	34	minimal	diffeomorphism ghost c_mu	c_mu_0[P0*P1*P3^4]	34	1	0	-1	5	(1/2,1/2) tensor Sym^6(1/2,1/2)	-1	6	proven minimal raw chain	minimal master-action rule	K_0 c	8	0	retained by p_gf	exact
5	35	minimal	diffeomorphism ghost c_mu	c_mu_0[P0*P1*P2*P3^3]	35	1	0	-1	5	(1/2,1/2) tensor Sym^6(1/2,1/2)	-1	6	proven minimal raw chain	minimal master-action rule	K_0 c	10	0	retained by p_gf	exact
5	36	minimal	diffeomorphism ghost c_mu	c_mu_0[P0*P1*P2^2*P3^2]	36	1	0	-1	5	(1/2,1/2) tensor Sym^6(1/2,1/2)	-1	6	proven minimal raw chain	minimal master-action rule	K_0 c	11	0	retained by p_gf	exact
5	37	minimal	diffeomorphism ghost c_mu	c_mu_0[P0*P1*P2^3*P3]	37	1	0	-1	5	(1/2,1/2) tensor Sym^6(1/2,1/2)	-1	6	proven minimal raw chain	minimal master-action rule	K_0 c	10	0	retained by p_gf	exact
5	38	minimal	diffeomorphism ghost c_mu	c_mu_0[P0*P1*P2^4]	38	1	0	-1	5	(1/2,1/2) tensor Sym^6(1/2,1/2)	-1	6	proven minimal raw chain	minimal master-action rule	K_0 c	8	0	retained by p_gf	exact
5	39	minimal	diffeomorphism ghost c_mu	c_mu_0[P0*P1^2*P3^3]	39	1	0	-1	5	(1/2,1/2) tensor Sym^6(1/2,1/2)	-1	6	proven minimal raw chain	minimal master-action rule	K_0 c	9	0	retained by p_gf	exact
5	40	minimal	diffeomorphism ghost c_mu	c_mu_0[P0*P1^2*P2*P3^2]	40	1	0	-1	5	(1/2,1/2) tensor Sym^6(1/2,1/2)	-1	6	proven minimal raw chain	minimal master-action rule	K_0 c	11	0	retained by p_gf	exact
5	41	minimal	diffeomorphism ghost c_mu	c_mu_0[P0*P1^2*P2^2*P3]	41	1	0	-1	5	(1/2,1/2) tensor Sym^6(1/2,1/2)	-1	6	proven minimal raw chain	minimal master-action rule	K_0 c	11	0	retained by p_gf	exact
5	42	minimal	diffeomorphism ghost c_mu	c_mu_0[P0*P1^2*P2^3]	42	1	0	-1	5	(1/2,1/2) tensor Sym^6(1/2,1/2)	-1	6	proven minimal raw chain	minimal master-action rule	K_0 c	9	0	retained by p_gf	exact
5	43	minimal	diffeomorphism ghost c_mu	c_mu_0[P0*P1^3*P3^2]	43	1	0	-1	5	(1/2,1/2) tensor Sym^6(1/2,1/2)	-1	6	proven minimal raw chain	minimal master-action rule	K_0 c	9	0	retained by p_gf	exact
5	44	minimal	diffeomorphism ghost c_mu	c_mu_0[P0*P1^3*P2*P3]	44	1	0	-1	5	(1/2,1/2) tensor Sym^6(1/2,1/2)	-1	6	proven minimal raw chain	minimal master-action rule	K_0 c	10	0	retained by p_gf	exact
5	45	minimal	diffeomorphism ghost c_mu	c_mu_0[P0*P1^3*P2^2]	45	1	0	-1	5	(1/2,1/2) tensor Sym^6(1/2,1/2)	-1	6	proven minimal raw chain	minimal master-action rule	K_0 c	9	0	retained by p_gf	exact
5	46	minimal	diffeomorphism ghost c_mu	c_mu_0[P0*P1^4*P3]	46	1	0	-1	5	(1/2,1/2) tensor Sym^6(1/2,1/2)	-1	6	proven minimal raw chain	minimal master-action rule	K_0 c	8	0	retained by p_gf	exact
5	47	minimal	diffeomorphism ghost c_mu	c_mu_0[P0*P1^4*P2]	47	1	0	-1	5	(1/2,1/2) tensor Sym^6(1/2,1/2)	-1	6	proven minimal raw chain	minimal master-action rule	K_0 c	8	0	retained by p_gf	exact
5	48	minimal	diffeomorphism ghost c_mu	c_mu_0[P0*P1^5]	48	1	0	-1	5	(1/2,1/2) tensor Sym^6(1/2,1/2)	-1	6	proven minimal raw chain	minimal master-action rule	K_0 c	6	0	retained by p_gf	exact
5	49	minimal	diffeomorphism ghost c_mu	c_mu_0[P0^2*P3^4]	49	1	0	-1	5	(1/2,1/2) tensor Sym^6(1/2,1/2)	-1	6	proven minimal raw chain	minimal master-action rule	K_0 c	7	0	retained by p_gf	exact
5	50	minimal	diffeomorphism ghost c_mu	c_mu_0[P0^2*P2*P3^3]	50	1	0	-1	5	(1/2,1/2) tensor Sym^6(1/2,1/2)	-1	6	proven minimal raw chain	minimal master-action rule	K_0 c	9	0	retained by p_gf	exact
5	51	minimal	diffeomorphism ghost c_mu	c_mu_0[P0^2*P2^2*P3^2]	51	1	0	-1	5	(1/2,1/2) tensor Sym^6(1/2,1/2)	-1	6	proven minimal raw chain	minimal master-action rule	K_0 c	10	0	retained by p_gf	exact
5	52	minimal	diffeomorphism ghost c_mu	c_mu_0[P0^2*P2^3*P3]	52	1	0	-1	5	(1/2,1/2) tensor Sym^6(1/2,1/2)	-1	6	proven minimal raw chain	minimal master-action rule	K_0 c	9	0	retained by p_gf	exact
5	53	minimal	diffeomorphism ghost c_mu	c_mu_0[P0^2*P2^4]	53	1	0	-1	5	(1/2,1/2) tensor Sym^6(1/2,1/2)	-1	6	proven minimal raw chain	minimal master-action rule	K_0 c	7	0	retained by p_gf	exact
5	54	minimal	diffeomorphism ghost c_mu	c_mu_0[P0^2*P1*P3^3]	54	1	0	-1	5	(1/2,1/2) tensor Sym^6(1/2,1/2)	-1	6	proven minimal raw chain	minimal master-action rule	K_0 c	9	0	retained by p_gf	exact
5	55	minimal	diffeomorphism ghost c_mu	c_mu_0[P0^2*P1*P2*P3^2]	55	1	0	-1	5	(1/2,1/2) tensor Sym^6(1/2,1/2)	-1	6	proven minimal raw chain	minimal master-action rule	K_0 c	11	0	retained by p_gf	exact
5	56	minimal	diffeomorphism ghost c_mu	c_mu_0[P0^2*P1*P2^2*P3]	56	1	0	-1	5	(1/2,1/2) tensor Sym^6(1/2,1/2)	-1	6	proven minimal raw chain	minimal master-action rule	K_0 c	11	0	retained by p_gf	exact
5	57	minimal	diffeomorphism ghost c_mu	c_mu_0[P0^2*P1*P2^3]	57	1	0	-1	5	(1/2,1/2) tensor Sym^6(1/2,1/2)	-1	6	proven minimal raw chain	minimal master-action rule	K_0 c	9	0	retained by p_gf	exact
5	58	minimal	diffeomorphism ghost c_mu	c_mu_0[P0^2*P1^2*P3^2]	58	1	0	-1	5	(1/2,1/2) tensor Sym^6(1/2,1/2)	-1	6	proven minimal raw chain	minimal master-action rule	K_0 c	10	0	retained by p_gf	exact
5	59	minimal	diffeomorphism ghost c_mu	c_mu_0[P0^2*P1^2*P2*P3]	59	1	0	-1	5	(1/2,1/2) tensor Sym^6(1/2,1/2)	-1	6	proven minimal raw chain	minimal master-action rule	K_0 c	11	0	retained by p_gf	exact
5	60	minimal	diffeomorphism ghost c_mu	c_mu_0[P0^2*P1^2*P2^2]	60	1	0	-1	5	(1/2,1/2) tensor Sym^6(1/2,1/2)	-1	6	proven minimal raw chain	minimal master-action rule	K_0 c	10	0	retained by p_gf	exact
5	61	minimal	diffeomorphism ghost c_mu	c_mu_0[P0^2*P1^3*P3]	61	1	0	-1	5	(1/2,1/2) tensor Sym^6(1/2,1/2)	-1	6	proven minimal raw chain	minimal master-action rule	K_0 c	9	0	retained by p_gf	exact
5	62	minimal	diffeomorphism ghost c_mu	c_mu_0[P0^2*P1^3*P2]	62	1	0	-1	5	(1/2,1/2) tensor Sym^6(1/2,1/2)	-1	6	proven minimal raw chain	minimal master-action rule	K_0 c	9	0	retained by p_gf	exact
5	63	minimal	diffeomorphism ghost c_mu	c_mu_0[P0^2*P1^4]	63	1	0	-1	5	(1/2,1/2) tensor Sym^6(1/2,1/2)	-1	6	proven minimal raw chain	minimal master-action rule	K_0 c	7	0	retained by p_gf	exact
5	64	minimal	diffeomorphism ghost c_mu	c_mu_0[P0^3*P3^3]	64	1	0	-1	5	(1/2,1/2) tensor Sym^6(1/2,1/2)	-1	6	proven minimal raw chain	minimal master-action rule	K_0 c	7	0	retained by p_gf	exact
5	65	minimal	diffeomorphism ghost c_mu	c_mu_0[P0^3*P2*P3^2]	65	1	0	-1	5	(1/2,1/2) tensor Sym^6(1/2,1/2)	-1	6	proven minimal raw chain	minimal master-action rule	K_0 c	9	0	retained by p_gf	exact
5	66	minimal	diffeomorphism ghost c_mu	c_mu_0[P0^3*P2^2*P3]	66	1	0	-1	5	(1/2,1/2) tensor Sym^6(1/2,1/2)	-1	6	proven minimal raw chain	minimal master-action rule	K_0 c	9	0	retained by p_gf	exact
5	67	minimal	diffeomorphism ghost c_mu	c_mu_0[P0^3*P2^3]	67	1	0	-1	5	(1/2,1/2) tensor Sym^6(1/2,1/2)	-1	6	proven minimal raw chain	minimal master-action rule	K_0 c	7	0	retained by p_gf	exact
5	68	minimal	diffeomorphism ghost c_mu	c_mu_0[P0^3*P1*P3^2]	68	1	0	-1	5	(1/2,1/2) tensor Sym^6(1/2,1/2)	-1	6	proven minimal raw chain	minimal master-action rule	K_0 c	9	0	retained by p_gf	exact
5	69	minimal	diffeomorphism ghost c_mu	c_mu_0[P0^3*P1*P2*P3]	69	1	0	-1	5	(1/2,1/2) tensor Sym^6(1/2,1/2)	-1	6	proven minimal raw chain	minimal master-action rule	K_0 c	10	0	retained by p_gf	exact
5	70	minimal	diffeomorphism ghost c_mu	c_mu_0[P0^3*P1*P2^2]	70	1	0	-1	5	(1/2,1/2) tensor Sym^6(1/2,1/2)	-1	6	proven minimal raw chain	minimal master-action rule	K_0 c	9	0	retained by p_gf	exact
5	71	minimal	diffeomorphism ghost c_mu	c_mu_0[P0^3*P1^2*P3]	71	1	0	-1	5	(1/2,1/2) tensor Sym^6(1/2,1/2)	-1	6	proven minimal raw chain	minimal master-action rule	K_0 c	9	0	retained by p_gf	exact
5	72	minimal	diffeomorphism ghost c_mu	c_mu_0[P0^3*P1^2*P2]	72	1	0	-1	5	(1/2,1/2) tensor Sym^6(1/2,1/2)	-1	6	proven minimal raw chain	minimal master-action rule	K_0 c	9	0	retained by p_gf	exact
5	73	minimal	diffeomorphism ghost c_mu	c_mu_0[P0^3*P1^3]	73	1	0	-1	5	(1/2,1/2) tensor Sym^6(1/2,1/2)	-1	6	proven minimal raw chain	minimal master-action rule	K_0 c	7	0	retained by p_gf	exact
5	74	minimal	diffeomorphism ghost c_mu	c_mu_0[P0^4*P3^2]	74	1	0	-1	5	(1/2,1/2) tensor Sym^6(1/2,1/2)	-1	6	proven minimal raw chain	minimal master-action rule	K_0 c	7	0	retained by p_gf	exact
5	75	minimal	diffeomorphism ghost c_mu	c_mu_0[P0^4*P2*P3]	75	1	0	-1	5	(1/2,1/2) tensor Sym^6(1/2,1/2)	-1	6	proven minimal raw chain	minimal master-action rule	K_0 c	8	0	retained by p_gf	exact
5	76	minimal	diffeomorphism ghost c_mu	c_mu_0[P0^4*P2^2]	76	1	0	-1	5	(1/2,1/2) tensor Sym^6(1/2,1/2)	-1	6	proven minimal raw chain	minimal master-action rule	K_0 c	7	0	retained by p_gf	exact
5	77	minimal	diffeomorphism ghost c_mu	c_mu_0[P0^4*P1*P3]	77	1	0	-1	5	(1/2,1/2) tensor Sym^6(1/2,1/2)	-1	6	proven minimal raw chain	minimal master-action rule	K_0 c	8	0	retained by p_gf	exact
5	78	minimal	diffeomorphism ghost c_mu	c_mu_0[P0^4*P1*P2]	78	1	0	-1	5	(1/2,1/2) tensor Sym^6(1/2,1/2)	-1	6	proven minimal raw chain	minimal master-action rule	K_0 c	8	0	retained by p_gf	exact
5	79	minimal	diffeomorphism ghost c_mu	c_mu_0[P0^4*P1^2]	79	1	0	-1	5	(1/2,1/2) tensor Sym^6(1/2,1/2)	-1	6	proven minimal raw chain	minimal master-action rule	K_0 c	7	0	retained by p_gf	exact
5	80	minimal	diffeomorphism ghost c_mu	c_mu_0[P0^5*P3]	80	1	0	-1	5	(1/2,1/2) tensor Sym^6(1/2,1/2)	-1	6	proven minimal raw chain	minimal master-action rule	K_0 c	6	0	retained by p_gf	exact
5	81	minimal	diffeomorphism ghost c_mu	c_mu_0[P0^5*P2]	81	1	0	-1	5	(1/2,1/2) tensor Sym^6(1/2,1/2)	-1	6	proven minimal raw chain	minimal master-action rule	K_0 c	6	0	retained by p_gf	exact
5	82	minimal	diffeomorphism ghost c_mu	c_mu_0[P0^5*P1]	82	1	0	-1	5	(1/2,1/2) tensor Sym^6(1/2,1/2)	-1	6	proven minimal raw chain	minimal master-action rule	K_0 c	6	0	retained by p_gf	exact
5	83	minimal	diffeomorphism ghost c_mu	c_mu_0[P0^6]	83	1	0	-1	5	(1/2,1/2) tensor Sym^6(1/2,1/2)	-1	6	proven minimal raw chain	minimal master-action rule	K_0 c	4	0	retained by p_gf	exact
5	84	minimal	diffeomorphism ghost c_mu	c_mu_1[P3^6]	84	1	0	-1	5	(1/2,1/2) tensor Sym^6(1/2,1/2)	-1	6	proven minimal raw chain	minimal master-action rule	K_0 c	2	0	retained by p_gf	exact
5	85	minimal	diffeomorphism ghost c_mu	c_mu_1[P2*P3^5]	85	1	0	-1	5	(1/2,1/2) tensor Sym^6(1/2,1/2)	-1	6	proven minimal raw chain	minimal master-action rule	K_0 c	3	0	retained by p_gf	exact
5	86	minimal	diffeomorphism ghost c_mu	c_mu_1[P2^2*P3^4]	86	1	0	-1	5	(1/2,1/2) tensor Sym^6(1/2,1/2)	-1	6	proven minimal raw chain	minimal master-action rule	K_0 c	4	0	retained by p_gf	exact
5	87	minimal	diffeomorphism ghost c_mu	c_mu_1[P2^3*P3^3]	87	1	0	-1	5	(1/2,1/2) tensor Sym^6(1/2,1/2)	-1	6	proven minimal raw chain	minimal master-action rule	K_0 c	4	0	retained by p_gf	exact
5	88	minimal	diffeomorphism ghost c_mu	c_mu_1[P2^4*P3^2]	88	1	0	-1	5	(1/2,1/2) tensor Sym^6(1/2,1/2)	-1	6	proven minimal raw chain	minimal master-action rule	K_0 c	4	0	retained by p_gf	exact
5	89	minimal	diffeomorphism ghost c_mu	c_mu_1[P2^5*P3]	89	1	0	-1	5	(1/2,1/2) tensor Sym^6(1/2,1/2)	-1	6	proven minimal raw chain	minimal master-action rule	K_0 c	3	0	retained by p_gf	exact
5	90	minimal	diffeomorphism ghost c_mu	c_mu_1[P2^6]	90	1	0	-1	5	(1/2,1/2) tensor Sym^6(1/2,1/2)	-1	6	proven minimal raw chain	minimal master-action rule	K_0 c	2	0	retained by p_gf	exact
5	91	minimal	diffeomorphism ghost c_mu	c_mu_1[P1*P3^5]	91	1	0	-1	5	(1/2,1/2) tensor Sym^6(1/2,1/2)	-1	6	proven minimal raw chain	minimal master-action rule	K_0 c	6	0	retained by p_gf	exact
5	92	minimal	diffeomorphism ghost c_mu	c_mu_1[P1*P2*P3^4]	92	1	0	-1	5	(1/2,1/2) tensor Sym^6(1/2,1/2)	-1	6	proven minimal raw chain	minimal master-action rule	K_0 c	8	0	retained by p_gf	exact
5	93	minimal	diffeomorphism ghost c_mu	c_mu_1[P1*P2^2*P3^3]	93	1	0	-1	5	(1/2,1/2) tensor Sym^6(1/2,1/2)	-1	6	proven minimal raw chain	minimal master-action rule	K_0 c	9	0	retained by p_gf	exact
5	94	minimal	diffeomorphism ghost c_mu	c_mu_1[P1*P2^3*P3^2]	94	1	0	-1	5	(1/2,1/2) tensor Sym^6(1/2,1/2)	-1	6	proven minimal raw chain	minimal master-action rule	K_0 c	9	0	retained by p_gf	exact
5	95	minimal	diffeomorphism ghost c_mu	c_mu_1[P1*P2^4*P3]	95	1	0	-1	5	(1/2,1/2) tensor Sym^6(1/2,1/2)	-1	6	proven minimal raw chain	minimal master-action rule	K_0 c	8	0	retained by p_gf	exact
5	96	minimal	diffeomorphism ghost c_mu	c_mu_1[P1*P2^5]	96	1	0	-1	5	(1/2,1/2) tensor Sym^6(1/2,1/2)	-1	6	proven minimal raw chain	minimal master-action rule	K_0 c	6	0	retained by p_gf	exact
5	97	minimal	diffeomorphism ghost c_mu	c_mu_1[P1^2*P3^4]	97	1	0	-1	5	(1/2,1/2) tensor Sym^6(1/2,1/2)	-1	6	proven minimal raw chain	minimal master-action rule	K_0 c	7	0	retained by p_gf	exact
5	98	minimal	diffeomorphism ghost c_mu	c_mu_1[P1^2*P2*P3^3]	98	1	0	-1	5	(1/2,1/2) tensor Sym^6(1/2,1/2)	-1	6	proven minimal raw chain	minimal master-action rule	K_0 c	9	0	retained by p_gf	exact
5	99	minimal	diffeomorphism ghost c_mu	c_mu_1[P1^2*P2^2*P3^2]	99	1	0	-1	5	(1/2,1/2) tensor Sym^6(1/2,1/2)	-1	6	proven minimal raw chain	minimal master-action rule	K_0 c	10	0	retained by p_gf	exact
5	100	minimal	diffeomorphism ghost c_mu	c_mu_1[P1^2*P2^3*P3]	100	1	0	-1	5	(1/2,1/2) tensor Sym^6(1/2,1/2)	-1	6	proven minimal raw chain	minimal master-action rule	K_0 c	9	0	retained by p_gf	exact
5	101	minimal	diffeomorphism ghost c_mu	c_mu_1[P1^2*P2^4]	101	1	0	-1	5	(1/2,1/2) tensor Sym^6(1/2,1/2)	-1	6	proven minimal raw chain	minimal master-action rule	K_0 c	7	0	retained by p_gf	exact
5	102	minimal	diffeomorphism ghost c_mu	c_mu_1[P1^3*P3^3]	102	1	0	-1	5	(1/2,1/2) tensor Sym^6(1/2,1/2)	-1	6	proven minimal raw chain	minimal master-action rule	K_0 c	7	0	retained by p_gf	exact
5	103	minimal	diffeomorphism ghost c_mu	c_mu_1[P1^3*P2*P3^2]	103	1	0	-1	5	(1/2,1/2) tensor Sym^6(1/2,1/2)	-1	6	proven minimal raw chain	minimal master-action rule	K_0 c	9	0	retained by p_gf	exact
5	104	minimal	diffeomorphism ghost c_mu	c_mu_1[P1^3*P2^2*P3]	104	1	0	-1	5	(1/2,1/2) tensor Sym^6(1/2,1/2)	-1	6	proven minimal raw chain	minimal master-action rule	K_0 c	9	0	retained by p_gf	exact
5	105	minimal	diffeomorphism ghost c_mu	c_mu_1[P1^3*P2^3]	105	1	0	-1	5	(1/2,1/2) tensor Sym^6(1/2,1/2)	-1	6	proven minimal raw chain	minimal master-action rule	K_0 c	7	0	retained by p_gf	exact
5	106	minimal	diffeomorphism ghost c_mu	c_mu_1[P1^4*P3^2]	106	1	0	-1	5	(1/2,1/2) tensor Sym^6(1/2,1/2)	-1	6	proven minimal raw chain	minimal master-action rule	K_0 c	7	0	retained by p_gf	exact
5	107	minimal	diffeomorphism ghost c_mu	c_mu_1[P1^4*P2*P3]	107	1	0	-1	5	(1/2,1/2) tensor Sym^6(1/2,1/2)	-1	6	proven minimal raw chain	minimal master-action rule	K_0 c	8	0	retained by p_gf	exact
5	108	minimal	diffeomorphism ghost c_mu	c_mu_1[P1^4*P2^2]	108	1	0	-1	5	(1/2,1/2) tensor Sym^6(1/2,1/2)	-1	6	proven minimal raw chain	minimal master-action rule	K_0 c	7	0	retained by p_gf	exact
5	109	minimal	diffeomorphism ghost c_mu	c_mu_1[P1^5*P3]	109	1	0	-1	5	(1/2,1/2) tensor Sym^6(1/2,1/2)	-1	6	proven minimal raw chain	minimal master-action rule	K_0 c	6	0	retained by p_gf	exact
5	110	minimal	diffeomorphism ghost c_mu	c_mu_1[P1^5*P2]	110	1	0	-1	5	(1/2,1/2) tensor Sym^6(1/2,1/2)	-1	6	proven minimal raw chain	minimal master-action rule	K_0 c	6	0	retained by p_gf	exact
5	111	minimal	diffeomorphism ghost c_mu	c_mu_1[P1^6]	111	1	0	-1	5	(1/2,1/2) tensor Sym^6(1/2,1/2)	-1	6	proven minimal raw chain	minimal master-action rule	K_0 c	4	0	retained by p_gf	exact
5	112	minimal	diffeomorphism ghost c_mu	c_mu_1[P0*P3^5]	112	1	0	-1	5	(1/2,1/2) tensor Sym^6(1/2,1/2)	-1	6	proven minimal raw chain	minimal master-action rule	K_0 c	3	0	retained by p_gf	exact
5	113	minimal	diffeomorphism ghost c_mu	c_mu_1[P0*P2*P3^4]	113	1	0	-1	5	(1/2,1/2) tensor Sym^6(1/2,1/2)	-1	6	proven minimal raw chain	minimal master-action rule	K_0 c	4	0	retained by p_gf	exact
5	114	minimal	diffeomorphism ghost c_mu	c_mu_1[P0*P2^2*P3^3]	114	1	0	-1	5	(1/2,1/2) tensor Sym^6(1/2,1/2)	-1	6	proven minimal raw chain	minimal master-action rule	K_0 c	5	0	retained by p_gf	exact
5	115	minimal	diffeomorphism ghost c_mu	c_mu_1[P0*P2^3*P3^2]	115	1	0	-1	5	(1/2,1/2) tensor Sym^6(1/2,1/2)	-1	6	proven minimal raw chain	minimal master-action rule	K_0 c	5	0	retained by p_gf	exact
5	116	minimal	diffeomorphism ghost c_mu	c_mu_1[P0*P2^4*P3]	116	1	0	-1	5	(1/2,1/2) tensor Sym^6(1/2,1/2)	-1	6	proven minimal raw chain	minimal master-action rule	K_0 c	4	0	retained by p_gf	exact
5	117	minimal	diffeomorphism ghost c_mu	c_mu_1[P0*P2^5]	117	1	0	-1	5	(1/2,1/2) tensor Sym^6(1/2,1/2)	-1	6	proven minimal raw chain	minimal master-action rule	K_0 c	3	0	retained by p_gf	exact
5	118	minimal	diffeomorphism ghost c_mu	c_mu_1[P0*P1*P3^4]	118	1	0	-1	5	(1/2,1/2) tensor Sym^6(1/2,1/2)	-1	6	proven minimal raw chain	minimal master-action rule	K_0 c	8	0	retained by p_gf	exact
5	119	minimal	diffeomorphism ghost c_mu	c_mu_1[P0*P1*P2*P3^3]	119	1	0	-1	5	(1/2,1/2) tensor Sym^6(1/2,1/2)	-1	6	proven minimal raw chain	minimal master-action rule	K_0 c	10	0	retained by p_gf	exact
5	120	minimal	diffeomorphism ghost c_mu	c_mu_1[P0*P1*P2^2*P3^2]	120	1	0	-1	5	(1/2,1/2) tensor Sym^6(1/2,1/2)	-1	6	proven minimal raw chain	minimal master-action rule	K_0 c	11	0	retained by p_gf	exact
5	121	minimal	diffeomorphism ghost c_mu	c_mu_1[P0*P1*P2^3*P3]	121	1	0	-1	5	(1/2,1/2) tensor Sym^6(1/2,1/2)	-1	6	proven minimal raw chain	minimal master-action rule	K_0 c	10	0	retained by p_gf	exact
5	122	minimal	diffeomorphism ghost c_mu	c_mu_1[P0*P1*P2^4]	122	1	0	-1	5	(1/2,1/2) tensor Sym^6(1/2,1/2)	-1	6	proven minimal raw chain	minimal master-action rule	K_0 c	8	0	retained by p_gf	exact
5	123	minimal	diffeomorphism ghost c_mu	c_mu_1[P0*P1^2*P3^3]	123	1	0	-1	5	(1/2,1/2) tensor Sym^6(1/2,1/2)	-1	6	proven minimal raw chain	minimal master-action rule	K_0 c	9	0	retained by p_gf	exact
5	124	minimal	diffeomorphism ghost c_mu	c_mu_1[P0*P1^2*P2*P3^2]	124	1	0	-1	5	(1/2,1/2) tensor Sym^6(1/2,1/2)	-1	6	proven minimal raw chain	minimal master-action rule	K_0 c	11	0	retained by p_gf	exact
5	125	minimal	diffeomorphism ghost c_mu	c_mu_1[P0*P1^2*P2^2*P3]	125	1	0	-1	5	(1/2,1/2) tensor Sym^6(1/2,1/2)	-1	6	proven minimal raw chain	minimal master-action rule	K_0 c	11	0	retained by p_gf	exact
5	126	minimal	diffeomorphism ghost c_mu	c_mu_1[P0*P1^2*P2^3]	126	1	0	-1	5	(1/2,1/2) tensor Sym^6(1/2,1/2)	-1	6	proven minimal raw chain	minimal master-action rule	K_0 c	9	0	retained by p_gf	exact
5	127	minimal	diffeomorphism ghost c_mu	c_mu_1[P0*P1^3*P3^2]	127	1	0	-1	5	(1/2,1/2) tensor Sym^6(1/2,1/2)	-1	6	proven minimal raw chain	minimal master-action rule	K_0 c	9	0	retained by p_gf	exact
5	128	minimal	diffeomorphism ghost c_mu	c_mu_1[P0*P1^3*P2*P3]	128	1	0	-1	5	(1/2,1/2) tensor Sym^6(1/2,1/2)	-1	6	proven minimal raw chain	minimal master-action rule	K_0 c	10	0	retained by p_gf	exact
5	129	minimal	diffeomorphism ghost c_mu	c_mu_1[P0*P1^3*P2^2]	129	1	0	-1	5	(1/2,1/2) tensor Sym^6(1/2,1/2)	-1	6	proven minimal raw chain	minimal master-action rule	K_0 c	9	0	retained by p_gf	exact
5	130	minimal	diffeomorphism ghost c_mu	c_mu_1[P0*P1^4*P3]	130	1	0	-1	5	(1/2,1/2) tensor Sym^6(1/2,1/2)	-1	6	proven minimal raw chain	minimal master-action rule	K_0 c	8	0	retained by p_gf	exact
5	131	minimal	diffeomorphism ghost c_mu	c_mu_1[P0*P1^4*P2]	131	1	0	-1	5	(1/2,1/2) tensor Sym^6(1/2,1/2)	-1	6	proven minimal raw chain	minimal master-action rule	K_0 c	8	0	retained by p_gf	exact
5	132	minimal	diffeomorphism ghost c_mu	c_mu_1[P0*P1^5]	132	1	0	-1	5	(1/2,1/2) tensor Sym^6(1/2,1/2)	-1	6	proven minimal raw chain	minimal master-action rule	K_0 c	6	0	retained by p_gf	exact
5	133	minimal	diffeomorphism ghost c_mu	c_mu_1[P0^2*P3^4]	133	1	0	-1	5	(1/2,1/2) tensor Sym^6(1/2,1/2)	-1	6	proven minimal raw chain	minimal master-action rule	K_0 c	4	0	retained by p_gf	exact
5	134	minimal	diffeomorphism ghost c_mu	c_mu_1[P0^2*P2*P3^3]	134	1	0	-1	5	(1/2,1/2) tensor Sym^6(1/2,1/2)	-1	6	proven minimal raw chain	minimal master-action rule	K_0 c	5	0	retained by p_gf	exact
5	135	minimal	diffeomorphism ghost c_mu	c_mu_1[P0^2*P2^2*P3^2]	135	1	0	-1	5	(1/2,1/2) tensor Sym^6(1/2,1/2)	-1	6	proven minimal raw chain	minimal master-action rule	K_0 c	6	0	retained by p_gf	exact
5	136	minimal	diffeomorphism ghost c_mu	c_mu_1[P0^2*P2^3*P3]	136	1	0	-1	5	(1/2,1/2) tensor Sym^6(1/2,1/2)	-1	6	proven minimal raw chain	minimal master-action rule	K_0 c	5	0	retained by p_gf	exact
5	137	minimal	diffeomorphism ghost c_mu	c_mu_1[P0^2*P2^4]	137	1	0	-1	5	(1/2,1/2) tensor Sym^6(1/2,1/2)	-1	6	proven minimal raw chain	minimal master-action rule	K_0 c	4	0	retained by p_gf	exact
5	138	minimal	diffeomorphism ghost c_mu	c_mu_1[P0^2*P1*P3^3]	138	1	0	-1	5	(1/2,1/2) tensor Sym^6(1/2,1/2)	-1	6	proven minimal raw chain	minimal master-action rule	K_0 c	9	0	retained by p_gf	exact
5	139	minimal	diffeomorphism ghost c_mu	c_mu_1[P0^2*P1*P2*P3^2]	139	1	0	-1	5	(1/2,1/2) tensor Sym^6(1/2,1/2)	-1	6	proven minimal raw chain	minimal master-action rule	K_0 c	11	0	retained by p_gf	exact
5	140	minimal	diffeomorphism ghost c_mu	c_mu_1[P0^2*P1*P2^2*P3]	140	1	0	-1	5	(1/2,1/2) tensor Sym^6(1/2,1/2)	-1	6	proven minimal raw chain	minimal master-action rule	K_0 c	11	0	retained by p_gf	exact
5	141	minimal	diffeomorphism ghost c_mu	c_mu_1[P0^2*P1*P2^3]	141	1	0	-1	5	(1/2,1/2) tensor Sym^6(1/2,1/2)	-1	6	proven minimal raw chain	minimal master-action rule	K_0 c	9	0	retained by p_gf	exact
5	142	minimal	diffeomorphism ghost c_mu	c_mu_1[P0^2*P1^2*P3^2]	142	1	0	-1	5	(1/2,1/2) tensor Sym^6(1/2,1/2)	-1	6	proven minimal raw chain	minimal master-action rule	K_0 c	10	0	retained by p_gf	exact
5	143	minimal	diffeomorphism ghost c_mu	c_mu_1[P0^2*P1^2*P2*P3]	143	1	0	-1	5	(1/2,1/2) tensor Sym^6(1/2,1/2)	-1	6	proven minimal raw chain	minimal master-action rule	K_0 c	11	0	retained by p_gf	exact
5	144	minimal	diffeomorphism ghost c_mu	c_mu_1[P0^2*P1^2*P2^2]	144	1	0	-1	5	(1/2,1/2) tensor Sym^6(1/2,1/2)	-1	6	proven minimal raw chain	minimal master-action rule	K_0 c	10	0	retained by p_gf	exact
5	145	minimal	diffeomorphism ghost c_mu	c_mu_1[P0^2*P1^3*P3]	145	1	0	-1	5	(1/2,1/2) tensor Sym^6(1/2,1/2)	-1	6	proven minimal raw chain	minimal master-action rule	K_0 c	9	0	retained by p_gf	exact
5	146	minimal	diffeomorphism ghost c_mu	c_mu_1[P0^2*P1^3*P2]	146	1	0	-1	5	(1/2,1/2) tensor Sym^6(1/2,1/2)	-1	6	proven minimal raw chain	minimal master-action rule	K_0 c	9	0	retained by p_gf	exact
5	147	minimal	diffeomorphism ghost c_mu	c_mu_1[P0^2*P1^4]	147	1	0	-1	5	(1/2,1/2) tensor Sym^6(1/2,1/2)	-1	6	proven minimal raw chain	minimal master-action rule	K_0 c	7	0	retained by p_gf	exact
5	148	minimal	diffeomorphism ghost c_mu	c_mu_1[P0^3*P3^3]	148	1	0	-1	5	(1/2,1/2) tensor Sym^6(1/2,1/2)	-1	6	proven minimal raw chain	minimal master-action rule	K_0 c	4	0	retained by p_gf	exact
5	149	minimal	diffeomorphism ghost c_mu	c_mu_1[P0^3*P2*P3^2]	149	1	0	-1	5	(1/2,1/2) tensor Sym^6(1/2,1/2)	-1	6	proven minimal raw chain	minimal master-action rule	K_0 c	5	0	retained by p_gf	exact
5	150	minimal	diffeomorphism ghost c_mu	c_mu_1[P0^3*P2^2*P3]	150	1	0	-1	5	(1/2,1/2) tensor Sym^6(1/2,1/2)	-1	6	proven minimal raw chain	minimal master-action rule	K_0 c	5	0	retained by p_gf	exact
5	151	minimal	diffeomorphism ghost c_mu	c_mu_1[P0^3*P2^3]	151	1	0	-1	5	(1/2,1/2) tensor Sym^6(1/2,1/2)	-1	6	proven minimal raw chain	minimal master-action rule	K_0 c	4	0	retained by p_gf	exact
5	152	minimal	diffeomorphism ghost c_mu	c_mu_1[P0^3*P1*P3^2]	152	1	0	-1	5	(1/2,1/2) tensor Sym^6(1/2,1/2)	-1	6	proven minimal raw chain	minimal master-action rule	K_0 c	9	0	retained by p_gf	exact
5	153	minimal	diffeomorphism ghost c_mu	c_mu_1[P0^3*P1*P2*P3]	153	1	0	-1	5	(1/2,1/2) tensor Sym^6(1/2,1/2)	-1	6	proven minimal raw chain	minimal master-action rule	K_0 c	10	0	retained by p_gf	exact
5	154	minimal	diffeomorphism ghost c_mu	c_mu_1[P0^3*P1*P2^2]	154	1	0	-1	5	(1/2,1/2) tensor Sym^6(1/2,1/2)	-1	6	proven minimal raw chain	minimal master-action rule	K_0 c	9	0	retained by p_gf	exact
5	155	minimal	diffeomorphism ghost c_mu	c_mu_1[P0^3*P1^2*P3]	155	1	0	-1	5	(1/2,1/2) tensor Sym^6(1/2,1/2)	-1	6	proven minimal raw chain	minimal master-action rule	K_0 c	9	0	retained by p_gf	exact
5	156	minimal	diffeomorphism ghost c_mu	c_mu_1[P0^3*P1^2*P2]	156	1	0	-1	5	(1/2,1/2) tensor Sym^6(1/2,1/2)	-1	6	proven minimal raw chain	minimal master-action rule	K_0 c	9	0	retained by p_gf	exact
5	157	minimal	diffeomorphism ghost c_mu	c_mu_1[P0^3*P1^3]	157	1	0	-1	5	(1/2,1/2) tensor Sym^6(1/2,1/2)	-1	6	proven minimal raw chain	minimal master-action rule	K_0 c	7	0	retained by p_gf	exact
5	158	minimal	diffeomorphism ghost c_mu	c_mu_1[P0^4*P3^2]	158	1	0	-1	5	(1/2,1/2) tensor Sym^6(1/2,1/2)	-1	6	proven minimal raw chain	minimal master-action rule	K_0 c	4	0	retained by p_gf	exact
5	159	minimal	diffeomorphism ghost c_mu	c_mu_1[P0^4*P2*P3]	159	1	0	-1	5	(1/2,1/2) tensor Sym^6(1/2,1/2)	-1	6	proven minimal raw chain	minimal master-action rule	K_0 c	4	0	retained by p_gf	exact
5	160	minimal	diffeomorphism ghost c_mu	c_mu_1[P0^4*P2^2]	160	1	0	-1	5	(1/2,1/2) tensor Sym^6(1/2,1/2)	-1	6	proven minimal raw chain	minimal master-action rule	K_0 c	4	0	retained by p_gf	exact
5	161	minimal	diffeomorphism ghost c_mu	c_mu_1[P0^4*P1*P3]	161	1	0	-1	5	(1/2,1/2) tensor Sym^6(1/2,1/2)	-1	6	proven minimal raw chain	minimal master-action rule	K_0 c	8	0	retained by p_gf	exact
5	162	minimal	diffeomorphism ghost c_mu	c_mu_1[P0^4*P1*P2]	162	1	0	-1	5	(1/2,1/2) tensor Sym^6(1/2,1/2)	-1	6	proven minimal raw chain	minimal master-action rule	K_0 c	8	0	retained by p_gf	exact
5	163	minimal	diffeomorphism ghost c_mu	c_mu_1[P0^4*P1^2]	163	1	0	-1	5	(1/2,1/2) tensor Sym^6(1/2,1/2)	-1	6	proven minimal raw chain	minimal master-action rule	K_0 c	7	0	retained by p_gf	exact
5	164	minimal	diffeomorphism ghost c_mu	c_mu_1[P0^5*P3]	164	1	0	-1	5	(1/2,1/2) tensor Sym^6(1/2,1/2)	-1	6	proven minimal raw chain	minimal master-action rule	K_0 c	3	0	retained by p_gf	exact
5	165	minimal	diffeomorphism ghost c_mu	c_mu_1[P0^5*P2]	165	1	0	-1	5	(1/2,1/2) tensor Sym^6(1/2,1/2)	-1	6	proven minimal raw chain	minimal master-action rule	K_0 c	3	0	retained by p_gf	exact
5	166	minimal	diffeomorphism ghost c_mu	c_mu_1[P0^5*P1]	166	1	0	-1	5	(1/2,1/2) tensor Sym^6(1/2,1/2)	-1	6	proven minimal raw chain	minimal master-action rule	K_0 c	6	0	retained by p_gf	exact
5	167	minimal	diffeomorphism ghost c_mu	c_mu_1[P0^6]	167	1	0	-1	5	(1/2,1/2) tensor Sym^6(1/2,1/2)	-1	6	proven minimal raw chain	minimal master-action rule	K_0 c	2	0	retained by p_gf	exact
5	168	minimal	diffeomorphism ghost c_mu	c_mu_2[P3^6]	168	1	0	-1	5	(1/2,1/2) tensor Sym^6(1/2,1/2)	-1	6	proven minimal raw chain	minimal master-action rule	K_0 c	2	0	retained by p_gf	exact
5	169	minimal	diffeomorphism ghost c_mu	c_mu_2[P2*P3^5]	169	1	0	-1	5	(1/2,1/2) tensor Sym^6(1/2,1/2)	-1	6	proven minimal raw chain	minimal master-action rule	K_0 c	6	0	retained by p_gf	exact
5	170	minimal	diffeomorphism ghost c_mu	c_mu_2[P2^2*P3^4]	170	1	0	-1	5	(1/2,1/2) tensor Sym^6(1/2,1/2)	-1	6	proven minimal raw chain	minimal master-action rule	K_0 c	7	0	retained by p_gf	exact
5	171	minimal	diffeomorphism ghost c_mu	c_mu_2[P2^3*P3^3]	171	1	0	-1	5	(1/2,1/2) tensor Sym^6(1/2,1/2)	-1	6	proven minimal raw chain	minimal master-action rule	K_0 c	7	0	retained by p_gf	exact
5	172	minimal	diffeomorphism ghost c_mu	c_mu_2[P2^4*P3^2]	172	1	0	-1	5	(1/2,1/2) tensor Sym^6(1/2,1/2)	-1	6	proven minimal raw chain	minimal master-action rule	K_0 c	7	0	retained by p_gf	exact
5	173	minimal	diffeomorphism ghost c_mu	c_mu_2[P2^5*P3]	173	1	0	-1	5	(1/2,1/2) tensor Sym^6(1/2,1/2)	-1	6	proven minimal raw chain	minimal master-action rule	K_0 c	6	0	retained by p_gf	exact
5	174	minimal	diffeomorphism ghost c_mu	c_mu_2[P2^6]	174	1	0	-1	5	(1/2,1/2) tensor Sym^6(1/2,1/2)	-1	6	proven minimal raw chain	minimal master-action rule	K_0 c	4	0	retained by p_gf	exact
5	175	minimal	diffeomorphism ghost c_mu	c_mu_2[P1*P3^5]	175	1	0	-1	5	(1/2,1/2) tensor Sym^6(1/2,1/2)	-1	6	proven minimal raw chain	minimal master-action rule	K_0 c	3	0	retained by p_gf	exact
5	176	minimal	diffeomorphism ghost c_mu	c_mu_2[P1*P2*P3^4]	176	1	0	-1	5	(1/2,1/2) tensor Sym^6(1/2,1/2)	-1	6	proven minimal raw chain	minimal master-action rule	K_0 c	8	0	retained by p_gf	exact
5	177	minimal	diffeomorphism ghost c_mu	c_mu_2[P1*P2^2*P3^3]	177	1	0	-1	5	(1/2,1/2) tensor Sym^6(1/2,1/2)	-1	6	proven minimal raw chain	minimal master-action rule	K_0 c	9	0	retained by p_gf	exact
5	178	minimal	diffeomorphism ghost c_mu	c_mu_2[P1*P2^3*P3^2]	178	1	0	-1	5	(1/2,1/2) tensor Sym^6(1/2,1/2)	-1	6	proven minimal raw chain	minimal master-action rule	K_0 c	9	0	retained by p_gf	exact
5	179	minimal	diffeomorphism ghost c_mu	c_mu_2[P1*P2^4*P3]	179	1	0	-1	5	(1/2,1/2) tensor Sym^6(1/2,1/2)	-1	6	proven minimal raw chain	minimal master-action rule	K_0 c	8	0	retained by p_gf	exact
5	180	minimal	diffeomorphism ghost c_mu	c_mu_2[P1*P2^5]	180	1	0	-1	5	(1/2,1/2) tensor Sym^6(1/2,1/2)	-1	6	proven minimal raw chain	minimal master-action rule	K_0 c	6	0	retained by p_gf	exact
5	181	minimal	diffeomorphism ghost c_mu	c_mu_2[P1^2*P3^4]	181	1	0	-1	5	(1/2,1/2) tensor Sym^6(1/2,1/2)	-1	6	proven minimal raw chain	minimal master-action rule	K_0 c	4	0	retained by p_gf	exact
5	182	minimal	diffeomorphism ghost c_mu	c_mu_2[P1^2*P2*P3^3]	182	1	0	-1	5	(1/2,1/2) tensor Sym^6(1/2,1/2)	-1	6	proven minimal raw chain	minimal master-action rule	K_0 c	9	0	retained by p_gf	exact
5	183	minimal	diffeomorphism ghost c_mu	c_mu_2[P1^2*P2^2*P3^2]	183	1	0	-1	5	(1/2,1/2) tensor Sym^6(1/2,1/2)	-1	6	proven minimal raw chain	minimal master-action rule	K_0 c	10	0	retained by p_gf	exact
5	184	minimal	diffeomorphism ghost c_mu	c_mu_2[P1^2*P2^3*P3]	184	1	0	-1	5	(1/2,1/2) tensor Sym^6(1/2,1/2)	-1	6	proven minimal raw chain	minimal master-action rule	K_0 c	9	0	retained by p_gf	exact
5	185	minimal	diffeomorphism ghost c_mu	c_mu_2[P1^2*P2^4]	185	1	0	-1	5	(1/2,1/2) tensor Sym^6(1/2,1/2)	-1	6	proven minimal raw chain	minimal master-action rule	K_0 c	7	0	retained by p_gf	exact
5	186	minimal	diffeomorphism ghost c_mu	c_mu_2[P1^3*P3^3]	186	1	0	-1	5	(1/2,1/2) tensor Sym^6(1/2,1/2)	-1	6	proven minimal raw chain	minimal master-action rule	K_0 c	4	0	retained by p_gf	exact
5	187	minimal	diffeomorphism ghost c_mu	c_mu_2[P1^3*P2*P3^2]	187	1	0	-1	5	(1/2,1/2) tensor Sym^6(1/2,1/2)	-1	6	proven minimal raw chain	minimal master-action rule	K_0 c	9	0	retained by p_gf	exact
5	188	minimal	diffeomorphism ghost c_mu	c_mu_2[P1^3*P2^2*P3]	188	1	0	-1	5	(1/2,1/2) tensor Sym^6(1/2,1/2)	-1	6	proven minimal raw chain	minimal master-action rule	K_0 c	9	0	retained by p_gf	exact
5	189	minimal	diffeomorphism ghost c_mu	c_mu_2[P1^3*P2^3]	189	1	0	-1	5	(1/2,1/2) tensor Sym^6(1/2,1/2)	-1	6	proven minimal raw chain	minimal master-action rule	K_0 c	7	0	retained by p_gf	exact
5	190	minimal	diffeomorphism ghost c_mu	c_mu_2[P1^4*P3^2]	190	1	0	-1	5	(1/2,1/2) tensor Sym^6(1/2,1/2)	-1	6	proven minimal raw chain	minimal master-action rule	K_0 c	4	0	retained by p_gf	exact
5	191	minimal	diffeomorphism ghost c_mu	c_mu_2[P1^4*P2*P3]	191	1	0	-1	5	(1/2,1/2) tensor Sym^6(1/2,1/2)	-1	6	proven minimal raw chain	minimal master-action rule	K_0 c	8	0	retained by p_gf	exact
5	192	minimal	diffeomorphism ghost c_mu	c_mu_2[P1^4*P2^2]	192	1	0	-1	5	(1/2,1/2) tensor Sym^6(1/2,1/2)	-1	6	proven minimal raw chain	minimal master-action rule	K_0 c	7	0	retained by p_gf	exact
5	193	minimal	diffeomorphism ghost c_mu	c_mu_2[P1^5*P3]	193	1	0	-1	5	(1/2,1/2) tensor Sym^6(1/2,1/2)	-1	6	proven minimal raw chain	minimal master-action rule	K_0 c	3	0	retained by p_gf	exact
5	194	minimal	diffeomorphism ghost c_mu	c_mu_2[P1^5*P2]	194	1	0	-1	5	(1/2,1/2) tensor Sym^6(1/2,1/2)	-1	6	proven minimal raw chain	minimal master-action rule	K_0 c	6	0	retained by p_gf	exact
5	195	minimal	diffeomorphism ghost c_mu	c_mu_2[P1^6]	195	1	0	-1	5	(1/2,1/2) tensor Sym^6(1/2,1/2)	-1	6	proven minimal raw chain	minimal master-action rule	K_0 c	2	0	retained by p_gf	exact
5	196	minimal	diffeomorphism ghost c_mu	c_mu_2[P0*P3^5]	196	1	0	-1	5	(1/2,1/2) tensor Sym^6(1/2,1/2)	-1	6	proven minimal raw chain	minimal master-action rule	K_0 c	3	0	retained by p_gf	exact
5	197	minimal	diffeomorphism ghost c_mu	c_mu_2[P0*P2*P3^4]	197	1	0	-1	5	(1/2,1/2) tensor Sym^6(1/2,1/2)	-1	6	proven minimal raw chain	minimal master-action rule	K_0 c	8	0	retained by p_gf	exact
5	198	minimal	diffeomorphism ghost c_mu	c_mu_2[P0*P2^2*P3^3]	198	1	0	-1	5	(1/2,1/2) tensor Sym^6(1/2,1/2)	-1	6	proven minimal raw chain	minimal master-action rule	K_0 c	9	0	retained by p_gf	exact
5	199	minimal	diffeomorphism ghost c_mu	c_mu_2[P0*P2^3*P3^2]	199	1	0	-1	5	(1/2,1/2) tensor Sym^6(1/2,1/2)	-1	6	proven minimal raw chain	minimal master-action rule	K_0 c	9	0	retained by p_gf	exact
5	200	minimal	diffeomorphism ghost c_mu	c_mu_2[P0*P2^4*P3]	200	1	0	-1	5	(1/2,1/2) tensor Sym^6(1/2,1/2)	-1	6	proven minimal raw chain	minimal master-action rule	K_0 c	8	0	retained by p_gf	exact
5	201	minimal	diffeomorphism ghost c_mu	c_mu_2[P0*P2^5]	201	1	0	-1	5	(1/2,1/2) tensor Sym^6(1/2,1/2)	-1	6	proven minimal raw chain	minimal master-action rule	K_0 c	6	0	retained by p_gf	exact
5	202	minimal	diffeomorphism ghost c_mu	c_mu_2[P0*P1*P3^4]	202	1	0	-1	5	(1/2,1/2) tensor Sym^6(1/2,1/2)	-1	6	proven minimal raw chain	minimal master-action rule	K_0 c	4	0	retained by p_gf	exact
5	203	minimal	diffeomorphism ghost c_mu	c_mu_2[P0*P1*P2*P3^3]	203	1	0	-1	5	(1/2,1/2) tensor Sym^6(1/2,1/2)	-1	6	proven minimal raw chain	minimal master-action rule	K_0 c	10	0	retained by p_gf	exact
5	204	minimal	diffeomorphism ghost c_mu	c_mu_2[P0*P1*P2^2*P3^2]	204	1	0	-1	5	(1/2,1/2) tensor Sym^6(1/2,1/2)	-1	6	proven minimal raw chain	minimal master-action rule	K_0 c	11	0	retained by p_gf	exact
5	205	minimal	diffeomorphism ghost c_mu	c_mu_2[P0*P1*P2^3*P3]	205	1	0	-1	5	(1/2,1/2) tensor Sym^6(1/2,1/2)	-1	6	proven minimal raw chain	minimal master-action rule	K_0 c	10	0	retained by p_gf	exact
5	206	minimal	diffeomorphism ghost c_mu	c_mu_2[P0*P1*P2^4]	206	1	0	-1	5	(1/2,1/2) tensor Sym^6(1/2,1/2)	-1	6	proven minimal raw chain	minimal master-action rule	K_0 c	8	0	retained by p_gf	exact
5	207	minimal	diffeomorphism ghost c_mu	c_mu_2[P0*P1^2*P3^3]	207	1	0	-1	5	(1/2,1/2) tensor Sym^6(1/2,1/2)	-1	6	proven minimal raw chain	minimal master-action rule	K_0 c	5	0	retained by p_gf	exact
5	208	minimal	diffeomorphism ghost c_mu	c_mu_2[P0*P1^2*P2*P3^2]	208	1	0	-1	5	(1/2,1/2) tensor Sym^6(1/2,1/2)	-1	6	proven minimal raw chain	minimal master-action rule	K_0 c	11	0	retained by p_gf	exact
5	209	minimal	diffeomorphism ghost c_mu	c_mu_2[P0*P1^2*P2^2*P3]	209	1	0	-1	5	(1/2,1/2) tensor Sym^6(1/2,1/2)	-1	6	proven minimal raw chain	minimal master-action rule	K_0 c	11	0	retained by p_gf	exact
5	210	minimal	diffeomorphism ghost c_mu	c_mu_2[P0*P1^2*P2^3]	210	1	0	-1	5	(1/2,1/2) tensor Sym^6(1/2,1/2)	-1	6	proven minimal raw chain	minimal master-action rule	K_0 c	9	0	retained by p_gf	exact
5	211	minimal	diffeomorphism ghost c_mu	c_mu_2[P0*P1^3*P3^2]	211	1	0	-1	5	(1/2,1/2) tensor Sym^6(1/2,1/2)	-1	6	proven minimal raw chain	minimal master-action rule	K_0 c	5	0	retained by p_gf	exact
5	212	minimal	diffeomorphism ghost c_mu	c_mu_2[P0*P1^3*P2*P3]	212	1	0	-1	5	(1/2,1/2) tensor Sym^6(1/2,1/2)	-1	6	proven minimal raw chain	minimal master-action rule	K_0 c	10	0	retained by p_gf	exact
5	213	minimal	diffeomorphism ghost c_mu	c_mu_2[P0*P1^3*P2^2]	213	1	0	-1	5	(1/2,1/2) tensor Sym^6(1/2,1/2)	-1	6	proven minimal raw chain	minimal master-action rule	K_0 c	9	0	retained by p_gf	exact
5	214	minimal	diffeomorphism ghost c_mu	c_mu_2[P0*P1^4*P3]	214	1	0	-1	5	(1/2,1/2) tensor Sym^6(1/2,1/2)	-1	6	proven minimal raw chain	minimal master-action rule	K_0 c	4	0	retained by p_gf	exact
5	215	minimal	diffeomorphism ghost c_mu	c_mu_2[P0*P1^4*P2]	215	1	0	-1	5	(1/2,1/2) tensor Sym^6(1/2,1/2)	-1	6	proven minimal raw chain	minimal master-action rule	K_0 c	8	0	retained by p_gf	exact
5	216	minimal	diffeomorphism ghost c_mu	c_mu_2[P0*P1^5]	216	1	0	-1	5	(1/2,1/2) tensor Sym^6(1/2,1/2)	-1	6	proven minimal raw chain	minimal master-action rule	K_0 c	3	0	retained by p_gf	exact
5	217	minimal	diffeomorphism ghost c_mu	c_mu_2[P0^2*P3^4]	217	1	0	-1	5	(1/2,1/2) tensor Sym^6(1/2,1/2)	-1	6	proven minimal raw chain	minimal master-action rule	K_0 c	4	0	retained by p_gf	exact
5	218	minimal	diffeomorphism ghost c_mu	c_mu_2[P0^2*P2*P3^3]	218	1	0	-1	5	(1/2,1/2) tensor Sym^6(1/2,1/2)	-1	6	proven minimal raw chain	minimal master-action rule	K_0 c	9	0	retained by p_gf	exact
5	219	minimal	diffeomorphism ghost c_mu	c_mu_2[P0^2*P2^2*P3^2]	219	1	0	-1	5	(1/2,1/2) tensor Sym^6(1/2,1/2)	-1	6	proven minimal raw chain	minimal master-action rule	K_0 c	10	0	retained by p_gf	exact
5	220	minimal	diffeomorphism ghost c_mu	c_mu_2[P0^2*P2^3*P3]	220	1	0	-1	5	(1/2,1/2) tensor Sym^6(1/2,1/2)	-1	6	proven minimal raw chain	minimal master-action rule	K_0 c	9	0	retained by p_gf	exact
5	221	minimal	diffeomorphism ghost c_mu	c_mu_2[P0^2*P2^4]	221	1	0	-1	5	(1/2,1/2) tensor Sym^6(1/2,1/2)	-1	6	proven minimal raw chain	minimal master-action rule	K_0 c	7	0	retained by p_gf	exact
5	222	minimal	diffeomorphism ghost c_mu	c_mu_2[P0^2*P1*P3^3]	222	1	0	-1	5	(1/2,1/2) tensor Sym^6(1/2,1/2)	-1	6	proven minimal raw chain	minimal master-action rule	K_0 c	5	0	retained by p_gf	exact
5	223	minimal	diffeomorphism ghost c_mu	c_mu_2[P0^2*P1*P2*P3^2]	223	1	0	-1	5	(1/2,1/2) tensor Sym^6(1/2,1/2)	-1	6	proven minimal raw chain	minimal master-action rule	K_0 c	11	0	retained by p_gf	exact
5	224	minimal	diffeomorphism ghost c_mu	c_mu_2[P0^2*P1*P2^2*P3]	224	1	0	-1	5	(1/2,1/2) tensor Sym^6(1/2,1/2)	-1	6	proven minimal raw chain	minimal master-action rule	K_0 c	11	0	retained by p_gf	exact
5	225	minimal	diffeomorphism ghost c_mu	c_mu_2[P0^2*P1*P2^3]	225	1	0	-1	5	(1/2,1/2) tensor Sym^6(1/2,1/2)	-1	6	proven minimal raw chain	minimal master-action rule	K_0 c	9	0	retained by p_gf	exact
5	226	minimal	diffeomorphism ghost c_mu	c_mu_2[P0^2*P1^2*P3^2]	226	1	0	-1	5	(1/2,1/2) tensor Sym^6(1/2,1/2)	-1	6	proven minimal raw chain	minimal master-action rule	K_0 c	6	0	retained by p_gf	exact
5	227	minimal	diffeomorphism ghost c_mu	c_mu_2[P0^2*P1^2*P2*P3]	227	1	0	-1	5	(1/2,1/2) tensor Sym^6(1/2,1/2)	-1	6	proven minimal raw chain	minimal master-action rule	K_0 c	11	0	retained by p_gf	exact
5	228	minimal	diffeomorphism ghost c_mu	c_mu_2[P0^2*P1^2*P2^2]	228	1	0	-1	5	(1/2,1/2) tensor Sym^6(1/2,1/2)	-1	6	proven minimal raw chain	minimal master-action rule	K_0 c	10	0	retained by p_gf	exact
5	229	minimal	diffeomorphism ghost c_mu	c_mu_2[P0^2*P1^3*P3]	229	1	0	-1	5	(1/2,1/2) tensor Sym^6(1/2,1/2)	-1	6	proven minimal raw chain	minimal master-action rule	K_0 c	5	0	retained by p_gf	exact
5	230	minimal	diffeomorphism ghost c_mu	c_mu_2[P0^2*P1^3*P2]	230	1	0	-1	5	(1/2,1/2) tensor Sym^6(1/2,1/2)	-1	6	proven minimal raw chain	minimal master-action rule	K_0 c	9	0	retained by p_gf	exact
5	231	minimal	diffeomorphism ghost c_mu	c_mu_2[P0^2*P1^4]	231	1	0	-1	5	(1/2,1/2) tensor Sym^6(1/2,1/2)	-1	6	proven minimal raw chain	minimal master-action rule	K_0 c	4	0	retained by p_gf	exact
5	232	minimal	diffeomorphism ghost c_mu	c_mu_2[P0^3*P3^3]	232	1	0	-1	5	(1/2,1/2) tensor Sym^6(1/2,1/2)	-1	6	proven minimal raw chain	minimal master-action rule	K_0 c	4	0	retained by p_gf	exact
5	233	minimal	diffeomorphism ghost c_mu	c_mu_2[P0^3*P2*P3^2]	233	1	0	-1	5	(1/2,1/2) tensor Sym^6(1/2,1/2)	-1	6	proven minimal raw chain	minimal master-action rule	K_0 c	9	0	retained by p_gf	exact
5	234	minimal	diffeomorphism ghost c_mu	c_mu_2[P0^3*P2^2*P3]	234	1	0	-1	5	(1/2,1/2) tensor Sym^6(1/2,1/2)	-1	6	proven minimal raw chain	minimal master-action rule	K_0 c	9	0	retained by p_gf	exact
5	235	minimal	diffeomorphism ghost c_mu	c_mu_2[P0^3*P2^3]	235	1	0	-1	5	(1/2,1/2) tensor Sym^6(1/2,1/2)	-1	6	proven minimal raw chain	minimal master-action rule	K_0 c	7	0	retained by p_gf	exact
5	236	minimal	diffeomorphism ghost c_mu	c_mu_2[P0^3*P1*P3^2]	236	1	0	-1	5	(1/2,1/2) tensor Sym^6(1/2,1/2)	-1	6	proven minimal raw chain	minimal master-action rule	K_0 c	5	0	retained by p_gf	exact
5	237	minimal	diffeomorphism ghost c_mu	c_mu_2[P0^3*P1*P2*P3]	237	1	0	-1	5	(1/2,1/2) tensor Sym^6(1/2,1/2)	-1	6	proven minimal raw chain	minimal master-action rule	K_0 c	10	0	retained by p_gf	exact
5	238	minimal	diffeomorphism ghost c_mu	c_mu_2[P0^3*P1*P2^2]	238	1	0	-1	5	(1/2,1/2) tensor Sym^6(1/2,1/2)	-1	6	proven minimal raw chain	minimal master-action rule	K_0 c	9	0	retained by p_gf	exact
5	239	minimal	diffeomorphism ghost c_mu	c_mu_2[P0^3*P1^2*P3]	239	1	0	-1	5	(1/2,1/2) tensor Sym^6(1/2,1/2)	-1	6	proven minimal raw chain	minimal master-action rule	K_0 c	5	0	retained by p_gf	exact
5	240	minimal	diffeomorphism ghost c_mu	c_mu_2[P0^3*P1^2*P2]	240	1	0	-1	5	(1/2,1/2) tensor Sym^6(1/2,1/2)	-1	6	proven minimal raw chain	minimal master-action rule	K_0 c	9	0	retained by p_gf	exact
5	241	minimal	diffeomorphism ghost c_mu	c_mu_2[P0^3*P1^3]	241	1	0	-1	5	(1/2,1/2) tensor Sym^6(1/2,1/2)	-1	6	proven minimal raw chain	minimal master-action rule	K_0 c	4	0	retained by p_gf	exact
5	242	minimal	diffeomorphism ghost c_mu	c_mu_2[P0^4*P3^2]	242	1	0	-1	5	(1/2,1/2) tensor Sym^6(1/2,1/2)	-1	6	proven minimal raw chain	minimal master-action rule	K_0 c	4	0	retained by p_gf	exact
5	243	minimal	diffeomorphism ghost c_mu	c_mu_2[P0^4*P2*P3]	243	1	0	-1	5	(1/2,1/2) tensor Sym^6(1/2,1/2)	-1	6	proven minimal raw chain	minimal master-action rule	K_0 c	8	0	retained by p_gf	exact
5	244	minimal	diffeomorphism ghost c_mu	c_mu_2[P0^4*P2^2]	244	1	0	-1	5	(1/2,1/2) tensor Sym^6(1/2,1/2)	-1	6	proven minimal raw chain	minimal master-action rule	K_0 c	7	0	retained by p_gf	exact
5	245	minimal	diffeomorphism ghost c_mu	c_mu_2[P0^4*P1*P3]	245	1	0	-1	5	(1/2,1/2) tensor Sym^6(1/2,1/2)	-1	6	proven minimal raw chain	minimal master-action rule	K_0 c	4	0	retained by p_gf	exact
5	246	minimal	diffeomorphism ghost c_mu	c_mu_2[P0^4*P1*P2]	246	1	0	-1	5	(1/2,1/2) tensor Sym^6(1/2,1/2)	-1	6	proven minimal raw chain	minimal master-action rule	K_0 c	8	0	retained by p_gf	exact
5	247	minimal	diffeomorphism ghost c_mu	c_mu_2[P0^4*P1^2]	247	1	0	-1	5	(1/2,1/2) tensor Sym^6(1/2,1/2)	-1	6	proven minimal raw chain	minimal master-action rule	K_0 c	4	0	retained by p_gf	exact
5	248	minimal	diffeomorphism ghost c_mu	c_mu_2[P0^5*P3]	248	1	0	-1	5	(1/2,1/2) tensor Sym^6(1/2,1/2)	-1	6	proven minimal raw chain	minimal master-action rule	K_0 c	3	0	retained by p_gf	exact
5	249	minimal	diffeomorphism ghost c_mu	c_mu_2[P0^5*P2]	249	1	0	-1	5	(1/2,1/2) tensor Sym^6(1/2,1/2)	-1	6	proven minimal raw chain	minimal master-action rule	K_0 c	6	0	retained by p_gf	exact
5	250	minimal	diffeomorphism ghost c_mu	c_mu_2[P0^5*P1]	250	1	0	-1	5	(1/2,1/2) tensor Sym^6(1/2,1/2)	-1	6	proven minimal raw chain	minimal master-action rule	K_0 c	3	0	retained by p_gf	exact
5	251	minimal	diffeomorphism ghost c_mu	c_mu_2[P0^6]	251	1	0	-1	5	(1/2,1/2) tensor Sym^6(1/2,1/2)	-1	6	proven minimal raw chain	minimal master-action rule	K_0 c	2	0	retained by p_gf	exact
5	252	minimal	diffeomorphism ghost c_mu	c_mu_3[P3^6]	252	1	0	-1	5	(1/2,1/2) tensor Sym^6(1/2,1/2)	-1	6	proven minimal raw chain	minimal master-action rule	K_0 c	4	0	retained by p_gf	exact
5	253	minimal	diffeomorphism ghost c_mu	c_mu_3[P2*P3^5]	253	1	0	-1	5	(1/2,1/2) tensor Sym^6(1/2,1/2)	-1	6	proven minimal raw chain	minimal master-action rule	K_0 c	6	0	retained by p_gf	exact
5	254	minimal	diffeomorphism ghost c_mu	c_mu_3[P2^2*P3^4]	254	1	0	-1	5	(1/2,1/2) tensor Sym^6(1/2,1/2)	-1	6	proven minimal raw chain	minimal master-action rule	K_0 c	7	0	retained by p_gf	exact
5	255	minimal	diffeomorphism ghost c_mu	c_mu_3[P2^3*P3^3]	255	1	0	-1	5	(1/2,1/2) tensor Sym^6(1/2,1/2)	-1	6	proven minimal raw chain	minimal master-action rule	K_0 c	7	0	retained by p_gf	exact
5	256	minimal	diffeomorphism ghost c_mu	c_mu_3[P2^4*P3^2]	256	1	0	-1	5	(1/2,1/2) tensor Sym^6(1/2,1/2)	-1	6	proven minimal raw chain	minimal master-action rule	K_0 c	7	0	retained by p_gf	exact
5	257	minimal	diffeomorphism ghost c_mu	c_mu_3[P2^5*P3]	257	1	0	-1	5	(1/2,1/2) tensor Sym^6(1/2,1/2)	-1	6	proven minimal raw chain	minimal master-action rule	K_0 c	6	0	retained by p_gf	exact
5	258	minimal	diffeomorphism ghost c_mu	c_mu_3[P2^6]	258	1	0	-1	5	(1/2,1/2) tensor Sym^6(1/2,1/2)	-1	6	proven minimal raw chain	minimal master-action rule	K_0 c	2	0	retained by p_gf	exact
5	259	minimal	diffeomorphism ghost c_mu	c_mu_3[P1*P3^5]	259	1	0	-1	5	(1/2,1/2) tensor Sym^6(1/2,1/2)	-1	6	proven minimal raw chain	minimal master-action rule	K_0 c	6	0	retained by p_gf	exact
5	260	minimal	diffeomorphism ghost c_mu	c_mu_3[P1*P2*P3^4]	260	1	0	-1	5	(1/2,1/2) tensor Sym^6(1/2,1/2)	-1	6	proven minimal raw chain	minimal master-action rule	K_0 c	8	0	retained by p_gf	exact
5	261	minimal	diffeomorphism ghost c_mu	c_mu_3[P1*P2^2*P3^3]	261	1	0	-1	5	(1/2,1/2) tensor Sym^6(1/2,1/2)	-1	6	proven minimal raw chain	minimal master-action rule	K_0 c	9	0	retained by p_gf	exact
5	262	minimal	diffeomorphism ghost c_mu	c_mu_3[P1*P2^3*P3^2]	262	1	0	-1	5	(1/2,1/2) tensor Sym^6(1/2,1/2)	-1	6	proven minimal raw chain	minimal master-action rule	K_0 c	9	0	retained by p_gf	exact
5	263	minimal	diffeomorphism ghost c_mu	c_mu_3[P1*P2^4*P3]	263	1	0	-1	5	(1/2,1/2) tensor Sym^6(1/2,1/2)	-1	6	proven minimal raw chain	minimal master-action rule	K_0 c	8	0	retained by p_gf	exact
5	264	minimal	diffeomorphism ghost c_mu	c_mu_3[P1*P2^5]	264	1	0	-1	5	(1/2,1/2) tensor Sym^6(1/2,1/2)	-1	6	proven minimal raw chain	minimal master-action rule	K_0 c	3	0	retained by p_gf	exact
5	265	minimal	diffeomorphism ghost c_mu	c_mu_3[P1^2*P3^4]	265	1	0	-1	5	(1/2,1/2) tensor Sym^6(1/2,1/2)	-1	6	proven minimal raw chain	minimal master-action rule	K_0 c	7	0	retained by p_gf	exact
5	266	minimal	diffeomorphism ghost c_mu	c_mu_3[P1^2*P2*P3^3]	266	1	0	-1	5	(1/2,1/2) tensor Sym^6(1/2,1/2)	-1	6	proven minimal raw chain	minimal master-action rule	K_0 c	9	0	retained by p_gf	exact
5	267	minimal	diffeomorphism ghost c_mu	c_mu_3[P1^2*P2^2*P3^2]	267	1	0	-1	5	(1/2,1/2) tensor Sym^6(1/2,1/2)	-1	6	proven minimal raw chain	minimal master-action rule	K_0 c	10	0	retained by p_gf	exact
5	268	minimal	diffeomorphism ghost c_mu	c_mu_3[P1^2*P2^3*P3]	268	1	0	-1	5	(1/2,1/2) tensor Sym^6(1/2,1/2)	-1	6	proven minimal raw chain	minimal master-action rule	K_0 c	9	0	retained by p_gf	exact
5	269	minimal	diffeomorphism ghost c_mu	c_mu_3[P1^2*P2^4]	269	1	0	-1	5	(1/2,1/2) tensor Sym^6(1/2,1/2)	-1	6	proven minimal raw chain	minimal master-action rule	K_0 c	4	0	retained by p_gf	exact
5	270	minimal	diffeomorphism ghost c_mu	c_mu_3[P1^3*P3^3]	270	1	0	-1	5	(1/2,1/2) tensor Sym^6(1/2,1/2)	-1	6	proven minimal raw chain	minimal master-action rule	K_0 c	7	0	retained by p_gf	exact
5	271	minimal	diffeomorphism ghost c_mu	c_mu_3[P1^3*P2*P3^2]	271	1	0	-1	5	(1/2,1/2) tensor Sym^6(1/2,1/2)	-1	6	proven minimal raw chain	minimal master-action rule	K_0 c	9	0	retained by p_gf	exact
5	272	minimal	diffeomorphism ghost c_mu	c_mu_3[P1^3*P2^2*P3]	272	1	0	-1	5	(1/2,1/2) tensor Sym^6(1/2,1/2)	-1	6	proven minimal raw chain	minimal master-action rule	K_0 c	9	0	retained by p_gf	exact
5	273	minimal	diffeomorphism ghost c_mu	c_mu_3[P1^3*P2^3]	273	1	0	-1	5	(1/2,1/2) tensor Sym^6(1/2,1/2)	-1	6	proven minimal raw chain	minimal master-action rule	K_0 c	4	0	retained by p_gf	exact
5	274	minimal	diffeomorphism ghost c_mu	c_mu_3[P1^4*P3^2]	274	1	0	-1	5	(1/2,1/2) tensor Sym^6(1/2,1/2)	-1	6	proven minimal raw chain	minimal master-action rule	K_0 c	7	0	retained by p_gf	exact
5	275	minimal	diffeomorphism ghost c_mu	c_mu_3[P1^4*P2*P3]	275	1	0	-1	5	(1/2,1/2) tensor Sym^6(1/2,1/2)	-1	6	proven minimal raw chain	minimal master-action rule	K_0 c	8	0	retained by p_gf	exact
5	276	minimal	diffeomorphism ghost c_mu	c_mu_3[P1^4*P2^2]	276	1	0	-1	5	(1/2,1/2) tensor Sym^6(1/2,1/2)	-1	6	proven minimal raw chain	minimal master-action rule	K_0 c	4	0	retained by p_gf	exact
5	277	minimal	diffeomorphism ghost c_mu	c_mu_3[P1^5*P3]	277	1	0	-1	5	(1/2,1/2) tensor Sym^6(1/2,1/2)	-1	6	proven minimal raw chain	minimal master-action rule	K_0 c	6	0	retained by p_gf	exact
5	278	minimal	diffeomorphism ghost c_mu	c_mu_3[P1^5*P2]	278	1	0	-1	5	(1/2,1/2) tensor Sym^6(1/2,1/2)	-1	6	proven minimal raw chain	minimal master-action rule	K_0 c	3	0	retained by p_gf	exact
5	279	minimal	diffeomorphism ghost c_mu	c_mu_3[P1^6]	279	1	0	-1	5	(1/2,1/2) tensor Sym^6(1/2,1/2)	-1	6	proven minimal raw chain	minimal master-action rule	K_0 c	2	0	retained by p_gf	exact
5	280	minimal	diffeomorphism ghost c_mu	c_mu_3[P0*P3^5]	280	1	0	-1	5	(1/2,1/2) tensor Sym^6(1/2,1/2)	-1	6	proven minimal raw chain	minimal master-action rule	K_0 c	6	0	retained by p_gf	exact
5	281	minimal	diffeomorphism ghost c_mu	c_mu_3[P0*P2*P3^4]	281	1	0	-1	5	(1/2,1/2) tensor Sym^6(1/2,1/2)	-1	6	proven minimal raw chain	minimal master-action rule	K_0 c	8	0	retained by p_gf	exact
5	282	minimal	diffeomorphism ghost c_mu	c_mu_3[P0*P2^2*P3^3]	282	1	0	-1	5	(1/2,1/2) tensor Sym^6(1/2,1/2)	-1	6	proven minimal raw chain	minimal master-action rule	K_0 c	9	0	retained by p_gf	exact
5	283	minimal	diffeomorphism ghost c_mu	c_mu_3[P0*P2^3*P3^2]	283	1	0	-1	5	(1/2,1/2) tensor Sym^6(1/2,1/2)	-1	6	proven minimal raw chain	minimal master-action rule	K_0 c	9	0	retained by p_gf	exact
5	284	minimal	diffeomorphism ghost c_mu	c_mu_3[P0*P2^4*P3]	284	1	0	-1	5	(1/2,1/2) tensor Sym^6(1/2,1/2)	-1	6	proven minimal raw chain	minimal master-action rule	K_0 c	8	0	retained by p_gf	exact
5	285	minimal	diffeomorphism ghost c_mu	c_mu_3[P0*P2^5]	285	1	0	-1	5	(1/2,1/2) tensor Sym^6(1/2,1/2)	-1	6	proven minimal raw chain	minimal master-action rule	K_0 c	3	0	retained by p_gf	exact
5	286	minimal	diffeomorphism ghost c_mu	c_mu_3[P0*P1*P3^4]	286	1	0	-1	5	(1/2,1/2) tensor Sym^6(1/2,1/2)	-1	6	proven minimal raw chain	minimal master-action rule	K_0 c	8	0	retained by p_gf	exact
5	287	minimal	diffeomorphism ghost c_mu	c_mu_3[P0*P1*P2*P3^3]	287	1	0	-1	5	(1/2,1/2) tensor Sym^6(1/2,1/2)	-1	6	proven minimal raw chain	minimal master-action rule	K_0 c	10	0	retained by p_gf	exact
5	288	minimal	diffeomorphism ghost c_mu	c_mu_3[P0*P1*P2^2*P3^2]	288	1	0	-1	5	(1/2,1/2) tensor Sym^6(1/2,1/2)	-1	6	proven minimal raw chain	minimal master-action rule	K_0 c	11	0	retained by p_gf	exact
5	289	minimal	diffeomorphism ghost c_mu	c_mu_3[P0*P1*P2^3*P3]	289	1	0	-1	5	(1/2,1/2) tensor Sym^6(1/2,1/2)	-1	6	proven minimal raw chain	minimal master-action rule	K_0 c	10	0	retained by p_gf	exact
5	290	minimal	diffeomorphism ghost c_mu	c_mu_3[P0*P1*P2^4]	290	1	0	-1	5	(1/2,1/2) tensor Sym^6(1/2,1/2)	-1	6	proven minimal raw chain	minimal master-action rule	K_0 c	4	0	retained by p_gf	exact
5	291	minimal	diffeomorphism ghost c_mu	c_mu_3[P0*P1^2*P3^3]	291	1	0	-1	5	(1/2,1/2) tensor Sym^6(1/2,1/2)	-1	6	proven minimal raw chain	minimal master-action rule	K_0 c	9	0	retained by p_gf	exact
5	292	minimal	diffeomorphism ghost c_mu	c_mu_3[P0*P1^2*P2*P3^2]	292	1	0	-1	5	(1/2,1/2) tensor Sym^6(1/2,1/2)	-1	6	proven minimal raw chain	minimal master-action rule	K_0 c	11	0	retained by p_gf	exact
5	293	minimal	diffeomorphism ghost c_mu	c_mu_3[P0*P1^2*P2^2*P3]	293	1	0	-1	5	(1/2,1/2) tensor Sym^6(1/2,1/2)	-1	6	proven minimal raw chain	minimal master-action rule	K_0 c	11	0	retained by p_gf	exact
5	294	minimal	diffeomorphism ghost c_mu	c_mu_3[P0*P1^2*P2^3]	294	1	0	-1	5	(1/2,1/2) tensor Sym^6(1/2,1/2)	-1	6	proven minimal raw chain	minimal master-action rule	K_0 c	5	0	retained by p_gf	exact
5	295	minimal	diffeomorphism ghost c_mu	c_mu_3[P0*P1^3*P3^2]	295	1	0	-1	5	(1/2,1/2) tensor Sym^6(1/2,1/2)	-1	6	proven minimal raw chain	minimal master-action rule	K_0 c	9	0	retained by p_gf	exact
5	296	minimal	diffeomorphism ghost c_mu	c_mu_3[P0*P1^3*P2*P3]	296	1	0	-1	5	(1/2,1/2) tensor Sym^6(1/2,1/2)	-1	6	proven minimal raw chain	minimal master-action rule	K_0 c	10	0	retained by p_gf	exact
5	297	minimal	diffeomorphism ghost c_mu	c_mu_3[P0*P1^3*P2^2]	297	1	0	-1	5	(1/2,1/2) tensor Sym^6(1/2,1/2)	-1	6	proven minimal raw chain	minimal master-action rule	K_0 c	5	0	retained by p_gf	exact
5	298	minimal	diffeomorphism ghost c_mu	c_mu_3[P0*P1^4*P3]	298	1	0	-1	5	(1/2,1/2) tensor Sym^6(1/2,1/2)	-1	6	proven minimal raw chain	minimal master-action rule	K_0 c	8	0	retained by p_gf	exact
5	299	minimal	diffeomorphism ghost c_mu	c_mu_3[P0*P1^4*P2]	299	1	0	-1	5	(1/2,1/2) tensor Sym^6(1/2,1/2)	-1	6	proven minimal raw chain	minimal master-action rule	K_0 c	4	0	retained by p_gf	exact
5	300	minimal	diffeomorphism ghost c_mu	c_mu_3[P0*P1^5]	300	1	0	-1	5	(1/2,1/2) tensor Sym^6(1/2,1/2)	-1	6	proven minimal raw chain	minimal master-action rule	K_0 c	3	0	retained by p_gf	exact
5	301	minimal	diffeomorphism ghost c_mu	c_mu_3[P0^2*P3^4]	301	1	0	-1	5	(1/2,1/2) tensor Sym^6(1/2,1/2)	-1	6	proven minimal raw chain	minimal master-action rule	K_0 c	7	0	retained by p_gf	exact
5	302	minimal	diffeomorphism ghost c_mu	c_mu_3[P0^2*P2*P3^3]	302	1	0	-1	5	(1/2,1/2) tensor Sym^6(1/2,1/2)	-1	6	proven minimal raw chain	minimal master-action rule	K_0 c	9	0	retained by p_gf	exact
5	303	minimal	diffeomorphism ghost c_mu	c_mu_3[P0^2*P2^2*P3^2]	303	1	0	-1	5	(1/2,1/2) tensor Sym^6(1/2,1/2)	-1	6	proven minimal raw chain	minimal master-action rule	K_0 c	10	0	retained by p_gf	exact
5	304	minimal	diffeomorphism ghost c_mu	c_mu_3[P0^2*P2^3*P3]	304	1	0	-1	5	(1/2,1/2) tensor Sym^6(1/2,1/2)	-1	6	proven minimal raw chain	minimal master-action rule	K_0 c	9	0	retained by p_gf	exact
5	305	minimal	diffeomorphism ghost c_mu	c_mu_3[P0^2*P2^4]	305	1	0	-1	5	(1/2,1/2) tensor Sym^6(1/2,1/2)	-1	6	proven minimal raw chain	minimal master-action rule	K_0 c	4	0	retained by p_gf	exact
5	306	minimal	diffeomorphism ghost c_mu	c_mu_3[P0^2*P1*P3^3]	306	1	0	-1	5	(1/2,1/2) tensor Sym^6(1/2,1/2)	-1	6	proven minimal raw chain	minimal master-action rule	K_0 c	9	0	retained by p_gf	exact
5	307	minimal	diffeomorphism ghost c_mu	c_mu_3[P0^2*P1*P2*P3^2]	307	1	0	-1	5	(1/2,1/2) tensor Sym^6(1/2,1/2)	-1	6	proven minimal raw chain	minimal master-action rule	K_0 c	11	0	retained by p_gf	exact
5	308	minimal	diffeomorphism ghost c_mu	c_mu_3[P0^2*P1*P2^2*P3]	308	1	0	-1	5	(1/2,1/2) tensor Sym^6(1/2,1/2)	-1	6	proven minimal raw chain	minimal master-action rule	K_0 c	11	0	retained by p_gf	exact
5	309	minimal	diffeomorphism ghost c_mu	c_mu_3[P0^2*P1*P2^3]	309	1	0	-1	5	(1/2,1/2) tensor Sym^6(1/2,1/2)	-1	6	proven minimal raw chain	minimal master-action rule	K_0 c	5	0	retained by p_gf	exact
5	310	minimal	diffeomorphism ghost c_mu	c_mu_3[P0^2*P1^2*P3^2]	310	1	0	-1	5	(1/2,1/2) tensor Sym^6(1/2,1/2)	-1	6	proven minimal raw chain	minimal master-action rule	K_0 c	10	0	retained by p_gf	exact
5	311	minimal	diffeomorphism ghost c_mu	c_mu_3[P0^2*P1^2*P2*P3]	311	1	0	-1	5	(1/2,1/2) tensor Sym^6(1/2,1/2)	-1	6	proven minimal raw chain	minimal master-action rule	K_0 c	11	0	retained by p_gf	exact
5	312	minimal	diffeomorphism ghost c_mu	c_mu_3[P0^2*P1^2*P2^2]	312	1	0	-1	5	(1/2,1/2) tensor Sym^6(1/2,1/2)	-1	6	proven minimal raw chain	minimal master-action rule	K_0 c	6	0	retained by p_gf	exact
5	313	minimal	diffeomorphism ghost c_mu	c_mu_3[P0^2*P1^3*P3]	313	1	0	-1	5	(1/2,1/2) tensor Sym^6(1/2,1/2)	-1	6	proven minimal raw chain	minimal master-action rule	K_0 c	9	0	retained by p_gf	exact
5	314	minimal	diffeomorphism ghost c_mu	c_mu_3[P0^2*P1^3*P2]	314	1	0	-1	5	(1/2,1/2) tensor Sym^6(1/2,1/2)	-1	6	proven minimal raw chain	minimal master-action rule	K_0 c	5	0	retained by p_gf	exact
5	315	minimal	diffeomorphism ghost c_mu	c_mu_3[P0^2*P1^4]	315	1	0	-1	5	(1/2,1/2) tensor Sym^6(1/2,1/2)	-1	6	proven minimal raw chain	minimal master-action rule	K_0 c	4	0	retained by p_gf	exact
5	316	minimal	diffeomorphism ghost c_mu	c_mu_3[P0^3*P3^3]	316	1	0	-1	5	(1/2,1/2) tensor Sym^6(1/2,1/2)	-1	6	proven minimal raw chain	minimal master-action rule	K_0 c	7	0	retained by p_gf	exact
5	317	minimal	diffeomorphism ghost c_mu	c_mu_3[P0^3*P2*P3^2]	317	1	0	-1	5	(1/2,1/2) tensor Sym^6(1/2,1/2)	-1	6	proven minimal raw chain	minimal master-action rule	K_0 c	9	0	retained by p_gf	exact
5	318	minimal	diffeomorphism ghost c_mu	c_mu_3[P0^3*P2^2*P3]	318	1	0	-1	5	(1/2,1/2) tensor Sym^6(1/2,1/2)	-1	6	proven minimal raw chain	minimal master-action rule	K_0 c	9	0	retained by p_gf	exact
5	319	minimal	diffeomorphism ghost c_mu	c_mu_3[P0^3*P2^3]	319	1	0	-1	5	(1/2,1/2) tensor Sym^6(1/2,1/2)	-1	6	proven minimal raw chain	minimal master-action rule	K_0 c	4	0	retained by p_gf	exact
5	320	minimal	diffeomorphism ghost c_mu	c_mu_3[P0^3*P1*P3^2]	320	1	0	-1	5	(1/2,1/2) tensor Sym^6(1/2,1/2)	-1	6	proven minimal raw chain	minimal master-action rule	K_0 c	9	0	retained by p_gf	exact
5	321	minimal	diffeomorphism ghost c_mu	c_mu_3[P0^3*P1*P2*P3]	321	1	0	-1	5	(1/2,1/2) tensor Sym^6(1/2,1/2)	-1	6	proven minimal raw chain	minimal master-action rule	K_0 c	10	0	retained by p_gf	exact
5	322	minimal	diffeomorphism ghost c_mu	c_mu_3[P0^3*P1*P2^2]	322	1	0	-1	5	(1/2,1/2) tensor Sym^6(1/2,1/2)	-1	6	proven minimal raw chain	minimal master-action rule	K_0 c	5	0	retained by p_gf	exact
5	323	minimal	diffeomorphism ghost c_mu	c_mu_3[P0^3*P1^2*P3]	323	1	0	-1	5	(1/2,1/2) tensor Sym^6(1/2,1/2)	-1	6	proven minimal raw chain	minimal master-action rule	K_0 c	9	0	retained by p_gf	exact
5	324	minimal	diffeomorphism ghost c_mu	c_mu_3[P0^3*P1^2*P2]	324	1	0	-1	5	(1/2,1/2) tensor Sym^6(1/2,1/2)	-1	6	proven minimal raw chain	minimal master-action rule	K_0 c	5	0	retained by p_gf	exact
5	325	minimal	diffeomorphism ghost c_mu	c_mu_3[P0^3*P1^3]	325	1	0	-1	5	(1/2,1/2) tensor Sym^6(1/2,1/2)	-1	6	proven minimal raw chain	minimal master-action rule	K_0 c	4	0	retained by p_gf	exact
5	326	minimal	diffeomorphism ghost c_mu	c_mu_3[P0^4*P3^2]	326	1	0	-1	5	(1/2,1/2) tensor Sym^6(1/2,1/2)	-1	6	proven minimal raw chain	minimal master-action rule	K_0 c	7	0	retained by p_gf	exact
5	327	minimal	diffeomorphism ghost c_mu	c_mu_3[P0^4*P2*P3]	327	1	0	-1	5	(1/2,1/2) tensor Sym^6(1/2,1/2)	-1	6	proven minimal raw chain	minimal master-action rule	K_0 c	8	0	retained by p_gf	exact
5	328	minimal	diffeomorphism ghost c_mu	c_mu_3[P0^4*P2^2]	328	1	0	-1	5	(1/2,1/2) tensor Sym^6(1/2,1/2)	-1	6	proven minimal raw chain	minimal master-action rule	K_0 c	4	0	retained by p_gf	exact
5	329	minimal	diffeomorphism ghost c_mu	c_mu_3[P0^4*P1*P3]	329	1	0	-1	5	(1/2,1/2) tensor Sym^6(1/2,1/2)	-1	6	proven minimal raw chain	minimal master-action rule	K_0 c	8	0	retained by p_gf	exact
5	330	minimal	diffeomorphism ghost c_mu	c_mu_3[P0^4*P1*P2]	330	1	0	-1	5	(1/2,1/2) tensor Sym^6(1/2,1/2)	-1	6	proven minimal raw chain	minimal master-action rule	K_0 c	4	0	retained by p_gf	exact
5	331	minimal	diffeomorphism ghost c_mu	c_mu_3[P0^4*P1^2]	331	1	0	-1	5	(1/2,1/2) tensor Sym^6(1/2,1/2)	-1	6	proven minimal raw chain	minimal master-action rule	K_0 c	4	0	retained by p_gf	exact
5	332	minimal	diffeomorphism ghost c_mu	c_mu_3[P0^5*P3]	332	1	0	-1	5	(1/2,1/2) tensor Sym^6(1/2,1/2)	-1	6	proven minimal raw chain	minimal master-action rule	K_0 c	6	0	retained by p_gf	exact
5	333	minimal	diffeomorphism ghost c_mu	c_mu_3[P0^5*P2]	333	1	0	-1	5	(1/2,1/2) tensor Sym^6(1/2,1/2)	-1	6	proven minimal raw chain	minimal master-action rule	K_0 c	3	0	retained by p_gf	exact
5	334	minimal	diffeomorphism ghost c_mu	c_mu_3[P0^5*P1]	334	1	0	-1	5	(1/2,1/2) tensor Sym^6(1/2,1/2)	-1	6	proven minimal raw chain	minimal master-action rule	K_0 c	3	0	retained by p_gf	exact
5	335	minimal	diffeomorphism ghost c_mu	c_mu_3[P0^6]	335	1	0	-1	5	(1/2,1/2) tensor Sym^6(1/2,1/2)	-1	6	proven minimal raw chain	minimal master-action rule	K_0 c	2	0	retained by p_gf	exact
5	336	minimal	Weyl ghost omega	Omega[P3^5]	336	1	0	-1	5	(0,0) tensor Sym^5(1/2,1/2)	0	5	proven minimal raw chain	minimal master-action rule	tau	2	0	retained by p_gf	exact
5	337	minimal	Weyl ghost omega	Omega[P2*P3^4]	337	1	0	-1	5	(0,0) tensor Sym^5(1/2,1/2)	0	5	proven minimal raw chain	minimal master-action rule	tau	2	0	retained by p_gf	exact
5	338	minimal	Weyl ghost omega	Omega[P2^2*P3^3]	338	1	0	-1	5	(0,0) tensor Sym^5(1/2,1/2)	0	5	proven minimal raw chain	minimal master-action rule	tau	2	0	retained by p_gf	exact
5	339	minimal	Weyl ghost omega	Omega[P2^3*P3^2]	339	1	0	-1	5	(0,0) tensor Sym^5(1/2,1/2)	0	5	proven minimal raw chain	minimal master-action rule	tau	2	0	retained by p_gf	exact
5	340	minimal	Weyl ghost omega	Omega[P2^4*P3]	340	1	0	-1	5	(0,0) tensor Sym^5(1/2,1/2)	0	5	proven minimal raw chain	minimal master-action rule	tau	2	0	retained by p_gf	exact
5	341	minimal	Weyl ghost omega	Omega[P2^5]	341	1	0	-1	5	(0,0) tensor Sym^5(1/2,1/2)	0	5	proven minimal raw chain	minimal master-action rule	tau	2	0	retained by p_gf	exact
5	342	minimal	Weyl ghost omega	Omega[P1*P3^4]	342	1	0	-1	5	(0,0) tensor Sym^5(1/2,1/2)	0	5	proven minimal raw chain	minimal master-action rule	tau	2	0	retained by p_gf	exact
5	343	minimal	Weyl ghost omega	Omega[P1*P2*P3^3]	343	1	0	-1	5	(0,0) tensor Sym^5(1/2,1/2)	0	5	proven minimal raw chain	minimal master-action rule	tau	2	0	retained by p_gf	exact
5	344	minimal	Weyl ghost omega	Omega[P1*P2^2*P3^2]	344	1	0	-1	5	(0,0) tensor Sym^5(1/2,1/2)	0	5	proven minimal raw chain	minimal master-action rule	tau	2	0	retained by p_gf	exact
5	345	minimal	Weyl ghost omega	Omega[P1*P2^3*P3]	345	1	0	-1	5	(0,0) tensor Sym^5(1/2,1/2)	0	5	proven minimal raw chain	minimal master-action rule	tau	2	0	retained by p_gf	exact
5	346	minimal	Weyl ghost omega	Omega[P1*P2^4]	346	1	0	-1	5	(0,0) tensor Sym^5(1/2,1/2)	0	5	proven minimal raw chain	minimal master-action rule	tau	2	0	retained by p_gf	exact
5	347	minimal	Weyl ghost omega	Omega[P1^2*P3^3]	347	1	0	-1	5	(0,0) tensor Sym^5(1/2,1/2)	0	5	proven minimal raw chain	minimal master-action rule	tau	2	0	retained by p_gf	exact
5	348	minimal	Weyl ghost omega	Omega[P1^2*P2*P3^2]	348	1	0	-1	5	(0,0) tensor Sym^5(1/2,1/2)	0	5	proven minimal raw chain	minimal master-action rule	tau	2	0	retained by p_gf	exact
5	349	minimal	Weyl ghost omega	Omega[P1^2*P2^2*P3]	349	1	0	-1	5	(0,0) tensor Sym^5(1/2,1/2)	0	5	proven minimal raw chain	minimal master-action rule	tau	2	0	retained by p_gf	exact
5	350	minimal	Weyl ghost omega	Omega[P1^2*P2^3]	350	1	0	-1	5	(0,0) tensor Sym^5(1/2,1/2)	0	5	proven minimal raw chain	minimal master-action rule	tau	2	0	retained by p_gf	exact
5	351	minimal	Weyl ghost omega	Omega[P1^3*P3^2]	351	1	0	-1	5	(0,0) tensor Sym^5(1/2,1/2)	0	5	proven minimal raw chain	minimal master-action rule	tau	2	0	retained by p_gf	exact
5	352	minimal	Weyl ghost omega	Omega[P1^3*P2*P3]	352	1	0	-1	5	(0,0) tensor Sym^5(1/2,1/2)	0	5	proven minimal raw chain	minimal master-action rule	tau	2	0	retained by p_gf	exact
5	353	minimal	Weyl ghost omega	Omega[P1^3*P2^2]	353	1	0	-1	5	(0,0) tensor Sym^5(1/2,1/2)	0	5	proven minimal raw chain	minimal master-action rule	tau	2	0	retained by p_gf	exact
5	354	minimal	Weyl ghost omega	Omega[P1^4*P3]	354	1	0	-1	5	(0,0) tensor Sym^5(1/2,1/2)	0	5	proven minimal raw chain	minimal master-action rule	tau	2	0	retained by p_gf	exact
5	355	minimal	Weyl ghost omega	Omega[P1^4*P2]	355	1	0	-1	5	(0,0) tensor Sym^5(1/2,1/2)	0	5	proven minimal raw chain	minimal master-action rule	tau	2	0	retained by p_gf	exact
5	356	minimal	Weyl ghost omega	Omega[P1^5]	356	1	0	-1	5	(0,0) tensor Sym^5(1/2,1/2)	0	5	proven minimal raw chain	minimal master-action rule	tau	2	0	retained by p_gf	exact
5	357	minimal	Weyl ghost omega	Omega[P0*P3^4]	357	1	0	-1	5	(0,0) tensor Sym^5(1/2,1/2)	0	5	proven minimal raw chain	minimal master-action rule	tau	2	0	retained by p_gf	exact
5	358	minimal	Weyl ghost omega	Omega[P0*P2*P3^3]	358	1	0	-1	5	(0,0) tensor Sym^5(1/2,1/2)	0	5	proven minimal raw chain	minimal master-action rule	tau	2	0	retained by p_gf	exact
5	359	minimal	Weyl ghost omega	Omega[P0*P2^2*P3^2]	359	1	0	-1	5	(0,0) tensor Sym^5(1/2,1/2)	0	5	proven minimal raw chain	minimal master-action rule	tau	2	0	retained by p_gf	exact
5	360	minimal	Weyl ghost omega	Omega[P0*P2^3*P3]	360	1	0	-1	5	(0,0) tensor Sym^5(1/2,1/2)	0	5	proven minimal raw chain	minimal master-action rule	tau	2	0	retained by p_gf	exact
5	361	minimal	Weyl ghost omega	Omega[P0*P2^4]	361	1	0	-1	5	(0,0) tensor Sym^5(1/2,1/2)	0	5	proven minimal raw chain	minimal master-action rule	tau	2	0	retained by p_gf	exact
5	362	minimal	Weyl ghost omega	Omega[P0*P1*P3^3]	362	1	0	-1	5	(0,0) tensor Sym^5(1/2,1/2)	0	5	proven minimal raw chain	minimal master-action rule	tau	2	0	retained by p_gf	exact
5	363	minimal	Weyl ghost omega	Omega[P0*P1*P2*P3^2]	363	1	0	-1	5	(0,0) tensor Sym^5(1/2,1/2)	0	5	proven minimal raw chain	minimal master-action rule	tau	2	0	retained by p_gf	exact
5	364	minimal	Weyl ghost omega	Omega[P0*P1*P2^2*P3]	364	1	0	-1	5	(0,0) tensor Sym^5(1/2,1/2)	0	5	proven minimal raw chain	minimal master-action rule	tau	2	0	retained by p_gf	exact
5	365	minimal	Weyl ghost omega	Omega[P0*P1*P2^3]	365	1	0	-1	5	(0,0) tensor Sym^5(1/2,1/2)	0	5	proven minimal raw chain	minimal master-action rule	tau	2	0	retained by p_gf	exact
5	366	minimal	Weyl ghost omega	Omega[P0*P1^2*P3^2]	366	1	0	-1	5	(0,0) tensor Sym^5(1/2,1/2)	0	5	proven minimal raw chain	minimal master-action rule	tau	2	0	retained by p_gf	exact
5	367	minimal	Weyl ghost omega	Omega[P0*P1^2*P2*P3]	367	1	0	-1	5	(0,0) tensor Sym^5(1/2,1/2)	0	5	proven minimal raw chain	minimal master-action rule	tau	2	0	retained by p_gf	exact
5	368	minimal	Weyl ghost omega	Omega[P0*P1^2*P2^2]	368	1	0	-1	5	(0,0) tensor Sym^5(1/2,1/2)	0	5	proven minimal raw chain	minimal master-action rule	tau	2	0	retained by p_gf	exact
5	369	minimal	Weyl ghost omega	Omega[P0*P1^3*P3]	369	1	0	-1	5	(0,0) tensor Sym^5(1/2,1/2)	0	5	proven minimal raw chain	minimal master-action rule	tau	2	0	retained by p_gf	exact
5	370	minimal	Weyl ghost omega	Omega[P0*P1^3*P2]	370	1	0	-1	5	(0,0) tensor Sym^5(1/2,1/2)	0	5	proven minimal raw chain	minimal master-action rule	tau	2	0	retained by p_gf	exact
5	371	minimal	Weyl ghost omega	Omega[P0*P1^4]	371	1	0	-1	5	(0,0) tensor Sym^5(1/2,1/2)	0	5	proven minimal raw chain	minimal master-action rule	tau	2	0	retained by p_gf	exact
5	372	minimal	Weyl ghost omega	Omega[P0^2*P3^3]	372	1	0	-1	5	(0,0) tensor Sym^5(1/2,1/2)	0	5	proven minimal raw chain	minimal master-action rule	tau	2	0	retained by p_gf	exact
5	373	minimal	Weyl ghost omega	Omega[P0^2*P2*P3^2]	373	1	0	-1	5	(0,0) tensor Sym^5(1/2,1/2)	0	5	proven minimal raw chain	minimal master-action rule	tau	2	0	retained by p_gf	exact
5	374	minimal	Weyl ghost omega	Omega[P0^2*P2^2*P3]	374	1	0	-1	5	(0,0) tensor Sym^5(1/2,1/2)	0	5	proven minimal raw chain	minimal master-action rule	tau	2	0	retained by p_gf	exact
5	375	minimal	Weyl ghost omega	Omega[P0^2*P2^3]	375	1	0	-1	5	(0,0) tensor Sym^5(1/2,1/2)	0	5	proven minimal raw chain	minimal master-action rule	tau	2	0	retained by p_gf	exact
5	376	minimal	Weyl ghost omega	Omega[P0^2*P1*P3^2]	376	1	0	-1	5	(0,0) tensor Sym^5(1/2,1/2)	0	5	proven minimal raw chain	minimal master-action rule	tau	2	0	retained by p_gf	exact
5	377	minimal	Weyl ghost omega	Omega[P0^2*P1*P2*P3]	377	1	0	-1	5	(0,0) tensor Sym^5(1/2,1/2)	0	5	proven minimal raw chain	minimal master-action rule	tau	2	0	retained by p_gf	exact
5	378	minimal	Weyl ghost omega	Omega[P0^2*P1*P2^2]	378	1	0	-1	5	(0,0) tensor Sym^5(1/2,1/2)	0	5	proven minimal raw chain	minimal master-action rule	tau	2	0	retained by p_gf	exact
5	379	minimal	Weyl ghost omega	Omega[P0^2*P1^2*P3]	379	1	0	-1	5	(0,0) tensor Sym^5(1/2,1/2)	0	5	proven minimal raw chain	minimal master-action rule	tau	2	0	retained by p_gf	exact
5	380	minimal	Weyl ghost omega	Omega[P0^2*P1^2*P2]	380	1	0	-1	5	(0,0) tensor Sym^5(1/2,1/2)	0	5	proven minimal raw chain	minimal master-action rule	tau	2	0	retained by p_gf	exact
5	381	minimal	Weyl ghost omega	Omega[P0^2*P1^3]	381	1	0	-1	5	(0,0) tensor Sym^5(1/2,1/2)	0	5	proven minimal raw chain	minimal master-action rule	tau	2	0	retained by p_gf	exact
5	382	minimal	Weyl ghost omega	Omega[P0^3*P3^2]	382	1	0	-1	5	(0,0) tensor Sym^5(1/2,1/2)	0	5	proven minimal raw chain	minimal master-action rule	tau	2	0	retained by p_gf	exact
5	383	minimal	Weyl ghost omega	Omega[P0^3*P2*P3]	383	1	0	-1	5	(0,0) tensor Sym^5(1/2,1/2)	0	5	proven minimal raw chain	minimal master-action rule	tau	2	0	retained by p_gf	exact
5	384	minimal	Weyl ghost omega	Omega[P0^3*P2^2]	384	1	0	-1	5	(0,0) tensor Sym^5(1/2,1/2)	0	5	proven minimal raw chain	minimal master-action rule	tau	2	0	retained by p_gf	exact
5	385	minimal	Weyl ghost omega	Omega[P0^3*P1*P3]	385	1	0	-1	5	(0,0) tensor Sym^5(1/2,1/2)	0	5	proven minimal raw chain	minimal master-action rule	tau	2	0	retained by p_gf	exact
5	386	minimal	Weyl ghost omega	Omega[P0^3*P1*P2]	386	1	0	-1	5	(0,0) tensor Sym^5(1/2,1/2)	0	5	proven minimal raw chain	minimal master-action rule	tau	2	0	retained by p_gf	exact
5	387	minimal	Weyl ghost omega	Omega[P0^3*P1^2]	387	1	0	-1	5	(0,0) tensor Sym^5(1/2,1/2)	0	5	proven minimal raw chain	minimal master-action rule	tau	2	0	retained by p_gf	exact
5	388	minimal	Weyl ghost omega	Omega[P0^4*P3]	388	1	0	-1	5	(0,0) tensor Sym^5(1/2,1/2)	0	5	proven minimal raw chain	minimal master-action rule	tau	2	0	retained by p_gf	exact
5	389	minimal	Weyl ghost omega	Omega[P0^4*P2]	389	1	0	-1	5	(0,0) tensor Sym^5(1/2,1/2)	0	5	proven minimal raw chain	minimal master-action rule	tau	2	0	retained by p_gf	exact
5	390	minimal	Weyl ghost omega	Omega[P0^4*P1]	390	1	0	-1	5	(0,0) tensor Sym^5(1/2,1/2)	0	5	proven minimal raw chain	minimal master-action rule	tau	2	0	retained by p_gf	exact
5	391	minimal	Weyl ghost omega	Omega[P0^5]	391	1	0	-1	5	(0,0) tensor Sym^5(1/2,1/2)	0	5	proven minimal raw chain	minimal master-action rule	tau	2	0	retained by p_gf	exact
5	392	minimal	trace-free metric fluctuation	h_0_(01)[P3^5]	392	0	0	0	5	(1,1) tensor Sym^5(1/2,1/2)	0	5	proven minimal raw chain	minimal master-action rule	B_lin h_0	1	0	retained by p_gf	exact
5	393	minimal	trace-free metric fluctuation	h_0_(01)[P2*P3^4]	393	0	0	0	5	(1,1) tensor Sym^5(1/2,1/2)	0	5	proven minimal raw chain	minimal master-action rule	B_lin h_0	1	0	retained by p_gf	exact
5	394	minimal	trace-free metric fluctuation	h_0_(01)[P2^2*P3^3]	394	0	0	0	5	(1,1) tensor Sym^5(1/2,1/2)	0	5	proven minimal raw chain	minimal master-action rule	B_lin h_0	1	0	retained by p_gf	exact
5	395	minimal	trace-free metric fluctuation	h_0_(01)[P2^3*P3^2]	395	0	0	0	5	(1,1) tensor Sym^5(1/2,1/2)	0	5	proven minimal raw chain	minimal master-action rule	B_lin h_0	1	0	retained by p_gf	exact
5	396	minimal	trace-free metric fluctuation	h_0_(01)[P2^4*P3]	396	0	0	0	5	(1,1) tensor Sym^5(1/2,1/2)	0	5	proven minimal raw chain	minimal master-action rule	B_lin h_0	1	0	retained by p_gf	exact
5	397	minimal	trace-free metric fluctuation	h_0_(01)[P2^5]	397	0	0	0	5	(1,1) tensor Sym^5(1/2,1/2)	0	5	proven minimal raw chain	minimal master-action rule	B_lin h_0	1	0	retained by p_gf	exact
5	398	minimal	trace-free metric fluctuation	h_0_(01)[P1*P3^4]	398	0	0	0	5	(1,1) tensor Sym^5(1/2,1/2)	0	5	proven minimal raw chain	minimal master-action rule	B_lin h_0	3	1	retained by p_gf	exact
5	399	minimal	trace-free metric fluctuation	h_0_(01)[P1*P2*P3^3]	399	0	0	0	5	(1,1) tensor Sym^5(1/2,1/2)	0	5	proven minimal raw chain	minimal master-action rule	B_lin h_0	3	1	retained by p_gf	exact
5	400	minimal	trace-free metric fluctuation	h_0_(01)[P1*P2^2*P3^2]	400	0	0	0	5	(1,1) tensor Sym^5(1/2,1/2)	0	5	proven minimal raw chain	minimal master-action rule	B_lin h_0	4	1	retained by p_gf	exact
5	401	minimal	trace-free metric fluctuation	h_0_(01)[P1*P2^3*P3]	401	0	0	0	5	(1,1) tensor Sym^5(1/2,1/2)	0	5	proven minimal raw chain	minimal master-action rule	B_lin h_0	3	1	retained by p_gf	exact
5	402	minimal	trace-free metric fluctuation	h_0_(01)[P1*P2^4]	402	0	0	0	5	(1,1) tensor Sym^5(1/2,1/2)	0	5	proven minimal raw chain	minimal master-action rule	B_lin h_0	3	1	retained by p_gf	exact
5	403	minimal	trace-free metric fluctuation	h_0_(01)[P1^2*P3^3]	403	0	0	0	5	(1,1) tensor Sym^5(1/2,1/2)	0	5	proven minimal raw chain	minimal master-action rule	B_lin h_0	3	1	retained by p_gf	exact
5	404	minimal	trace-free metric fluctuation	h_0_(01)[P1^2*P2*P3^2]	404	0	0	0	5	(1,1) tensor Sym^5(1/2,1/2)	0	5	proven minimal raw chain	minimal master-action rule	B_lin h_0	3	1	retained by p_gf	exact
5	405	minimal	trace-free metric fluctuation	h_0_(01)[P1^2*P2^2*P3]	405	0	0	0	5	(1,1) tensor Sym^5(1/2,1/2)	0	5	proven minimal raw chain	minimal master-action rule	B_lin h_0	3	1	retained by p_gf	exact
5	406	minimal	trace-free metric fluctuation	h_0_(01)[P1^2*P2^3]	406	0	0	0	5	(1,1) tensor Sym^5(1/2,1/2)	0	5	proven minimal raw chain	minimal master-action rule	B_lin h_0	3	1	retained by p_gf	exact
5	407	minimal	trace-free metric fluctuation	h_0_(01)[P1^3*P3^2]	407	0	0	0	5	(1,1) tensor Sym^5(1/2,1/2)	0	5	proven minimal raw chain	minimal master-action rule	B_lin h_0	3	1	retained by p_gf	exact
5	408	minimal	trace-free metric fluctuation	h_0_(01)[P1^3*P2*P3]	408	0	0	0	5	(1,1) tensor Sym^5(1/2,1/2)	0	5	proven minimal raw chain	minimal master-action rule	B_lin h_0	3	1	retained by p_gf	exact
5	409	minimal	trace-free metric fluctuation	h_0_(01)[P1^3*P2^2]	409	0	0	0	5	(1,1) tensor Sym^5(1/2,1/2)	0	5	proven minimal raw chain	minimal master-action rule	B_lin h_0	3	1	retained by p_gf	exact
5	410	minimal	trace-free metric fluctuation	h_0_(01)[P1^4*P3]	410	0	0	0	5	(1,1) tensor Sym^5(1/2,1/2)	0	5	proven minimal raw chain	minimal master-action rule	B_lin h_0	2	1	retained by p_gf	exact
5	411	minimal	trace-free metric fluctuation	h_0_(01)[P1^4*P2]	411	0	0	0	5	(1,1) tensor Sym^5(1/2,1/2)	0	5	proven minimal raw chain	minimal master-action rule	B_lin h_0	2	1	retained by p_gf	exact
5	412	minimal	trace-free metric fluctuation	h_0_(01)[P1^5]	412	0	0	0	5	(1,1) tensor Sym^5(1/2,1/2)	0	5	proven minimal raw chain	minimal master-action rule	B_lin h_0	1	1	retained by p_gf	exact
5	413	minimal	trace-free metric fluctuation	h_0_(01)[P0*P3^4]	413	0	0	0	5	(1,1) tensor Sym^5(1/2,1/2)	0	5	proven minimal raw chain	minimal master-action rule	B_lin h_0	3	1	retained by p_gf	exact
5	414	minimal	trace-free metric fluctuation	h_0_(01)[P0*P2*P3^3]	414	0	0	0	5	(1,1) tensor Sym^5(1/2,1/2)	0	5	proven minimal raw chain	minimal master-action rule	B_lin h_0	3	1	retained by p_gf	exact
5	415	minimal	trace-free metric fluctuation	h_0_(01)[P0*P2^2*P3^2]	415	0	0	0	5	(1,1) tensor Sym^5(1/2,1/2)	0	5	proven minimal raw chain	minimal master-action rule	B_lin h_0	4	1	retained by p_gf	exact
5	416	minimal	trace-free metric fluctuation	h_0_(01)[P0*P2^3*P3]	416	0	0	0	5	(1,1) tensor Sym^5(1/2,1/2)	0	5	proven minimal raw chain	minimal master-action rule	B_lin h_0	3	1	retained by p_gf	exact
5	417	minimal	trace-free metric fluctuation	h_0_(01)[P0*P2^4]	417	0	0	0	5	(1,1) tensor Sym^5(1/2,1/2)	0	5	proven minimal raw chain	minimal master-action rule	B_lin h_0	3	1	retained by p_gf	exact
5	418	minimal	trace-free metric fluctuation	h_0_(01)[P0*P1*P3^3]	418	0	0	0	5	(1,1) tensor Sym^5(1/2,1/2)	0	5	proven minimal raw chain	minimal master-action rule	B_lin h_0	7	2	retained by p_gf	exact
5	419	minimal	trace-free metric fluctuation	h_0_(01)[P0*P1*P2*P3^2]	419	0	0	0	5	(1,1) tensor Sym^5(1/2,1/2)	0	5	proven minimal raw chain	minimal master-action rule	B_lin h_0	8	2	retained by p_gf	exact
5	420	minimal	trace-free metric fluctuation	h_0_(01)[P0*P1*P2^2*P3]	420	0	0	0	5	(1,1) tensor Sym^5(1/2,1/2)	0	5	proven minimal raw chain	minimal master-action rule	B_lin h_0	8	2	retained by p_gf	exact
5	421	minimal	trace-free metric fluctuation	h_0_(01)[P0*P1*P2^3]	421	0	0	0	5	(1,1) tensor Sym^5(1/2,1/2)	0	5	proven minimal raw chain	minimal master-action rule	B_lin h_0	7	2	retained by p_gf	exact
5	422	minimal	trace-free metric fluctuation	h_0_(01)[P0*P1^2*P3^2]	422	0	0	0	5	(1,1) tensor Sym^5(1/2,1/2)	0	5	proven minimal raw chain	minimal master-action rule	B_lin h_0	7	2	retained by p_gf	exact
5	423	minimal	trace-free metric fluctuation	h_0_(01)[P0*P1^2*P2*P3]	423	0	0	0	5	(1,1) tensor Sym^5(1/2,1/2)	0	5	proven minimal raw chain	minimal master-action rule	B_lin h_0	5	2	retained by p_gf	exact
5	424	minimal	trace-free metric fluctuation	h_0_(01)[P0*P1^2*P2^2]	424	0	0	0	5	(1,1) tensor Sym^5(1/2,1/2)	0	5	proven minimal raw chain	minimal master-action rule	B_lin h_0	7	2	retained by p_gf	exact
5	425	minimal	trace-free metric fluctuation	h_0_(01)[P0*P1^3*P3]	425	0	0	0	5	(1,1) tensor Sym^5(1/2,1/2)	0	5	proven minimal raw chain	minimal master-action rule	B_lin h_0	6	2	retained by p_gf	exact
5	426	minimal	trace-free metric fluctuation	h_0_(01)[P0*P1^3*P2]	426	0	0	0	5	(1,1) tensor Sym^5(1/2,1/2)	0	5	proven minimal raw chain	minimal master-action rule	B_lin h_0	6	2	retained by p_gf	exact
5	427	minimal	trace-free metric fluctuation	h_0_(01)[P0*P1^4]	427	0	0	0	5	(1,1) tensor Sym^5(1/2,1/2)	0	5	proven minimal raw chain	minimal master-action rule	B_lin h_0	4	2	retained by p_gf	exact
5	428	minimal	trace-free metric fluctuation	h_0_(01)[P0^2*P3^3]	428	0	0	0	5	(1,1) tensor Sym^5(1/2,1/2)	0	5	proven minimal raw chain	minimal master-action rule	B_lin h_0	3	1	retained by p_gf	exact
5	429	minimal	trace-free metric fluctuation	h_0_(01)[P0^2*P2*P3^2]	429	0	0	0	5	(1,1) tensor Sym^5(1/2,1/2)	0	5	proven minimal raw chain	minimal master-action rule	B_lin h_0	3	1	retained by p_gf	exact
5	430	minimal	trace-free metric fluctuation	h_0_(01)[P0^2*P2^2*P3]	430	0	0	0	5	(1,1) tensor Sym^5(1/2,1/2)	0	5	proven minimal raw chain	minimal master-action rule	B_lin h_0	3	1	retained by p_gf	exact
5	431	minimal	trace-free metric fluctuation	h_0_(01)[P0^2*P2^3]	431	0	0	0	5	(1,1) tensor Sym^5(1/2,1/2)	0	5	proven minimal raw chain	minimal master-action rule	B_lin h_0	3	1	retained by p_gf	exact
5	432	minimal	trace-free metric fluctuation	h_0_(01)[P0^2*P1*P3^2]	432	0	0	0	5	(1,1) tensor Sym^5(1/2,1/2)	0	5	proven minimal raw chain	minimal master-action rule	B_lin h_0	7	2	retained by p_gf	exact
5	433	minimal	trace-free metric fluctuation	h_0_(01)[P0^2*P1*P2*P3]	433	0	0	0	5	(1,1) tensor Sym^5(1/2,1/2)	0	5	proven minimal raw chain	minimal master-action rule	B_lin h_0	5	2	retained by p_gf	exact
5	434	minimal	trace-free metric fluctuation	h_0_(01)[P0^2*P1*P2^2]	434	0	0	0	5	(1,1) tensor Sym^5(1/2,1/2)	0	5	proven minimal raw chain	minimal master-action rule	B_lin h_0	7	2	retained by p_gf	exact
5	435	minimal	trace-free metric fluctuation	h_0_(01)[P0^2*P1^2*P3]	435	0	0	0	5	(1,1) tensor Sym^5(1/2,1/2)	0	5	proven minimal raw chain	minimal master-action rule	B_lin h_0	5	2	retained by p_gf	exact
5	436	minimal	trace-free metric fluctuation	h_0_(01)[P0^2*P1^2*P2]	436	0	0	0	5	(1,1) tensor Sym^5(1/2,1/2)	0	5	proven minimal raw chain	minimal master-action rule	B_lin h_0	5	2	retained by p_gf	exact
5	437	minimal	trace-free metric fluctuation	h_0_(01)[P0^2*P1^3]	437	0	0	0	5	(1,1) tensor Sym^5(1/2,1/2)	0	5	proven minimal raw chain	minimal master-action rule	B_lin h_0	5	2	retained by p_gf	exact
5	438	minimal	trace-free metric fluctuation	h_0_(01)[P0^3*P3^2]	438	0	0	0	5	(1,1) tensor Sym^5(1/2,1/2)	0	5	proven minimal raw chain	minimal master-action rule	B_lin h_0	3	1	retained by p_gf	exact
5	439	minimal	trace-free metric fluctuation	h_0_(01)[P0^3*P2*P3]	439	0	0	0	5	(1,1) tensor Sym^5(1/2,1/2)	0	5	proven minimal raw chain	minimal master-action rule	B_lin h_0	3	1	retained by p_gf	exact
5	440	minimal	trace-free metric fluctuation	h_0_(01)[P0^3*P2^2]	440	0	0	0	5	(1,1) tensor Sym^5(1/2,1/2)	0	5	proven minimal raw chain	minimal master-action rule	B_lin h_0	3	1	retained by p_gf	exact
5	441	minimal	trace-free metric fluctuation	h_0_(01)[P0^3*P1*P3]	441	0	0	0	5	(1,1) tensor Sym^5(1/2,1/2)	0	5	proven minimal raw chain	minimal master-action rule	B_lin h_0	6	2	retained by p_gf	exact
5	442	minimal	trace-free metric fluctuation	h_0_(01)[P0^3*P1*P2]	442	0	0	0	5	(1,1) tensor Sym^5(1/2,1/2)	0	5	proven minimal raw chain	minimal master-action rule	B_lin h_0	6	2	retained by p_gf	exact
5	443	minimal	trace-free metric fluctuation	h_0_(01)[P0^3*P1^2]	443	0	0	0	5	(1,1) tensor Sym^5(1/2,1/2)	0	5	proven minimal raw chain	minimal master-action rule	B_lin h_0	5	2	retained by p_gf	exact
5	444	minimal	trace-free metric fluctuation	h_0_(01)[P0^4*P3]	444	0	0	0	5	(1,1) tensor Sym^5(1/2,1/2)	0	5	proven minimal raw chain	minimal master-action rule	B_lin h_0	2	1	retained by p_gf	exact
5	445	minimal	trace-free metric fluctuation	h_0_(01)[P0^4*P2]	445	0	0	0	5	(1,1) tensor Sym^5(1/2,1/2)	0	5	proven minimal raw chain	minimal master-action rule	B_lin h_0	2	1	retained by p_gf	exact
5	446	minimal	trace-free metric fluctuation	h_0_(01)[P0^4*P1]	446	0	0	0	5	(1,1) tensor Sym^5(1/2,1/2)	0	5	proven minimal raw chain	minimal master-action rule	B_lin h_0	4	2	retained by p_gf	exact
5	447	minimal	trace-free metric fluctuation	h_0_(01)[P0^5]	447	0	0	0	5	(1,1) tensor Sym^5(1/2,1/2)	0	5	proven minimal raw chain	minimal master-action rule	B_lin h_0	1	1	retained by p_gf	exact
5	448	minimal	trace-free metric fluctuation	h_0_(02)[P3^5]	448	0	0	0	5	(1,1) tensor Sym^5(1/2,1/2)	0	5	proven minimal raw chain	minimal master-action rule	B_lin h_0	1	0	retained by p_gf	exact
5	449	minimal	trace-free metric fluctuation	h_0_(02)[P2*P3^4]	449	0	0	0	5	(1,1) tensor Sym^5(1/2,1/2)	0	5	proven minimal raw chain	minimal master-action rule	B_lin h_0	3	1	retained by p_gf	exact
5	450	minimal	trace-free metric fluctuation	h_0_(02)[P2^2*P3^3]	450	0	0	0	5	(1,1) tensor Sym^5(1/2,1/2)	0	5	proven minimal raw chain	minimal master-action rule	B_lin h_0	3	1	retained by p_gf	exact
5	451	minimal	trace-free metric fluctuation	h_0_(02)[P2^3*P3^2]	451	0	0	0	5	(1,1) tensor Sym^5(1/2,1/2)	0	5	proven minimal raw chain	minimal master-action rule	B_lin h_0	3	1	retained by p_gf	exact
5	452	minimal	trace-free metric fluctuation	h_0_(02)[P2^4*P3]	452	0	0	0	5	(1,1) tensor Sym^5(1/2,1/2)	0	5	proven minimal raw chain	minimal master-action rule	B_lin h_0	2	1	retained by p_gf	exact
5	453	minimal	trace-free metric fluctuation	h_0_(02)[P2^5]	453	0	0	0	5	(1,1) tensor Sym^5(1/2,1/2)	0	5	proven minimal raw chain	minimal master-action rule	B_lin h_0	1	1	retained by p_gf	exact
5	454	minimal	trace-free metric fluctuation	h_0_(02)[P1*P3^4]	454	0	0	0	5	(1,1) tensor Sym^5(1/2,1/2)	0	5	proven minimal raw chain	minimal master-action rule	B_lin h_0	1	0	retained by p_gf	exact
5	455	minimal	trace-free metric fluctuation	h_0_(02)[P1*P2*P3^3]	455	0	0	0	5	(1,1) tensor Sym^5(1/2,1/2)	0	5	proven minimal raw chain	minimal master-action rule	B_lin h_0	3	1	retained by p_gf	exact
5	456	minimal	trace-free metric fluctuation	h_0_(02)[P1*P2^2*P3^2]	456	0	0	0	5	(1,1) tensor Sym^5(1/2,1/2)	0	5	proven minimal raw chain	minimal master-action rule	B_lin h_0	3	1	retained by p_gf	exact
5	457	minimal	trace-free metric fluctuation	h_0_(02)[P1*P2^3*P3]	457	0	0	0	5	(1,1) tensor Sym^5(1/2,1/2)	0	5	proven minimal raw chain	minimal master-action rule	B_lin h_0	3	1	retained by p_gf	exact
5	458	minimal	trace-free metric fluctuation	h_0_(02)[P1*P2^4]	458	0	0	0	5	(1,1) tensor Sym^5(1/2,1/2)	0	5	proven minimal raw chain	minimal master-action rule	B_lin h_0	2	1	retained by p_gf	exact
5	459	minimal	trace-free metric fluctuation	h_0_(02)[P1^2*P3^3]	459	0	0	0	5	(1,1) tensor Sym^5(1/2,1/2)	0	5	proven minimal raw chain	minimal master-action rule	B_lin h_0	1	0	retained by p_gf	exact
5	460	minimal	trace-free metric fluctuation	h_0_(02)[P1^2*P2*P3^2]	460	0	0	0	5	(1,1) tensor Sym^5(1/2,1/2)	0	5	proven minimal raw chain	minimal master-action rule	B_lin h_0	4	1	retained by p_gf	exact
5	461	minimal	trace-free metric fluctuation	h_0_(02)[P1^2*P2^2*P3]	461	0	0	0	5	(1,1) tensor Sym^5(1/2,1/2)	0	5	proven minimal raw chain	minimal master-action rule	B_lin h_0	3	1	retained by p_gf	exact
5	462	minimal	trace-free metric fluctuation	h_0_(02)[P1^2*P2^3]	462	0	0	0	5	(1,1) tensor Sym^5(1/2,1/2)	0	5	proven minimal raw chain	minimal master-action rule	B_lin h_0	3	1	retained by p_gf	exact
5	463	minimal	trace-free metric fluctuation	h_0_(02)[P1^3*P3^2]	463	0	0	0	5	(1,1) tensor Sym^5(1/2,1/2)	0	5	proven minimal raw chain	minimal master-action rule	B_lin h_0	1	0	retained by p_gf	exact
5	464	minimal	trace-free metric fluctuation	h_0_(02)[P1^3*P2*P3]	464	0	0	0	5	(1,1) tensor Sym^5(1/2,1/2)	0	5	proven minimal raw chain	minimal master-action rule	B_lin h_0	3	1	retained by p_gf	exact
5	465	minimal	trace-free metric fluctuation	h_0_(02)[P1^3*P2^2]	465	0	0	0	5	(1,1) tensor Sym^5(1/2,1/2)	0	5	proven minimal raw chain	minimal master-action rule	B_lin h_0	3	1	retained by p_gf	exact
5	466	minimal	trace-free metric fluctuation	h_0_(02)[P1^4*P3]	466	0	0	0	5	(1,1) tensor Sym^5(1/2,1/2)	0	5	proven minimal raw chain	minimal master-action rule	B_lin h_0	1	0	retained by p_gf	exact
5	467	minimal	trace-free metric fluctuation	h_0_(02)[P1^4*P2]	467	0	0	0	5	(1,1) tensor Sym^5(1/2,1/2)	0	5	proven minimal raw chain	minimal master-action rule	B_lin h_0	3	1	retained by p_gf	exact
5	468	minimal	trace-free metric fluctuation	h_0_(02)[P1^5]	468	0	0	0	5	(1,1) tensor Sym^5(1/2,1/2)	0	5	proven minimal raw chain	minimal master-action rule	B_lin h_0	1	0	retained by p_gf	exact
5	469	minimal	trace-free metric fluctuation	h_0_(02)[P0*P3^4]	469	0	0	0	5	(1,1) tensor Sym^5(1/2,1/2)	0	5	proven minimal raw chain	minimal master-action rule	B_lin h_0	3	1	retained by p_gf	exact
5	470	minimal	trace-free metric fluctuation	h_0_(02)[P0*P2*P3^3]	470	0	0	0	5	(1,1) tensor Sym^5(1/2,1/2)	0	5	proven minimal raw chain	minimal master-action rule	B_lin h_0	7	2	retained by p_gf	exact
5	471	minimal	trace-free metric fluctuation	h_0_(02)[P0*P2^2*P3^2]	471	0	0	0	5	(1,1) tensor Sym^5(1/2,1/2)	0	5	proven minimal raw chain	minimal master-action rule	B_lin h_0	7	2	retained by p_gf	exact
5	472	minimal	trace-free metric fluctuation	h_0_(02)[P0*P2^3*P3]	472	0	0	0	5	(1,1) tensor Sym^5(1/2,1/2)	0	5	proven minimal raw chain	minimal master-action rule	B_lin h_0	6	2	retained by p_gf	exact
5	473	minimal	trace-free metric fluctuation	h_0_(02)[P0*P2^4]	473	0	0	0	5	(1,1) tensor Sym^5(1/2,1/2)	0	5	proven minimal raw chain	minimal master-action rule	B_lin h_0	4	2	retained by p_gf	exact
5	474	minimal	trace-free metric fluctuation	h_0_(02)[P0*P1*P3^3]	474	0	0	0	5	(1,1) tensor Sym^5(1/2,1/2)	0	5	proven minimal raw chain	minimal master-action rule	B_lin h_0	3	1	retained by p_gf	exact
5	475	minimal	trace-free metric fluctuation	h_0_(02)[P0*P1*P2*P3^2]	475	0	0	0	5	(1,1) tensor Sym^5(1/2,1/2)	0	5	proven minimal raw chain	minimal master-action rule	B_lin h_0	8	2	retained by p_gf	exact
5	476	minimal	trace-free metric fluctuation	h_0_(02)[P0*P1*P2^2*P3]	476	0	0	0	5	(1,1) tensor Sym^5(1/2,1/2)	0	5	proven minimal raw chain	minimal master-action rule	B_lin h_0	5	2	retained by p_gf	exact
5	477	minimal	trace-free metric fluctuation	h_0_(02)[P0*P1*P2^3]	477	0	0	0	5	(1,1) tensor Sym^5(1/2,1/2)	0	5	proven minimal raw chain	minimal master-action rule	B_lin h_0	6	2	retained by p_gf	exact
5	478	minimal	trace-free metric fluctuation	h_0_(02)[P0*P1^2*P3^2]	478	0	0	0	5	(1,1) tensor Sym^5(1/2,1/2)	0	5	proven minimal raw chain	minimal master-action rule	B_lin h_0	4	1	retained by p_gf	exact
5	479	minimal	trace-free metric fluctuation	h_0_(02)[P0*P1^2*P2*P3]	479	0	0	0	5	(1,1) tensor Sym^5(1/2,1/2)	0	5	proven minimal raw chain	minimal master-action rule	B_lin h_0	8	2	retained by p_gf	exact
5	480	minimal	trace-free metric fluctuation	h_0_(02)[P0*P1^2*P2^2]	480	0	0	0	5	(1,1) tensor Sym^5(1/2,1/2)	0	5	proven minimal raw chain	minimal master-action rule	B_lin h_0	7	2	retained by p_gf	exact
5	481	minimal	trace-free metric fluctuation	h_0_(02)[P0*P1^3*P3]	481	0	0	0	5	(1,1) tensor Sym^5(1/2,1/2)	0	5	proven minimal raw chain	minimal master-action rule	B_lin h_0	3	1	retained by p_gf	exact
5	482	minimal	trace-free metric fluctuation	h_0_(02)[P0*P1^3*P2]	482	0	0	0	5	(1,1) tensor Sym^5(1/2,1/2)	0	5	proven minimal raw chain	minimal master-action rule	B_lin h_0	7	2	retained by p_gf	exact
5	483	minimal	trace-free metric fluctuation	h_0_(02)[P0*P1^4]	483	0	0	0	5	(1,1) tensor Sym^5(1/2,1/2)	0	5	proven minimal raw chain	minimal master-action rule	B_lin h_0	3	1	retained by p_gf	exact
5	484	minimal	trace-free metric fluctuation	h_0_(02)[P0^2*P3^3]	484	0	0	0	5	(1,1) tensor Sym^5(1/2,1/2)	0	5	proven minimal raw chain	minimal master-action rule	B_lin h_0	3	1	retained by p_gf	exact
5	485	minimal	trace-free metric fluctuation	h_0_(02)[P0^2*P2*P3^2]	485	0	0	0	5	(1,1) tensor Sym^5(1/2,1/2)	0	5	proven minimal raw chain	minimal master-action rule	B_lin h_0	7	2	retained by p_gf	exact
5	486	minimal	trace-free metric fluctuation	h_0_(02)[P0^2*P2^2*P3]	486	0	0	0	5	(1,1) tensor Sym^5(1/2,1/2)	0	5	proven minimal raw chain	minimal master-action rule	B_lin h_0	5	2	retained by p_gf	exact
5	487	minimal	trace-free metric fluctuation	h_0_(02)[P0^2*P2^3]	487	0	0	0	5	(1,1) tensor Sym^5(1/2,1/2)	0	5	proven minimal raw chain	minimal master-action rule	B_lin h_0	5	2	retained by p_gf	exact
5	488	minimal	trace-free metric fluctuation	h_0_(02)[P0^2*P1*P3^2]	488	0	0	0	5	(1,1) tensor Sym^5(1/2,1/2)	0	5	proven minimal raw chain	minimal master-action rule	B_lin h_0	3	1	retained by p_gf	exact
5	489	minimal	trace-free metric fluctuation	h_0_(02)[P0^2*P1*P2*P3]	489	0	0	0	5	(1,1) tensor Sym^5(1/2,1/2)	0	5	proven minimal raw chain	minimal master-action rule	B_lin h_0	5	2	retained by p_gf	exact
5	490	minimal	trace-free metric fluctuation	h_0_(02)[P0^2*P1*P2^2]	490	0	0	0	5	(1,1) tensor Sym^5(1/2,1/2)	0	5	proven minimal raw chain	minimal master-action rule	B_lin h_0	5	2	retained by p_gf	exact
5	491	minimal	trace-free metric fluctuation	h_0_(02)[P0^2*P1^2*P3]	491	0	0	0	5	(1,1) tensor Sym^5(1/2,1/2)	0	5	proven minimal raw chain	minimal master-action rule	B_lin h_0	3	1	retained by p_gf	exact
5	492	minimal	trace-free metric fluctuation	h_0_(02)[P0^2*P1^2*P2]	492	0	0	0	5	(1,1) tensor Sym^5(1/2,1/2)	0	5	proven minimal raw chain	minimal master-action rule	B_lin h_0	7	2	retained by p_gf	exact
5	493	minimal	trace-free metric fluctuation	h_0_(02)[P0^2*P1^3]	493	0	0	0	5	(1,1) tensor Sym^5(1/2,1/2)	0	5	proven minimal raw chain	minimal master-action rule	B_lin h_0	3	1	retained by p_gf	exact
5	494	minimal	trace-free metric fluctuation	h_0_(02)[P0^3*P3^2]	494	0	0	0	5	(1,1) tensor Sym^5(1/2,1/2)	0	5	proven minimal raw chain	minimal master-action rule	B_lin h_0	3	1	retained by p_gf	exact
5	495	minimal	trace-free metric fluctuation	h_0_(02)[P0^3*P2*P3]	495	0	0	0	5	(1,1) tensor Sym^5(1/2,1/2)	0	5	proven minimal raw chain	minimal master-action rule	B_lin h_0	6	2	retained by p_gf	exact
5	496	minimal	trace-free metric fluctuation	h_0_(02)[P0^3*P2^2]	496	0	0	0	5	(1,1) tensor Sym^5(1/2,1/2)	0	5	proven minimal raw chain	minimal master-action rule	B_lin h_0	5	2	retained by p_gf	exact
5	497	minimal	trace-free metric fluctuation	h_0_(02)[P0^3*P1*P3]	497	0	0	0	5	(1,1) tensor Sym^5(1/2,1/2)	0	5	proven minimal raw chain	minimal master-action rule	B_lin h_0	3	1	retained by p_gf	exact
5	498	minimal	trace-free metric fluctuation	h_0_(02)[P0^3*P1*P2]	498	0	0	0	5	(1,1) tensor Sym^5(1/2,1/2)	0	5	proven minimal raw chain	minimal master-action rule	B_lin h_0	6	2	retained by p_gf	exact
5	499	minimal	trace-free metric fluctuation	h_0_(02)[P0^3*P1^2]	499	0	0	0	5	(1,1) tensor Sym^5(1/2,1/2)	0	5	proven minimal raw chain	minimal master-action rule	B_lin h_0	3	1	retained by p_gf	exact
5	500	minimal	trace-free metric fluctuation	h_0_(02)[P0^4*P3]	500	0	0	0	5	(1,1) tensor Sym^5(1/2,1/2)	0	5	proven minimal raw chain	minimal master-action rule	B_lin h_0	2	1	retained by p_gf	exact
5	501	minimal	trace-free metric fluctuation	h_0_(02)[P0^4*P2]	501	0	0	0	5	(1,1) tensor Sym^5(1/2,1/2)	0	5	proven minimal raw chain	minimal master-action rule	B_lin h_0	4	2	retained by p_gf	exact
5	502	minimal	trace-free metric fluctuation	h_0_(02)[P0^4*P1]	502	0	0	0	5	(1,1) tensor Sym^5(1/2,1/2)	0	5	proven minimal raw chain	minimal master-action rule	B_lin h_0	2	1	retained by p_gf	exact
5	503	minimal	trace-free metric fluctuation	h_0_(02)[P0^5]	503	0	0	0	5	(1,1) tensor Sym^5(1/2,1/2)	0	5	proven minimal raw chain	minimal master-action rule	B_lin h_0	1	1	retained by p_gf	exact
5	504	minimal	trace-free metric fluctuation	h_0_(03)[P3^5]	504	0	0	0	5	(1,1) tensor Sym^5(1/2,1/2)	0	5	proven minimal raw chain	minimal master-action rule	B_lin h_0	1	1	retained by p_gf	exact
5	505	minimal	trace-free metric fluctuation	h_0_(03)[P2*P3^4]	505	0	0	0	5	(1,1) tensor Sym^5(1/2,1/2)	0	5	proven minimal raw chain	minimal master-action rule	B_lin h_0	2	1	retained by p_gf	exact
5	506	minimal	trace-free metric fluctuation	h_0_(03)[P2^2*P3^3]	506	0	0	0	5	(1,1) tensor Sym^5(1/2,1/2)	0	5	proven minimal raw chain	minimal master-action rule	B_lin h_0	3	1	retained by p_gf	exact
5	507	minimal	trace-free metric fluctuation	h_0_(03)[P2^3*P3^2]	507	0	0	0	5	(1,1) tensor Sym^5(1/2,1/2)	0	5	proven minimal raw chain	minimal master-action rule	B_lin h_0	3	1	retained by p_gf	exact
5	508	minimal	trace-free metric fluctuation	h_0_(03)[P2^4*P3]	508	0	0	0	5	(1,1) tensor Sym^5(1/2,1/2)	0	5	proven minimal raw chain	minimal master-action rule	B_lin h_0	3	1	retained by p_gf	exact
5	509	minimal	trace-free metric fluctuation	h_0_(03)[P2^5]	509	0	0	0	5	(1,1) tensor Sym^5(1/2,1/2)	0	5	proven minimal raw chain	minimal master-action rule	B_lin h_0	1	0	retained by p_gf	exact
5	510	minimal	trace-free metric fluctuation	h_0_(03)[P1*P3^4]	510	0	0	0	5	(1,1) tensor Sym^5(1/2,1/2)	0	5	proven minimal raw chain	minimal master-action rule	B_lin h_0	2	1	retained by p_gf	exact
5	511	minimal	trace-free metric fluctuation	h_0_(03)[P1*P2*P3^3]	511	0	0	0	5	(1,1) tensor Sym^5(1/2,1/2)	0	5	proven minimal raw chain	minimal master-action rule	B_lin h_0	3	1	retained by p_gf	exact
5	512	minimal	trace-free metric fluctuation	h_0_(03)[P1*P2^2*P3^2]	512	0	0	0	5	(1,1) tensor Sym^5(1/2,1/2)	0	5	proven minimal raw chain	minimal master-action rule	B_lin h_0	3	1	retained by p_gf	exact
5	513	minimal	trace-free metric fluctuation	h_0_(03)[P1*P2^3*P3]	513	0	0	0	5	(1,1) tensor Sym^5(1/2,1/2)	0	5	proven minimal raw chain	minimal master-action rule	B_lin h_0	3	1	retained by p_gf	exact
5	514	minimal	trace-free metric fluctuation	h_0_(03)[P1*P2^4]	514	0	0	0	5	(1,1) tensor Sym^5(1/2,1/2)	0	5	proven minimal raw chain	minimal master-action rule	B_lin h_0	1	0	retained by p_gf	exact
5	515	minimal	trace-free metric fluctuation	h_0_(03)[P1^2*P3^3]	515	0	0	0	5	(1,1) tensor Sym^5(1/2,1/2)	0	5	proven minimal raw chain	minimal master-action rule	B_lin h_0	3	1	retained by p_gf	exact
5	516	minimal	trace-free metric fluctuation	h_0_(03)[P1^2*P2*P3^2]	516	0	0	0	5	(1,1) tensor Sym^5(1/2,1/2)	0	5	proven minimal raw chain	minimal master-action rule	B_lin h_0	3	1	retained by p_gf	exact
5	517	minimal	trace-free metric fluctuation	h_0_(03)[P1^2*P2^2*P3]	517	0	0	0	5	(1,1) tensor Sym^5(1/2,1/2)	0	5	proven minimal raw chain	minimal master-action rule	B_lin h_0	4	1	retained by p_gf	exact
5	518	minimal	trace-free metric fluctuation	h_0_(03)[P1^2*P2^3]	518	0	0	0	5	(1,1) tensor Sym^5(1/2,1/2)	0	5	proven minimal raw chain	minimal master-action rule	B_lin h_0	1	0	retained by p_gf	exact
5	519	minimal	trace-free metric fluctuation	h_0_(03)[P1^3*P3^2]	519	0	0	0	5	(1,1) tensor Sym^5(1/2,1/2)	0	5	proven minimal raw chain	minimal master-action rule	B_lin h_0	3	1	retained by p_gf	exact
5	520	minimal	trace-free metric fluctuation	h_0_(03)[P1^3*P2*P3]	520	0	0	0	5	(1,1) tensor Sym^5(1/2,1/2)	0	5	proven minimal raw chain	minimal master-action rule	B_lin h_0	3	1	retained by p_gf	exact
5	521	minimal	trace-free metric fluctuation	h_0_(03)[P1^3*P2^2]	521	0	0	0	5	(1,1) tensor Sym^5(1/2,1/2)	0	5	proven minimal raw chain	minimal master-action rule	B_lin h_0	1	0	retained by p_gf	exact
5	522	minimal	trace-free metric fluctuation	h_0_(03)[P1^4*P3]	522	0	0	0	5	(1,1) tensor Sym^5(1/2,1/2)	0	5	proven minimal raw chain	minimal master-action rule	B_lin h_0	3	1	retained by p_gf	exact
5	523	minimal	trace-free metric fluctuation	h_0_(03)[P1^4*P2]	523	0	0	0	5	(1,1) tensor Sym^5(1/2,1/2)	0	5	proven minimal raw chain	minimal master-action rule	B_lin h_0	1	0	retained by p_gf	exact
5	524	minimal	trace-free metric fluctuation	h_0_(03)[P1^5]	524	0	0	0	5	(1,1) tensor Sym^5(1/2,1/2)	0	5	proven minimal raw chain	minimal master-action rule	B_lin h_0	1	0	retained by p_gf	exact
5	525	minimal	trace-free metric fluctuation	h_0_(03)[P0*P3^4]	525	0	0	0	5	(1,1) tensor Sym^5(1/2,1/2)	0	5	proven minimal raw chain	minimal master-action rule	B_lin h_0	5	2	retained by p_gf	exact
5	526	minimal	trace-free metric fluctuation	h_0_(03)[P0*P2*P3^3]	526	0	0	0	5	(1,1) tensor Sym^5(1/2,1/2)	0	5	proven minimal raw chain	minimal master-action rule	B_lin h_0	7	2	retained by p_gf	exact
5	527	minimal	trace-free metric fluctuation	h_0_(03)[P0*P2^2*P3^2]	527	0	0	0	5	(1,1) tensor Sym^5(1/2,1/2)	0	5	proven minimal raw chain	minimal master-action rule	B_lin h_0	7	2	retained by p_gf	exact
5	528	minimal	trace-free metric fluctuation	h_0_(03)[P0*P2^3*P3]	528	0	0	0	5	(1,1) tensor Sym^5(1/2,1/2)	0	5	proven minimal raw chain	minimal master-action rule	B_lin h_0	7	2	retained by p_gf	exact
5	529	minimal	trace-free metric fluctuation	h_0_(03)[P0*P2^4]	529	0	0	0	5	(1,1) tensor Sym^5(1/2,1/2)	0	5	proven minimal raw chain	minimal master-action rule	B_lin h_0	3	1	retained by p_gf	exact
5	530	minimal	trace-free metric fluctuation	h_0_(03)[P0*P1*P3^3]	530	0	0	0	5	(1,1) tensor Sym^5(1/2,1/2)	0	5	proven minimal raw chain	minimal master-action rule	B_lin h_0	7	2	retained by p_gf	exact
5	531	minimal	trace-free metric fluctuation	h_0_(03)[P0*P1*P2*P3^2]	531	0	0	0	5	(1,1) tensor Sym^5(1/2,1/2)	0	5	proven minimal raw chain	minimal master-action rule	B_lin h_0	5	2	retained by p_gf	exact
5	532	minimal	trace-free metric fluctuation	h_0_(03)[P0*P1*P2^2*P3]	532	0	0	0	5	(1,1) tensor Sym^5(1/2,1/2)	0	5	proven minimal raw chain	minimal master-action rule	B_lin h_0	8	2	retained by p_gf	exact
5	533	minimal	trace-free metric fluctuation	h_0_(03)[P0*P1*P2^3]	533	0	0	0	5	(1,1) tensor Sym^5(1/2,1/2)	0	5	proven minimal raw chain	minimal master-action rule	B_lin h_0	3	1	retained by p_gf	exact
5	534	minimal	trace-free metric fluctuation	h_0_(03)[P0*P1^2*P3^2]	534	0	0	0	5	(1,1) tensor Sym^5(1/2,1/2)	0	5	proven minimal raw chain	minimal master-action rule	B_lin h_0	7	2	retained by p_gf	exact
5	535	minimal	trace-free metric fluctuation	h_0_(03)[P0*P1^2*P2*P3]	535	0	0	0	5	(1,1) tensor Sym^5(1/2,1/2)	0	5	proven minimal raw chain	minimal master-action rule	B_lin h_0	8	2	retained by p_gf	exact
5	536	minimal	trace-free metric fluctuation	h_0_(03)[P0*P1^2*P2^2]	536	0	0	0	5	(1,1) tensor Sym^5(1/2,1/2)	0	5	proven minimal raw chain	minimal master-action rule	B_lin h_0	4	1	retained by p_gf	exact
5	537	minimal	trace-free metric fluctuation	h_0_(03)[P0*P1^3*P3]	537	0	0	0	5	(1,1) tensor Sym^5(1/2,1/2)	0	5	proven minimal raw chain	minimal master-action rule	B_lin h_0	7	2	retained by p_gf	exact
5	538	minimal	trace-free metric fluctuation	h_0_(03)[P0*P1^3*P2]	538	0	0	0	5	(1,1) tensor Sym^5(1/2,1/2)	0	5	proven minimal raw chain	minimal master-action rule	B_lin h_0	3	1	retained by p_gf	exact
5	539	minimal	trace-free metric fluctuation	h_0_(03)[P0*P1^4]	539	0	0	0	5	(1,1) tensor Sym^5(1/2,1/2)	0	5	proven minimal raw chain	minimal master-action rule	B_lin h_0	3	1	retained by p_gf	exact
5	540	minimal	trace-free metric fluctuation	h_0_(03)[P0^2*P3^3]	540	0	0	0	5	(1,1) tensor Sym^5(1/2,1/2)	0	5	proven minimal raw chain	minimal master-action rule	B_lin h_0	6	2	retained by p_gf	exact
5	541	minimal	trace-free metric fluctuation	h_0_(03)[P0^2*P2*P3^2]	541	0	0	0	5	(1,1) tensor Sym^5(1/2,1/2)	0	5	proven minimal raw chain	minimal master-action rule	B_lin h_0	5	2	retained by p_gf	exact
5	542	minimal	trace-free metric fluctuation	h_0_(03)[P0^2*P2^2*P3]	542	0	0	0	5	(1,1) tensor Sym^5(1/2,1/2)	0	5	proven minimal raw chain	minimal master-action rule	B_lin h_0	7	2	retained by p_gf	exact
5	543	minimal	trace-free metric fluctuation	h_0_(03)[P0^2*P2^3]	543	0	0	0	5	(1,1) tensor Sym^5(1/2,1/2)	0	5	proven minimal raw chain	minimal master-action rule	B_lin h_0	3	1	retained by p_gf	exact
5	544	minimal	trace-free metric fluctuation	h_0_(03)[P0^2*P1*P3^2]	544	0	0	0	5	(1,1) tensor Sym^5(1/2,1/2)	0	5	proven minimal raw chain	minimal master-action rule	B_lin h_0	5	2	retained by p_gf	exact
5	545	minimal	trace-free metric fluctuation	h_0_(03)[P0^2*P1*P2*P3]	545	0	0	0	5	(1,1) tensor Sym^5(1/2,1/2)	0	5	proven minimal raw chain	minimal master-action rule	B_lin h_0	5	2	retained by p_gf	exact
5	546	minimal	trace-free metric fluctuation	h_0_(03)[P0^2*P1*P2^2]	546	0	0	0	5	(1,1) tensor Sym^5(1/2,1/2)	0	5	proven minimal raw chain	minimal master-action rule	B_lin h_0	3	1	retained by p_gf	exact
5	547	minimal	trace-free metric fluctuation	h_0_(03)[P0^2*P1^2*P3]	547	0	0	0	5	(1,1) tensor Sym^5(1/2,1/2)	0	5	proven minimal raw chain	minimal master-action rule	B_lin h_0	7	2	retained by p_gf	exact
5	548	minimal	trace-free metric fluctuation	h_0_(03)[P0^2*P1^2*P2]	548	0	0	0	5	(1,1) tensor Sym^5(1/2,1/2)	0	5	proven minimal raw chain	minimal master-action rule	B_lin h_0	3	1	retained by p_gf	exact
5	549	minimal	trace-free metric fluctuation	h_0_(03)[P0^2*P1^3]	549	0	0	0	5	(1,1) tensor Sym^5(1/2,1/2)	0	5	proven minimal raw chain	minimal master-action rule	B_lin h_0	3	1	retained by p_gf	exact
5	550	minimal	trace-free metric fluctuation	h_0_(03)[P0^3*P3^2]	550	0	0	0	5	(1,1) tensor Sym^5(1/2,1/2)	0	5	proven minimal raw chain	minimal master-action rule	B_lin h_0	5	2	retained by p_gf	exact
5	551	minimal	trace-free metric fluctuation	h_0_(03)[P0^3*P2*P3]	551	0	0	0	5	(1,1) tensor Sym^5(1/2,1/2)	0	5	proven minimal raw chain	minimal master-action rule	B_lin h_0	6	2	retained by p_gf	exact
5	552	minimal	trace-free metric fluctuation	h_0_(03)[P0^3*P2^2]	552	0	0	0	5	(1,1) tensor Sym^5(1/2,1/2)	0	5	proven minimal raw chain	minimal master-action rule	B_lin h_0	3	1	retained by p_gf	exact
5	553	minimal	trace-free metric fluctuation	h_0_(03)[P0^3*P1*P3]	553	0	0	0	5	(1,1) tensor Sym^5(1/2,1/2)	0	5	proven minimal raw chain	minimal master-action rule	B_lin h_0	6	2	retained by p_gf	exact
5	554	minimal	trace-free metric fluctuation	h_0_(03)[P0^3*P1*P2]	554	0	0	0	5	(1,1) tensor Sym^5(1/2,1/2)	0	5	proven minimal raw chain	minimal master-action rule	B_lin h_0	3	1	retained by p_gf	exact
5	555	minimal	trace-free metric fluctuation	h_0_(03)[P0^3*P1^2]	555	0	0	0	5	(1,1) tensor Sym^5(1/2,1/2)	0	5	proven minimal raw chain	minimal master-action rule	B_lin h_0	3	1	retained by p_gf	exact
5	556	minimal	trace-free metric fluctuation	h_0_(03)[P0^4*P3]	556	0	0	0	5	(1,1) tensor Sym^5(1/2,1/2)	0	5	proven minimal raw chain	minimal master-action rule	B_lin h_0	4	2	retained by p_gf	exact
5	557	minimal	trace-free metric fluctuation	h_0_(03)[P0^4*P2]	557	0	0	0	5	(1,1) tensor Sym^5(1/2,1/2)	0	5	proven minimal raw chain	minimal master-action rule	B_lin h_0	2	1	retained by p_gf	exact
5	558	minimal	trace-free metric fluctuation	h_0_(03)[P0^4*P1]	558	0	0	0	5	(1,1) tensor Sym^5(1/2,1/2)	0	5	proven minimal raw chain	minimal master-action rule	B_lin h_0	2	1	retained by p_gf	exact
5	559	minimal	trace-free metric fluctuation	h_0_(03)[P0^5]	559	0	0	0	5	(1,1) tensor Sym^5(1/2,1/2)	0	5	proven minimal raw chain	minimal master-action rule	B_lin h_0	1	1	retained by p_gf	exact
5	560	minimal	trace-free metric fluctuation	h_0_(12)[P3^5]	560	0	0	0	5	(1,1) tensor Sym^5(1/2,1/2)	0	5	proven minimal raw chain	minimal master-action rule	B_lin h_0	1	0	retained by p_gf	exact
5	561	minimal	trace-free metric fluctuation	h_0_(12)[P2*P3^4]	561	0	0	0	5	(1,1) tensor Sym^5(1/2,1/2)	0	5	proven minimal raw chain	minimal master-action rule	B_lin h_0	3	1	retained by p_gf	exact
5	562	minimal	trace-free metric fluctuation	h_0_(12)[P2^2*P3^3]	562	0	0	0	5	(1,1) tensor Sym^5(1/2,1/2)	0	5	proven minimal raw chain	minimal master-action rule	B_lin h_0	3	1	retained by p_gf	exact
5	563	minimal	trace-free metric fluctuation	h_0_(12)[P2^3*P3^2]	563	0	0	0	5	(1,1) tensor Sym^5(1/2,1/2)	0	5	proven minimal raw chain	minimal master-action rule	B_lin h_0	3	1	retained by p_gf	exact
5	564	minimal	trace-free metric fluctuation	h_0_(12)[P2^4*P3]	564	0	0	0	5	(1,1) tensor Sym^5(1/2,1/2)	0	5	proven minimal raw chain	minimal master-action rule	B_lin h_0	2	1	retained by p_gf	exact
5	565	minimal	trace-free metric fluctuation	h_0_(12)[P2^5]	565	0	0	0	5	(1,1) tensor Sym^5(1/2,1/2)	0	5	proven minimal raw chain	minimal master-action rule	B_lin h_0	1	1	retained by p_gf	exact
5	566	minimal	trace-free metric fluctuation	h_0_(12)[P1*P3^4]	566	0	0	0	5	(1,1) tensor Sym^5(1/2,1/2)	0	5	proven minimal raw chain	minimal master-action rule	B_lin h_0	3	1	retained by p_gf	exact
5	567	minimal	trace-free metric fluctuation	h_0_(12)[P1*P2*P3^3]	567	0	0	0	5	(1,1) tensor Sym^5(1/2,1/2)	0	5	proven minimal raw chain	minimal master-action rule	B_lin h_0	7	2	retained by p_gf	exact
5	568	minimal	trace-free metric fluctuation	h_0_(12)[P1*P2^2*P3^2]	568	0	0	0	5	(1,1) tensor Sym^5(1/2,1/2)	0	5	proven minimal raw chain	minimal master-action rule	B_lin h_0	7	2	retained by p_gf	exact
5	569	minimal	trace-free metric fluctuation	h_0_(12)[P1*P2^3*P3]	569	0	0	0	5	(1,1) tensor Sym^5(1/2,1/2)	0	5	proven minimal raw chain	minimal master-action rule	B_lin h_0	6	2	retained by p_gf	exact
5	570	minimal	trace-free metric fluctuation	h_0_(12)[P1*P2^4]	570	0	0	0	5	(1,1) tensor Sym^5(1/2,1/2)	0	5	proven minimal raw chain	minimal master-action rule	B_lin h_0	4	2	retained by p_gf	exact
5	571	minimal	trace-free metric fluctuation	h_0_(12)[P1^2*P3^3]	571	0	0	0	5	(1,1) tensor Sym^5(1/2,1/2)	0	5	proven minimal raw chain	minimal master-action rule	B_lin h_0	3	1	retained by p_gf	exact
5	572	minimal	trace-free metric fluctuation	h_0_(12)[P1^2*P2*P3^2]	572	0	0	0	5	(1,1) tensor Sym^5(1/2,1/2)	0	5	proven minimal raw chain	minimal master-action rule	B_lin h_0	7	2	retained by p_gf	exact
5	573	minimal	trace-free metric fluctuation	h_0_(12)[P1^2*P2^2*P3]	573	0	0	0	5	(1,1) tensor Sym^5(1/2,1/2)	0	5	proven minimal raw chain	minimal master-action rule	B_lin h_0	5	2	retained by p_gf	exact
5	574	minimal	trace-free metric fluctuation	h_0_(12)[P1^2*P2^3]	574	0	0	0	5	(1,1) tensor Sym^5(1/2,1/2)	0	5	proven minimal raw chain	minimal master-action rule	B_lin h_0	5	2	retained by p_gf	exact
5	575	minimal	trace-free metric fluctuation	h_0_(12)[P1^3*P3^2]	575	0	0	0	5	(1,1) tensor Sym^5(1/2,1/2)	0	5	proven minimal raw chain	minimal master-action rule	B_lin h_0	3	1	retained by p_gf	exact
5	576	minimal	trace-free metric fluctuation	h_0_(12)[P1^3*P2*P3]	576	0	0	0	5	(1,1) tensor Sym^5(1/2,1/2)	0	5	proven minimal raw chain	minimal master-action rule	B_lin h_0	6	2	retained by p_gf	exact
5	577	minimal	trace-free metric fluctuation	h_0_(12)[P1^3*P2^2]	577	0	0	0	5	(1,1) tensor Sym^5(1/2,1/2)	0	5	proven minimal raw chain	minimal master-action rule	B_lin h_0	5	2	retained by p_gf	exact
5	578	minimal	trace-free metric fluctuation	h_0_(12)[P1^4*P3]	578	0	0	0	5	(1,1) tensor Sym^5(1/2,1/2)	0	5	proven minimal raw chain	minimal master-action rule	B_lin h_0	2	1	retained by p_gf	exact
5	579	minimal	trace-free metric fluctuation	h_0_(12)[P1^4*P2]	579	0	0	0	5	(1,1) tensor Sym^5(1/2,1/2)	0	5	proven minimal raw chain	minimal master-action rule	B_lin h_0	4	2	retained by p_gf	exact
5	580	minimal	trace-free metric fluctuation	h_0_(12)[P1^5]	580	0	0	0	5	(1,1) tensor Sym^5(1/2,1/2)	0	5	proven minimal raw chain	minimal master-action rule	B_lin h_0	1	1	retained by p_gf	exact
5	581	minimal	trace-free metric fluctuation	h_0_(12)[P0*P3^4]	581	0	0	0	5	(1,1) tensor Sym^5(1/2,1/2)	0	5	proven minimal raw chain	minimal master-action rule	B_lin h_0	1	0	retained by p_gf	exact
5	582	minimal	trace-free metric fluctuation	h_0_(12)[P0*P2*P3^3]	582	0	0	0	5	(1,1) tensor Sym^5(1/2,1/2)	0	5	proven minimal raw chain	minimal master-action rule	B_lin h_0	3	1	retained by p_gf	exact
5	583	minimal	trace-free metric fluctuation	h_0_(12)[P0*P2^2*P3^2]	583	0	0	0	5	(1,1) tensor Sym^5(1/2,1/2)	0	5	proven minimal raw chain	minimal master-action rule	B_lin h_0	3	1	retained by p_gf	exact
5	584	minimal	trace-free metric fluctuation	h_0_(12)[P0*P2^3*P3]	584	0	0	0	5	(1,1) tensor Sym^5(1/2,1/2)	0	5	proven minimal raw chain	minimal master-action rule	B_lin h_0	3	1	retained by p_gf	exact
5	585	minimal	trace-free metric fluctuation	h_0_(12)[P0*P2^4]	585	0	0	0	5	(1,1) tensor Sym^5(1/2,1/2)	0	5	proven minimal raw chain	minimal master-action rule	B_lin h_0	2	1	retained by p_gf	exact
5	586	minimal	trace-free metric fluctuation	h_0_(12)[P0*P1*P3^3]	586	0	0	0	5	(1,1) tensor Sym^5(1/2,1/2)	0	5	proven minimal raw chain	minimal master-action rule	B_lin h_0	3	1	retained by p_gf	exact
5	587	minimal	trace-free metric fluctuation	h_0_(12)[P0*P1*P2*P3^2]	587	0	0	0	5	(1,1) tensor Sym^5(1/2,1/2)	0	5	proven minimal raw chain	minimal master-action rule	B_lin h_0	8	2	retained by p_gf	exact
5	588	minimal	trace-free metric fluctuation	h_0_(12)[P0*P1*P2^2*P3]	588	0	0	0	5	(1,1) tensor Sym^5(1/2,1/2)	0	5	proven minimal raw chain	minimal master-action rule	B_lin h_0	5	2	retained by p_gf	exact
5	589	minimal	trace-free metric fluctuation	h_0_(12)[P0*P1*P2^3]	589	0	0	0	5	(1,1) tensor Sym^5(1/2,1/2)	0	5	proven minimal raw chain	minimal master-action rule	B_lin h_0	6	2	retained by p_gf	exact
5	590	minimal	trace-free metric fluctuation	h_0_(12)[P0*P1^2*P3^2]	590	0	0	0	5	(1,1) tensor Sym^5(1/2,1/2)	0	5	proven minimal raw chain	minimal master-action rule	B_lin h_0	3	1	retained by p_gf	exact
5	591	minimal	trace-free metric fluctuation	h_0_(12)[P0*P1^2*P2*P3]	591	0	0	0	5	(1,1) tensor Sym^5(1/2,1/2)	0	5	proven minimal raw chain	minimal master-action rule	B_lin h_0	5	2	retained by p_gf	exact
5	592	minimal	trace-free metric fluctuation	h_0_(12)[P0*P1^2*P2^2]	592	0	0	0	5	(1,1) tensor Sym^5(1/2,1/2)	0	5	proven minimal raw chain	minimal master-action rule	B_lin h_0	5	2	retained by p_gf	exact
5	593	minimal	trace-free metric fluctuation	h_0_(12)[P0*P1^3*P3]	593	0	0	0	5	(1,1) tensor Sym^5(1/2,1/2)	0	5	proven minimal raw chain	minimal master-action rule	B_lin h_0	3	1	retained by p_gf	exact
5	594	minimal	trace-free metric fluctuation	h_0_(12)[P0*P1^3*P2]	594	0	0	0	5	(1,1) tensor Sym^5(1/2,1/2)	0	5	proven minimal raw chain	minimal master-action rule	B_lin h_0	6	2	retained by p_gf	exact
5	595	minimal	trace-free metric fluctuation	h_0_(12)[P0*P1^4]	595	0	0	0	5	(1,1) tensor Sym^5(1/2,1/2)	0	5	proven minimal raw chain	minimal master-action rule	B_lin h_0	2	1	retained by p_gf	exact
5	596	minimal	trace-free metric fluctuation	h_0_(12)[P0^2*P3^3]	596	0	0	0	5	(1,1) tensor Sym^5(1/2,1/2)	0	5	proven minimal raw chain	minimal master-action rule	B_lin h_0	1	0	retained by p_gf	exact
5	597	minimal	trace-free metric fluctuation	h_0_(12)[P0^2*P2*P3^2]	597	0	0	0	5	(1,1) tensor Sym^5(1/2,1/2)	0	5	proven minimal raw chain	minimal master-action rule	B_lin h_0	4	1	retained by p_gf	exact
5	598	minimal	trace-free metric fluctuation	h_0_(12)[P0^2*P2^2*P3]	598	0	0	0	5	(1,1) tensor Sym^5(1/2,1/2)	0	5	proven minimal raw chain	minimal master-action rule	B_lin h_0	3	1	retained by p_gf	exact
5	599	minimal	trace-free metric fluctuation	h_0_(12)[P0^2*P2^3]	599	0	0	0	5	(1,1) tensor Sym^5(1/2,1/2)	0	5	proven minimal raw chain	minimal master-action rule	B_lin h_0	3	1	retained by p_gf	exact
5	600	minimal	trace-free metric fluctuation	h_0_(12)[P0^2*P1*P3^2]	600	0	0	0	5	(1,1) tensor Sym^5(1/2,1/2)	0	5	proven minimal raw chain	minimal master-action rule	B_lin h_0	4	1	retained by p_gf	exact
5	601	minimal	trace-free metric fluctuation	h_0_(12)[P0^2*P1*P2*P3]	601	0	0	0	5	(1,1) tensor Sym^5(1/2,1/2)	0	5	proven minimal raw chain	minimal master-action rule	B_lin h_0	8	2	retained by p_gf	exact
5	602	minimal	trace-free metric fluctuation	h_0_(12)[P0^2*P1*P2^2]	602	0	0	0	5	(1,1) tensor Sym^5(1/2,1/2)	0	5	proven minimal raw chain	minimal master-action rule	B_lin h_0	7	2	retained by p_gf	exact
5	603	minimal	trace-free metric fluctuation	h_0_(12)[P0^2*P1^2*P3]	603	0	0	0	5	(1,1) tensor Sym^5(1/2,1/2)	0	5	proven minimal raw chain	minimal master-action rule	B_lin h_0	3	1	retained by p_gf	exact
5	604	minimal	trace-free metric fluctuation	h_0_(12)[P0^2*P1^2*P2]	604	0	0	0	5	(1,1) tensor Sym^5(1/2,1/2)	0	5	proven minimal raw chain	minimal master-action rule	B_lin h_0	7	2	retained by p_gf	exact
5	605	minimal	trace-free metric fluctuation	h_0_(12)[P0^2*P1^3]	605	0	0	0	5	(1,1) tensor Sym^5(1/2,1/2)	0	5	proven minimal raw chain	minimal master-action rule	B_lin h_0	3	1	retained by p_gf	exact
5	606	minimal	trace-free metric fluctuation	h_0_(12)[P0^3*P3^2]	606	0	0	0	5	(1,1) tensor Sym^5(1/2,1/2)	0	5	proven minimal raw chain	minimal master-action rule	B_lin h_0	1	0	retained by p_gf	exact
5	607	minimal	trace-free metric fluctuation	h_0_(12)[P0^3*P2*P3]	607	0	0	0	5	(1,1) tensor Sym^5(1/2,1/2)	0	5	proven minimal raw chain	minimal master-action rule	B_lin h_0	3	1	retained by p_gf	exact
5	608	minimal	trace-free metric fluctuation	h_0_(12)[P0^3*P2^2]	608	0	0	0	5	(1,1) tensor Sym^5(1/2,1/2)	0	5	proven minimal raw chain	minimal master-action rule	B_lin h_0	3	1	retained by p_gf	exact
5	609	minimal	trace-free metric fluctuation	h_0_(12)[P0^3*P1*P3]	609	0	0	0	5	(1,1) tensor Sym^5(1/2,1/2)	0	5	proven minimal raw chain	minimal master-action rule	B_lin h_0	3	1	retained by p_gf	exact
5	610	minimal	trace-free metric fluctuation	h_0_(12)[P0^3*P1*P2]	610	0	0	0	5	(1,1) tensor Sym^5(1/2,1/2)	0	5	proven minimal raw chain	minimal master-action rule	B_lin h_0	7	2	retained by p_gf	exact
5	611	minimal	trace-free metric fluctuation	h_0_(12)[P0^3*P1^2]	611	0	0	0	5	(1,1) tensor Sym^5(1/2,1/2)	0	5	proven minimal raw chain	minimal master-action rule	B_lin h_0	3	1	retained by p_gf	exact
5	612	minimal	trace-free metric fluctuation	h_0_(12)[P0^4*P3]	612	0	0	0	5	(1,1) tensor Sym^5(1/2,1/2)	0	5	proven minimal raw chain	minimal master-action rule	B_lin h_0	1	0	retained by p_gf	exact
5	613	minimal	trace-free metric fluctuation	h_0_(12)[P0^4*P2]	613	0	0	0	5	(1,1) tensor Sym^5(1/2,1/2)	0	5	proven minimal raw chain	minimal master-action rule	B_lin h_0	3	1	retained by p_gf	exact
5	614	minimal	trace-free metric fluctuation	h_0_(12)[P0^4*P1]	614	0	0	0	5	(1,1) tensor Sym^5(1/2,1/2)	0	5	proven minimal raw chain	minimal master-action rule	B_lin h_0	3	1	retained by p_gf	exact
5	615	minimal	trace-free metric fluctuation	h_0_(12)[P0^5]	615	0	0	0	5	(1,1) tensor Sym^5(1/2,1/2)	0	5	proven minimal raw chain	minimal master-action rule	B_lin h_0	1	0	retained by p_gf	exact
5	616	minimal	trace-free metric fluctuation	h_0_(13)[P3^5]	616	0	0	0	5	(1,1) tensor Sym^5(1/2,1/2)	0	5	proven minimal raw chain	minimal master-action rule	B_lin h_0	1	1	retained by p_gf	exact
5	617	minimal	trace-free metric fluctuation	h_0_(13)[P2*P3^4]	617	0	0	0	5	(1,1) tensor Sym^5(1/2,1/2)	0	5	proven minimal raw chain	minimal master-action rule	B_lin h_0	2	1	retained by p_gf	exact
5	618	minimal	trace-free metric fluctuation	h_0_(13)[P2^2*P3^3]	618	0	0	0	5	(1,1) tensor Sym^5(1/2,1/2)	0	5	proven minimal raw chain	minimal master-action rule	B_lin h_0	3	1	retained by p_gf	exact
5	619	minimal	trace-free metric fluctuation	h_0_(13)[P2^3*P3^2]	619	0	0	0	5	(1,1) tensor Sym^5(1/2,1/2)	0	5	proven minimal raw chain	minimal master-action rule	B_lin h_0	3	1	retained by p_gf	exact
5	620	minimal	trace-free metric fluctuation	h_0_(13)[P2^4*P3]	620	0	0	0	5	(1,1) tensor Sym^5(1/2,1/2)	0	5	proven minimal raw chain	minimal master-action rule	B_lin h_0	3	1	retained by p_gf	exact
5	621	minimal	trace-free metric fluctuation	h_0_(13)[P2^5]	621	0	0	0	5	(1,1) tensor Sym^5(1/2,1/2)	0	5	proven minimal raw chain	minimal master-action rule	B_lin h_0	1	0	retained by p_gf	exact
5	622	minimal	trace-free metric fluctuation	h_0_(13)[P1*P3^4]	622	0	0	0	5	(1,1) tensor Sym^5(1/2,1/2)	0	5	proven minimal raw chain	minimal master-action rule	B_lin h_0	5	2	retained by p_gf	exact
5	623	minimal	trace-free metric fluctuation	h_0_(13)[P1*P2*P3^3]	623	0	0	0	5	(1,1) tensor Sym^5(1/2,1/2)	0	5	proven minimal raw chain	minimal master-action rule	B_lin h_0	7	2	retained by p_gf	exact
5	624	minimal	trace-free metric fluctuation	h_0_(13)[P1*P2^2*P3^2]	624	0	0	0	5	(1,1) tensor Sym^5(1/2,1/2)	0	5	proven minimal raw chain	minimal master-action rule	B_lin h_0	7	2	retained by p_gf	exact
5	625	minimal	trace-free metric fluctuation	h_0_(13)[P1*P2^3*P3]	625	0	0	0	5	(1,1) tensor Sym^5(1/2,1/2)	0	5	proven minimal raw chain	minimal master-action rule	B_lin h_0	7	2	retained by p_gf	exact
5	626	minimal	trace-free metric fluctuation	h_0_(13)[P1*P2^4]	626	0	0	0	5	(1,1) tensor Sym^5(1/2,1/2)	0	5	proven minimal raw chain	minimal master-action rule	B_lin h_0	3	1	retained by p_gf	exact
5	627	minimal	trace-free metric fluctuation	h_0_(13)[P1^2*P3^3]	627	0	0	0	5	(1,1) tensor Sym^5(1/2,1/2)	0	5	proven minimal raw chain	minimal master-action rule	B_lin h_0	6	2	retained by p_gf	exact
5	628	minimal	trace-free metric fluctuation	h_0_(13)[P1^2*P2*P3^2]	628	0	0	0	5	(1,1) tensor Sym^5(1/2,1/2)	0	5	proven minimal raw chain	minimal master-action rule	B_lin h_0	5	2	retained by p_gf	exact
5	629	minimal	trace-free metric fluctuation	h_0_(13)[P1^2*P2^2*P3]	629	0	0	0	5	(1,1) tensor Sym^5(1/2,1/2)	0	5	proven minimal raw chain	minimal master-action rule	B_lin h_0	7	2	retained by p_gf	exact
5	630	minimal	trace-free metric fluctuation	h_0_(13)[P1^2*P2^3]	630	0	0	0	5	(1,1) tensor Sym^5(1/2,1/2)	0	5	proven minimal raw chain	minimal master-action rule	B_lin h_0	3	1	retained by p_gf	exact
5	631	minimal	trace-free metric fluctuation	h_0_(13)[P1^3*P3^2]	631	0	0	0	5	(1,1) tensor Sym^5(1/2,1/2)	0	5	proven minimal raw chain	minimal master-action rule	B_lin h_0	5	2	retained by p_gf	exact
5	632	minimal	trace-free metric fluctuation	h_0_(13)[P1^3*P2*P3]	632	0	0	0	5	(1,1) tensor Sym^5(1/2,1/2)	0	5	proven minimal raw chain	minimal master-action rule	B_lin h_0	6	2	retained by p_gf	exact
5	633	minimal	trace-free metric fluctuation	h_0_(13)[P1^3*P2^2]	633	0	0	0	5	(1,1) tensor Sym^5(1/2,1/2)	0	5	proven minimal raw chain	minimal master-action rule	B_lin h_0	3	1	retained by p_gf	exact
5	634	minimal	trace-free metric fluctuation	h_0_(13)[P1^4*P3]	634	0	0	0	5	(1,1) tensor Sym^5(1/2,1/2)	0	5	proven minimal raw chain	minimal master-action rule	B_lin h_0	4	2	retained by p_gf	exact
5	635	minimal	trace-free metric fluctuation	h_0_(13)[P1^4*P2]	635	0	0	0	5	(1,1) tensor Sym^5(1/2,1/2)	0	5	proven minimal raw chain	minimal master-action rule	B_lin h_0	2	1	retained by p_gf	exact
5	636	minimal	trace-free metric fluctuation	h_0_(13)[P1^5]	636	0	0	0	5	(1,1) tensor Sym^5(1/2,1/2)	0	5	proven minimal raw chain	minimal master-action rule	B_lin h_0	1	1	retained by p_gf	exact
5	637	minimal	trace-free metric fluctuation	h_0_(13)[P0*P3^4]	637	0	0	0	5	(1,1) tensor Sym^5(1/2,1/2)	0	5	proven minimal raw chain	minimal master-action rule	B_lin h_0	2	1	retained by p_gf	exact
5	638	minimal	trace-free metric fluctuation	h_0_(13)[P0*P2*P3^3]	638	0	0	0	5	(1,1) tensor Sym^5(1/2,1/2)	0	5	proven minimal raw chain	minimal master-action rule	B_lin h_0	3	1	retained by p_gf	exact
5	639	minimal	trace-free metric fluctuation	h_0_(13)[P0*P2^2*P3^2]	639	0	0	0	5	(1,1) tensor Sym^5(1/2,1/2)	0	5	proven minimal raw chain	minimal master-action rule	B_lin h_0	3	1	retained by p_gf	exact
5	640	minimal	trace-free metric fluctuation	h_0_(13)[P0*P2^3*P3]	640	0	0	0	5	(1,1) tensor Sym^5(1/2,1/2)	0	5	proven minimal raw chain	minimal master-action rule	B_lin h_0	3	1	retained by p_gf	exact
5	641	minimal	trace-free metric fluctuation	h_0_(13)[P0*P2^4]	641	0	0	0	5	(1,1) tensor Sym^5(1/2,1/2)	0	5	proven minimal raw chain	minimal master-action rule	B_lin h_0	1	0	retained by p_gf	exact
5	642	minimal	trace-free metric fluctuation	h_0_(13)[P0*P1*P3^3]	642	0	0	0	5	(1,1) tensor Sym^5(1/2,1/2)	0	5	proven minimal raw chain	minimal master-action rule	B_lin h_0	7	2	retained by p_gf	exact
5	643	minimal	trace-free metric fluctuation	h_0_(13)[P0*P1*P2*P3^2]	643	0	0	0	5	(1,1) tensor Sym^5(1/2,1/2)	0	5	proven minimal raw chain	minimal master-action rule	B_lin h_0	5	2	retained by p_gf	exact
5	644	minimal	trace-free metric fluctuation	h_0_(13)[P0*P1*P2^2*P3]	644	0	0	0	5	(1,1) tensor Sym^5(1/2,1/2)	0	5	proven minimal raw chain	minimal master-action rule	B_lin h_0	8	2	retained by p_gf	exact
5	645	minimal	trace-free metric fluctuation	h_0_(13)[P0*P1*P2^3]	645	0	0	0	5	(1,1) tensor Sym^5(1/2,1/2)	0	5	proven minimal raw chain	minimal master-action rule	B_lin h_0	3	1	retained by p_gf	exact
5	646	minimal	trace-free metric fluctuation	h_0_(13)[P0*P1^2*P3^2]	646	0	0	0	5	(1,1) tensor Sym^5(1/2,1/2)	0	5	proven minimal raw chain	minimal master-action rule	B_lin h_0	5	2	retained by p_gf	exact
5	647	minimal	trace-free metric fluctuation	h_0_(13)[P0*P1^2*P2*P3]	647	0	0	0	5	(1,1) tensor Sym^5(1/2,1/2)	0	5	proven minimal raw chain	minimal master-action rule	B_lin h_0	5	2	retained by p_gf	exact
5	648	minimal	trace-free metric fluctuation	h_0_(13)[P0*P1^2*P2^2]	648	0	0	0	5	(1,1) tensor Sym^5(1/2,1/2)	0	5	proven minimal raw chain	minimal master-action rule	B_lin h_0	3	1	retained by p_gf	exact
5	649	minimal	trace-free metric fluctuation	h_0_(13)[P0*P1^3*P3]	649	0	0	0	5	(1,1) tensor Sym^5(1/2,1/2)	0	5	proven minimal raw chain	minimal master-action rule	B_lin h_0	6	2	retained by p_gf	exact
5	650	minimal	trace-free metric fluctuation	h_0_(13)[P0*P1^3*P2]	650	0	0	0	5	(1,1) tensor Sym^5(1/2,1/2)	0	5	proven minimal raw chain	minimal master-action rule	B_lin h_0	3	1	retained by p_gf	exact
5	651	minimal	trace-free metric fluctuation	h_0_(13)[P0*P1^4]	651	0	0	0	5	(1,1) tensor Sym^5(1/2,1/2)	0	5	proven minimal raw chain	minimal master-action rule	B_lin h_0	2	1	retained by p_gf	exact
5	652	minimal	trace-free metric fluctuation	h_0_(13)[P0^2*P3^3]	652	0	0	0	5	(1,1) tensor Sym^5(1/2,1/2)	0	5	proven minimal raw chain	minimal master-action rule	B_lin h_0	3	1	retained by p_gf	exact
5	653	minimal	trace-free metric fluctuation	h_0_(13)[P0^2*P2*P3^2]	653	0	0	0	5	(1,1) tensor Sym^5(1/2,1/2)	0	5	proven minimal raw chain	minimal master-action rule	B_lin h_0	3	1	retained by p_gf	exact
5	654	minimal	trace-free metric fluctuation	h_0_(13)[P0^2*P2^2*P3]	654	0	0	0	5	(1,1) tensor Sym^5(1/2,1/2)	0	5	proven minimal raw chain	minimal master-action rule	B_lin h_0	4	1	retained by p_gf	exact
5	655	minimal	trace-free metric fluctuation	h_0_(13)[P0^2*P2^3]	655	0	0	0	5	(1,1) tensor Sym^5(1/2,1/2)	0	5	proven minimal raw chain	minimal master-action rule	B_lin h_0	1	0	retained by p_gf	exact
5	656	minimal	trace-free metric fluctuation	h_0_(13)[P0^2*P1*P3^2]	656	0	0	0	5	(1,1) tensor Sym^5(1/2,1/2)	0	5	proven minimal raw chain	minimal master-action rule	B_lin h_0	7	2	retained by p_gf	exact
5	657	minimal	trace-free metric fluctuation	h_0_(13)[P0^2*P1*P2*P3]	657	0	0	0	5	(1,1) tensor Sym^5(1/2,1/2)	0	5	proven minimal raw chain	minimal master-action rule	B_lin h_0	8	2	retained by p_gf	exact
5	658	minimal	trace-free metric fluctuation	h_0_(13)[P0^2*P1*P2^2]	658	0	0	0	5	(1,1) tensor Sym^5(1/2,1/2)	0	5	proven minimal raw chain	minimal master-action rule	B_lin h_0	4	1	retained by p_gf	exact
5	659	minimal	trace-free metric fluctuation	h_0_(13)[P0^2*P1^2*P3]	659	0	0	0	5	(1,1) tensor Sym^5(1/2,1/2)	0	5	proven minimal raw chain	minimal master-action rule	B_lin h_0	7	2	retained by p_gf	exact
5	660	minimal	trace-free metric fluctuation	h_0_(13)[P0^2*P1^2*P2]	660	0	0	0	5	(1,1) tensor Sym^5(1/2,1/2)	0	5	proven minimal raw chain	minimal master-action rule	B_lin h_0	3	1	retained by p_gf	exact
5	661	minimal	trace-free metric fluctuation	h_0_(13)[P0^2*P1^3]	661	0	0	0	5	(1,1) tensor Sym^5(1/2,1/2)	0	5	proven minimal raw chain	minimal master-action rule	B_lin h_0	3	1	retained by p_gf	exact
5	662	minimal	trace-free metric fluctuation	h_0_(13)[P0^3*P3^2]	662	0	0	0	5	(1,1) tensor Sym^5(1/2,1/2)	0	5	proven minimal raw chain	minimal master-action rule	B_lin h_0	3	1	retained by p_gf	exact
5	663	minimal	trace-free metric fluctuation	h_0_(13)[P0^3*P2*P3]	663	0	0	0	5	(1,1) tensor Sym^5(1/2,1/2)	0	5	proven minimal raw chain	minimal master-action rule	B_lin h_0	3	1	retained by p_gf	exact
5	664	minimal	trace-free metric fluctuation	h_0_(13)[P0^3*P2^2]	664	0	0	0	5	(1,1) tensor Sym^5(1/2,1/2)	0	5	proven minimal raw chain	minimal master-action rule	B_lin h_0	1	0	retained by p_gf	exact
5	665	minimal	trace-free metric fluctuation	h_0_(13)[P0^3*P1*P3]	665	0	0	0	5	(1,1) tensor Sym^5(1/2,1/2)	0	5	proven minimal raw chain	minimal master-action rule	B_lin h_0	7	2	retained by p_gf	exact
5	666	minimal	trace-free metric fluctuation	h_0_(13)[P0^3*P1*P2]	666	0	0	0	5	(1,1) tensor Sym^5(1/2,1/2)	0	5	proven minimal raw chain	minimal master-action rule	B_lin h_0	3	1	retained by p_gf	exact
5	667	minimal	trace-free metric fluctuation	h_0_(13)[P0^3*P1^2]	667	0	0	0	5	(1,1) tensor Sym^5(1/2,1/2)	0	5	proven minimal raw chain	minimal master-action rule	B_lin h_0	3	1	retained by p_gf	exact
5	668	minimal	trace-free metric fluctuation	h_0_(13)[P0^4*P3]	668	0	0	0	5	(1,1) tensor Sym^5(1/2,1/2)	0	5	proven minimal raw chain	minimal master-action rule	B_lin h_0	3	1	retained by p_gf	exact
5	669	minimal	trace-free metric fluctuation	h_0_(13)[P0^4*P2]	669	0	0	0	5	(1,1) tensor Sym^5(1/2,1/2)	0	5	proven minimal raw chain	minimal master-action rule	B_lin h_0	1	0	retained by p_gf	exact
5	670	minimal	trace-free metric fluctuation	h_0_(13)[P0^4*P1]	670	0	0	0	5	(1,1) tensor Sym^5(1/2,1/2)	0	5	proven minimal raw chain	minimal master-action rule	B_lin h_0	3	1	retained by p_gf	exact
5	671	minimal	trace-free metric fluctuation	h_0_(13)[P0^5]	671	0	0	0	5	(1,1) tensor Sym^5(1/2,1/2)	0	5	proven minimal raw chain	minimal master-action rule	B_lin h_0	1	0	retained by p_gf	exact
5	672	minimal	trace-free metric fluctuation	h_0_(23)[P3^5]	672	0	0	0	5	(1,1) tensor Sym^5(1/2,1/2)	0	5	proven minimal raw chain	minimal master-action rule	B_lin h_0	1	1	retained by p_gf	exact
5	673	minimal	trace-free metric fluctuation	h_0_(23)[P2*P3^4]	673	0	0	0	5	(1,1) tensor Sym^5(1/2,1/2)	0	5	proven minimal raw chain	minimal master-action rule	B_lin h_0	5	2	retained by p_gf	exact
5	674	minimal	trace-free metric fluctuation	h_0_(23)[P2^2*P3^3]	674	0	0	0	5	(1,1) tensor Sym^5(1/2,1/2)	0	5	proven minimal raw chain	minimal master-action rule	B_lin h_0	6	2	retained by p_gf	exact
5	675	minimal	trace-free metric fluctuation	h_0_(23)[P2^3*P3^2]	675	0	0	0	5	(1,1) tensor Sym^5(1/2,1/2)	0	5	proven minimal raw chain	minimal master-action rule	B_lin h_0	5	2	retained by p_gf	exact
5	676	minimal	trace-free metric fluctuation	h_0_(23)[P2^4*P3]	676	0	0	0	5	(1,1) tensor Sym^5(1/2,1/2)	0	5	proven minimal raw chain	minimal master-action rule	B_lin h_0	4	2	retained by p_gf	exact
5	677	minimal	trace-free metric fluctuation	h_0_(23)[P2^5]	677	0	0	0	5	(1,1) tensor Sym^5(1/2,1/2)	0	5	proven minimal raw chain	minimal master-action rule	B_lin h_0	1	1	retained by p_gf	exact
5	678	minimal	trace-free metric fluctuation	h_0_(23)[P1*P3^4]	678	0	0	0	5	(1,1) tensor Sym^5(1/2,1/2)	0	5	proven minimal raw chain	minimal master-action rule	B_lin h_0	2	1	retained by p_gf	exact
5	679	minimal	trace-free metric fluctuation	h_0_(23)[P1*P2*P3^3]	679	0	0	0	5	(1,1) tensor Sym^5(1/2,1/2)	0	5	proven minimal raw chain	minimal master-action rule	B_lin h_0	7	2	retained by p_gf	exact
5	680	minimal	trace-free metric fluctuation	h_0_(23)[P1*P2^2*P3^2]	680	0	0	0	5	(1,1) tensor Sym^5(1/2,1/2)	0	5	proven minimal raw chain	minimal master-action rule	B_lin h_0	5	2	retained by p_gf	exact
5	681	minimal	trace-free metric fluctuation	h_0_(23)[P1*P2^3*P3]	681	0	0	0	5	(1,1) tensor Sym^5(1/2,1/2)	0	5	proven minimal raw chain	minimal master-action rule	B_lin h_0	6	2	retained by p_gf	exact
5	682	minimal	trace-free metric fluctuation	h_0_(23)[P1*P2^4]	682	0	0	0	5	(1,1) tensor Sym^5(1/2,1/2)	0	5	proven minimal raw chain	minimal master-action rule	B_lin h_0	2	1	retained by p_gf	exact
5	683	minimal	trace-free metric fluctuation	h_0_(23)[P1^2*P3^3]	683	0	0	0	5	(1,1) tensor Sym^5(1/2,1/2)	0	5	proven minimal raw chain	minimal master-action rule	B_lin h_0	3	1	retained by p_gf	exact
5	684	minimal	trace-free metric fluctuation	h_0_(23)[P1^2*P2*P3^2]	684	0	0	0	5	(1,1) tensor Sym^5(1/2,1/2)	0	5	proven minimal raw chain	minimal master-action rule	B_lin h_0	7	2	retained by p_gf	exact
5	685	minimal	trace-free metric fluctuation	h_0_(23)[P1^2*P2^2*P3]	685	0	0	0	5	(1,1) tensor Sym^5(1/2,1/2)	0	5	proven minimal raw chain	minimal master-action rule	B_lin h_0	7	2	retained by p_gf	exact
5	686	minimal	trace-free metric fluctuation	h_0_(23)[P1^2*P2^3]	686	0	0	0	5	(1,1) tensor Sym^5(1/2,1/2)	0	5	proven minimal raw chain	minimal master-action rule	B_lin h_0	3	1	retained by p_gf	exact
5	687	minimal	trace-free metric fluctuation	h_0_(23)[P1^3*P3^2]	687	0	0	0	5	(1,1) tensor Sym^5(1/2,1/2)	0	5	proven minimal raw chain	minimal master-action rule	B_lin h_0	3	1	retained by p_gf	exact
5	688	minimal	trace-free metric fluctuation	h_0_(23)[P1^3*P2*P3]	688	0	0	0	5	(1,1) tensor Sym^5(1/2,1/2)	0	5	proven minimal raw chain	minimal master-action rule	B_lin h_0	7	2	retained by p_gf	exact
5	689	minimal	trace-free metric fluctuation	h_0_(23)[P1^3*P2^2]	689	0	0	0	5	(1,1) tensor Sym^5(1/2,1/2)	0	5	proven minimal raw chain	minimal master-action rule	B_lin h_0	3	1	retained by p_gf	exact
5	690	minimal	trace-free metric fluctuation	h_0_(23)[P1^4*P3]	690	0	0	0	5	(1,1) tensor Sym^5(1/2,1/2)	0	5	proven minimal raw chain	minimal master-action rule	B_lin h_0	3	1	retained by p_gf	exact
5	691	minimal	trace-free metric fluctuation	h_0_(23)[P1^4*P2]	691	0	0	0	5	(1,1) tensor Sym^5(1/2,1/2)	0	5	proven minimal raw chain	minimal master-action rule	B_lin h_0	3	1	retained by p_gf	exact
5	692	minimal	trace-free metric fluctuation	h_0_(23)[P1^5]	692	0	0	0	5	(1,1) tensor Sym^5(1/2,1/2)	0	5	proven minimal raw chain	minimal master-action rule	B_lin h_0	1	0	retained by p_gf	exact
5	693	minimal	trace-free metric fluctuation	h_0_(23)[P0*P3^4]	693	0	0	0	5	(1,1) tensor Sym^5(1/2,1/2)	0	5	proven minimal raw chain	minimal master-action rule	B_lin h_0	2	1	retained by p_gf	exact
5	694	minimal	trace-free metric fluctuation	h_0_(23)[P0*P2*P3^3]	694	0	0	0	5	(1,1) tensor Sym^5(1/2,1/2)	0	5	proven minimal raw chain	minimal master-action rule	B_lin h_0	7	2	retained by p_gf	exact
5	695	minimal	trace-free metric fluctuation	h_0_(23)[P0*P2^2*P3^2]	695	0	0	0	5	(1,1) tensor Sym^5(1/2,1/2)	0	5	proven minimal raw chain	minimal master-action rule	B_lin h_0	5	2	retained by p_gf	exact
5	696	minimal	trace-free metric fluctuation	h_0_(23)[P0*P2^3*P3]	696	0	0	0	5	(1,1) tensor Sym^5(1/2,1/2)	0	5	proven minimal raw chain	minimal master-action rule	B_lin h_0	6	2	retained by p_gf	exact
5	697	minimal	trace-free metric fluctuation	h_0_(23)[P0*P2^4]	697	0	0	0	5	(1,1) tensor Sym^5(1/2,1/2)	0	5	proven minimal raw chain	minimal master-action rule	B_lin h_0	2	1	retained by p_gf	exact
5	698	minimal	trace-free metric fluctuation	h_0_(23)[P0*P1*P3^3]	698	0	0	0	5	(1,1) tensor Sym^5(1/2,1/2)	0	5	proven minimal raw chain	minimal master-action rule	B_lin h_0	3	1	retained by p_gf	exact
5	699	minimal	trace-free metric fluctuation	h_0_(23)[P0*P1*P2*P3^2]	699	0	0	0	5	(1,1) tensor Sym^5(1/2,1/2)	0	5	proven minimal raw chain	minimal master-action rule	B_lin h_0	5	2	retained by p_gf	exact
5	700	minimal	trace-free metric fluctuation	h_0_(23)[P0*P1*P2^2*P3]	700	0	0	0	5	(1,1) tensor Sym^5(1/2,1/2)	0	5	proven minimal raw chain	minimal master-action rule	B_lin h_0	5	2	retained by p_gf	exact
5	701	minimal	trace-free metric fluctuation	h_0_(23)[P0*P1*P2^3]	701	0	0	0	5	(1,1) tensor Sym^5(1/2,1/2)	0	5	proven minimal raw chain	minimal master-action rule	B_lin h_0	3	1	retained by p_gf	exact
5	702	minimal	trace-free metric fluctuation	h_0_(23)[P0*P1^2*P3^2]	702	0	0	0	5	(1,1) tensor Sym^5(1/2,1/2)	0	5	proven minimal raw chain	minimal master-action rule	B_lin h_0	3	1	retained by p_gf	exact
5	703	minimal	trace-free metric fluctuation	h_0_(23)[P0*P1^2*P2*P3]	703	0	0	0	5	(1,1) tensor Sym^5(1/2,1/2)	0	5	proven minimal raw chain	minimal master-action rule	B_lin h_0	8	2	retained by p_gf	exact
5	704	minimal	trace-free metric fluctuation	h_0_(23)[P0*P1^2*P2^2]	704	0	0	0	5	(1,1) tensor Sym^5(1/2,1/2)	0	5	proven minimal raw chain	minimal master-action rule	B_lin h_0	3	1	retained by p_gf	exact
5	705	minimal	trace-free metric fluctuation	h_0_(23)[P0*P1^3*P3]	705	0	0	0	5	(1,1) tensor Sym^5(1/2,1/2)	0	5	proven minimal raw chain	minimal master-action rule	B_lin h_0	3	1	retained by p_gf	exact
5	706	minimal	trace-free metric fluctuation	h_0_(23)[P0*P1^3*P2]	706	0	0	0	5	(1,1) tensor Sym^5(1/2,1/2)	0	5	proven minimal raw chain	minimal master-action rule	B_lin h_0	3	1	retained by p_gf	exact
5	707	minimal	trace-free metric fluctuation	h_0_(23)[P0*P1^4]	707	0	0	0	5	(1,1) tensor Sym^5(1/2,1/2)	0	5	proven minimal raw chain	minimal master-action rule	B_lin h_0	1	0	retained by p_gf	exact
5	708	minimal	trace-free metric fluctuation	h_0_(23)[P0^2*P3^3]	708	0	0	0	5	(1,1) tensor Sym^5(1/2,1/2)	0	5	proven minimal raw chain	minimal master-action rule	B_lin h_0	3	1	retained by p_gf	exact
5	709	minimal	trace-free metric fluctuation	h_0_(23)[P0^2*P2*P3^2]	709	0	0	0	5	(1,1) tensor Sym^5(1/2,1/2)	0	5	proven minimal raw chain	minimal master-action rule	B_lin h_0	7	2	retained by p_gf	exact
5	710	minimal	trace-free metric fluctuation	h_0_(23)[P0^2*P2^2*P3]	710	0	0	0	5	(1,1) tensor Sym^5(1/2,1/2)	0	5	proven minimal raw chain	minimal master-action rule	B_lin h_0	7	2	retained by p_gf	exact
5	711	minimal	trace-free metric fluctuation	h_0_(23)[P0^2*P2^3]	711	0	0	0	5	(1,1) tensor Sym^5(1/2,1/2)	0	5	proven minimal raw chain	minimal master-action rule	B_lin h_0	3	1	retained by p_gf	exact
5	712	minimal	trace-free metric fluctuation	h_0_(23)[P0^2*P1*P3^2]	712	0	0	0	5	(1,1) tensor Sym^5(1/2,1/2)	0	5	proven minimal raw chain	minimal master-action rule	B_lin h_0	3	1	retained by p_gf	exact
5	713	minimal	trace-free metric fluctuation	h_0_(23)[P0^2*P1*P2*P3]	713	0	0	0	5	(1,1) tensor Sym^5(1/2,1/2)	0	5	proven minimal raw chain	minimal master-action rule	B_lin h_0	8	2	retained by p_gf	exact
5	714	minimal	trace-free metric fluctuation	h_0_(23)[P0^2*P1*P2^2]	714	0	0	0	5	(1,1) tensor Sym^5(1/2,1/2)	0	5	proven minimal raw chain	minimal master-action rule	B_lin h_0	3	1	retained by p_gf	exact
5	715	minimal	trace-free metric fluctuation	h_0_(23)[P0^2*P1^2*P3]	715	0	0	0	5	(1,1) tensor Sym^5(1/2,1/2)	0	5	proven minimal raw chain	minimal master-action rule	B_lin h_0	4	1	retained by p_gf	exact
5	716	minimal	trace-free metric fluctuation	h_0_(23)[P0^2*P1^2*P2]	716	0	0	0	5	(1,1) tensor Sym^5(1/2,1/2)	0	5	proven minimal raw chain	minimal master-action rule	B_lin h_0	4	1	retained by p_gf	exact
5	717	minimal	trace-free metric fluctuation	h_0_(23)[P0^2*P1^3]	717	0	0	0	5	(1,1) tensor Sym^5(1/2,1/2)	0	5	proven minimal raw chain	minimal master-action rule	B_lin h_0	1	0	retained by p_gf	exact
5	718	minimal	trace-free metric fluctuation	h_0_(23)[P0^3*P3^2]	718	0	0	0	5	(1,1) tensor Sym^5(1/2,1/2)	0	5	proven minimal raw chain	minimal master-action rule	B_lin h_0	3	1	retained by p_gf	exact
5	719	minimal	trace-free metric fluctuation	h_0_(23)[P0^3*P2*P3]	719	0	0	0	5	(1,1) tensor Sym^5(1/2,1/2)	0	5	proven minimal raw chain	minimal master-action rule	B_lin h_0	7	2	retained by p_gf	exact
5	720	minimal	trace-free metric fluctuation	h_0_(23)[P0^3*P2^2]	720	0	0	0	5	(1,1) tensor Sym^5(1/2,1/2)	0	5	proven minimal raw chain	minimal master-action rule	B_lin h_0	3	1	retained by p_gf	exact
5	721	minimal	trace-free metric fluctuation	h_0_(23)[P0^3*P1*P3]	721	0	0	0	5	(1,1) tensor Sym^5(1/2,1/2)	0	5	proven minimal raw chain	minimal master-action rule	B_lin h_0	3	1	retained by p_gf	exact
5	722	minimal	trace-free metric fluctuation	h_0_(23)[P0^3*P1*P2]	722	0	0	0	5	(1,1) tensor Sym^5(1/2,1/2)	0	5	proven minimal raw chain	minimal master-action rule	B_lin h_0	3	1	retained by p_gf	exact
5	723	minimal	trace-free metric fluctuation	h_0_(23)[P0^3*P1^2]	723	0	0	0	5	(1,1) tensor Sym^5(1/2,1/2)	0	5	proven minimal raw chain	minimal master-action rule	B_lin h_0	1	0	retained by p_gf	exact
5	724	minimal	trace-free metric fluctuation	h_0_(23)[P0^4*P3]	724	0	0	0	5	(1,1) tensor Sym^5(1/2,1/2)	0	5	proven minimal raw chain	minimal master-action rule	B_lin h_0	3	1	retained by p_gf	exact
5	725	minimal	trace-free metric fluctuation	h_0_(23)[P0^4*P2]	725	0	0	0	5	(1,1) tensor Sym^5(1/2,1/2)	0	5	proven minimal raw chain	minimal master-action rule	B_lin h_0	3	1	retained by p_gf	exact
5	726	minimal	trace-free metric fluctuation	h_0_(23)[P0^4*P1]	726	0	0	0	5	(1,1) tensor Sym^5(1/2,1/2)	0	5	proven minimal raw chain	minimal master-action rule	B_lin h_0	1	0	retained by p_gf	exact
5	727	minimal	trace-free metric fluctuation	h_0_(23)[P0^5]	727	0	0	0	5	(1,1) tensor Sym^5(1/2,1/2)	0	5	proven minimal raw chain	minimal master-action rule	B_lin h_0	1	0	retained by p_gf	exact
5	728	minimal	trace-free metric fluctuation	h_0_(00)-(33)[P3^5]	728	0	0	0	5	(1,1) tensor Sym^5(1/2,1/2)	0	5	proven minimal raw chain	minimal master-action rule	B_lin h_0	4	1	retained by p_gf	exact
5	729	minimal	trace-free metric fluctuation	h_0_(00)-(33)[P2*P3^4]	729	0	0	0	5	(1,1) tensor Sym^5(1/2,1/2)	0	5	proven minimal raw chain	minimal master-action rule	B_lin h_0	5	1	retained by p_gf	exact
5	730	minimal	trace-free metric fluctuation	h_0_(00)-(33)[P2^2*P3^3]	730	0	0	0	5	(1,1) tensor Sym^5(1/2,1/2)	0	5	proven minimal raw chain	minimal master-action rule	B_lin h_0	5	1	retained by p_gf	exact
5	731	minimal	trace-free metric fluctuation	h_0_(00)-(33)[P2^3*P3^2]	731	0	0	0	5	(1,1) tensor Sym^5(1/2,1/2)	0	5	proven minimal raw chain	minimal master-action rule	B_lin h_0	5	1	retained by p_gf	exact
5	732	minimal	trace-free metric fluctuation	h_0_(00)-(33)[P2^4*P3]	732	0	0	0	5	(1,1) tensor Sym^5(1/2,1/2)	0	5	proven minimal raw chain	minimal master-action rule	B_lin h_0	3	1	retained by p_gf	exact
5	733	minimal	trace-free metric fluctuation	h_0_(00)-(33)[P2^5]	733	0	0	0	5	(1,1) tensor Sym^5(1/2,1/2)	0	5	proven minimal raw chain	minimal master-action rule	B_lin h_0	1	0	retained by p_gf	exact
5	734	minimal	trace-free metric fluctuation	h_0_(00)-(33)[P1*P3^4]	734	0	0	0	5	(1,1) tensor Sym^5(1/2,1/2)	0	5	proven minimal raw chain	minimal master-action rule	B_lin h_0	5	1	retained by p_gf	exact
5	735	minimal	trace-free metric fluctuation	h_0_(00)-(33)[P1*P2*P3^3]	735	0	0	0	5	(1,1) tensor Sym^5(1/2,1/2)	0	5	proven minimal raw chain	minimal master-action rule	B_lin h_0	4	1	retained by p_gf	exact
5	736	minimal	trace-free metric fluctuation	h_0_(00)-(33)[P1*P2^2*P3^2]	736	0	0	0	5	(1,1) tensor Sym^5(1/2,1/2)	0	5	proven minimal raw chain	minimal master-action rule	B_lin h_0	6	1	retained by p_gf	exact
5	737	minimal	trace-free metric fluctuation	h_0_(00)-(33)[P1*P2^3*P3]	737	0	0	0	5	(1,1) tensor Sym^5(1/2,1/2)	0	5	proven minimal raw chain	minimal master-action rule	B_lin h_0	3	1	retained by p_gf	exact
5	738	minimal	trace-free metric fluctuation	h_0_(00)-(33)[P1*P2^4]	738	0	0	0	5	(1,1) tensor Sym^5(1/2,1/2)	0	5	proven minimal raw chain	minimal master-action rule	B_lin h_0	1	0	retained by p_gf	exact
5	739	minimal	trace-free metric fluctuation	h_0_(00)-(33)[P1^2*P3^3]	739	0	0	0	5	(1,1) tensor Sym^5(1/2,1/2)	0	5	proven minimal raw chain	minimal master-action rule	B_lin h_0	5	1	retained by p_gf	exact
5	740	minimal	trace-free metric fluctuation	h_0_(00)-(33)[P1^2*P2*P3^2]	740	0	0	0	5	(1,1) tensor Sym^5(1/2,1/2)	0	5	proven minimal raw chain	minimal master-action rule	B_lin h_0	6	1	retained by p_gf	exact
5	741	minimal	trace-free metric fluctuation	h_0_(00)-(33)[P1^2*P2^2*P3]	741	0	0	0	5	(1,1) tensor Sym^5(1/2,1/2)	0	5	proven minimal raw chain	minimal master-action rule	B_lin h_0	4	1	retained by p_gf	exact
5	742	minimal	trace-free metric fluctuation	h_0_(00)-(33)[P1^2*P2^3]	742	0	0	0	5	(1,1) tensor Sym^5(1/2,1/2)	0	5	proven minimal raw chain	minimal master-action rule	B_lin h_0	1	0	retained by p_gf	exact
5	743	minimal	trace-free metric fluctuation	h_0_(00)-(33)[P1^3*P3^2]	743	0	0	0	5	(1,1) tensor Sym^5(1/2,1/2)	0	5	proven minimal raw chain	minimal master-action rule	B_lin h_0	5	1	retained by p_gf	exact
5	744	minimal	trace-free metric fluctuation	h_0_(00)-(33)[P1^3*P2*P3]	744	0	0	0	5	(1,1) tensor Sym^5(1/2,1/2)	0	5	proven minimal raw chain	minimal master-action rule	B_lin h_0	3	1	retained by p_gf	exact
5	745	minimal	trace-free metric fluctuation	h_0_(00)-(33)[P1^3*P2^2]	745	0	0	0	5	(1,1) tensor Sym^5(1/2,1/2)	0	5	proven minimal raw chain	minimal master-action rule	B_lin h_0	1	0	retained by p_gf	exact
5	746	minimal	trace-free metric fluctuation	h_0_(00)-(33)[P1^4*P3]	746	0	0	0	5	(1,1) tensor Sym^5(1/2,1/2)	0	5	proven minimal raw chain	minimal master-action rule	B_lin h_0	3	1	retained by p_gf	exact
5	747	minimal	trace-free metric fluctuation	h_0_(00)-(33)[P1^4*P2]	747	0	0	0	5	(1,1) tensor Sym^5(1/2,1/2)	0	5	proven minimal raw chain	minimal master-action rule	B_lin h_0	1	0	retained by p_gf	exact
5	748	minimal	trace-free metric fluctuation	h_0_(00)-(33)[P1^5]	748	0	0	0	5	(1,1) tensor Sym^5(1/2,1/2)	0	5	proven minimal raw chain	minimal master-action rule	B_lin h_0	1	0	retained by p_gf	exact
5	749	minimal	trace-free metric fluctuation	h_0_(00)-(33)[P0*P3^4]	749	0	0	0	5	(1,1) tensor Sym^5(1/2,1/2)	0	5	proven minimal raw chain	minimal master-action rule	B_lin h_0	6	2	retained by p_gf	exact
5	750	minimal	trace-free metric fluctuation	h_0_(00)-(33)[P0*P2*P3^3]	750	0	0	0	5	(1,1) tensor Sym^5(1/2,1/2)	0	5	proven minimal raw chain	minimal master-action rule	B_lin h_0	5	2	retained by p_gf	exact
5	751	minimal	trace-free metric fluctuation	h_0_(00)-(33)[P0*P2^2*P3^2]	751	0	0	0	5	(1,1) tensor Sym^5(1/2,1/2)	0	5	proven minimal raw chain	minimal master-action rule	B_lin h_0	6	2	retained by p_gf	exact
5	752	minimal	trace-free metric fluctuation	h_0_(00)-(33)[P0*P2^3*P3]	752	0	0	0	5	(1,1) tensor Sym^5(1/2,1/2)	0	5	proven minimal raw chain	minimal master-action rule	B_lin h_0	4	2	retained by p_gf	exact
5	753	minimal	trace-free metric fluctuation	h_0_(00)-(33)[P0*P2^4]	753	0	0	0	5	(1,1) tensor Sym^5(1/2,1/2)	0	5	proven minimal raw chain	minimal master-action rule	B_lin h_0	3	1	retained by p_gf	exact
5	754	minimal	trace-free metric fluctuation	h_0_(00)-(33)[P0*P1*P3^3]	754	0	0	0	5	(1,1) tensor Sym^5(1/2,1/2)	0	5	proven minimal raw chain	minimal master-action rule	B_lin h_0	5	2	retained by p_gf	exact
5	755	minimal	trace-free metric fluctuation	h_0_(00)-(33)[P0*P1*P2*P3^2]	755	0	0	0	5	(1,1) tensor Sym^5(1/2,1/2)	0	5	proven minimal raw chain	minimal master-action rule	B_lin h_0	5	2	retained by p_gf	exact
5	756	minimal	trace-free metric fluctuation	h_0_(00)-(33)[P0*P1*P2^2*P3]	756	0	0	0	5	(1,1) tensor Sym^5(1/2,1/2)	0	5	proven minimal raw chain	minimal master-action rule	B_lin h_0	4	2	retained by p_gf	exact
5	757	minimal	trace-free metric fluctuation	h_0_(00)-(33)[P0*P1*P2^3]	757	0	0	0	5	(1,1) tensor Sym^5(1/2,1/2)	0	5	proven minimal raw chain	minimal master-action rule	B_lin h_0	3	1	retained by p_gf	exact
5	758	minimal	trace-free metric fluctuation	h_0_(00)-(33)[P0*P1^2*P3^2]	758	0	0	0	5	(1,1) tensor Sym^5(1/2,1/2)	0	5	proven minimal raw chain	minimal master-action rule	B_lin h_0	6	2	retained by p_gf	exact
5	759	minimal	trace-free metric fluctuation	h_0_(00)-(33)[P0*P1^2*P2*P3]	759	0	0	0	5	(1,1) tensor Sym^5(1/2,1/2)	0	5	proven minimal raw chain	minimal master-action rule	B_lin h_0	4	2	retained by p_gf	exact
5	760	minimal	trace-free metric fluctuation	h_0_(00)-(33)[P0*P1^2*P2^2]	760	0	0	0	5	(1,1) tensor Sym^5(1/2,1/2)	0	5	proven minimal raw chain	minimal master-action rule	B_lin h_0	4	1	retained by p_gf	exact
5	761	minimal	trace-free metric fluctuation	h_0_(00)-(33)[P0*P1^3*P3]	761	0	0	0	5	(1,1) tensor Sym^5(1/2,1/2)	0	5	proven minimal raw chain	minimal master-action rule	B_lin h_0	4	2	retained by p_gf	exact
5	762	minimal	trace-free metric fluctuation	h_0_(00)-(33)[P0*P1^3*P2]	762	0	0	0	5	(1,1) tensor Sym^5(1/2,1/2)	0	5	proven minimal raw chain	minimal master-action rule	B_lin h_0	3	1	retained by p_gf	exact
5	763	minimal	trace-free metric fluctuation	h_0_(00)-(33)[P0*P1^4]	763	0	0	0	5	(1,1) tensor Sym^5(1/2,1/2)	0	5	proven minimal raw chain	minimal master-action rule	B_lin h_0	3	1	retained by p_gf	exact
5	764	minimal	trace-free metric fluctuation	h_0_(00)-(33)[P0^2*P3^3]	764	0	0	0	5	(1,1) tensor Sym^5(1/2,1/2)	0	5	proven minimal raw chain	minimal master-action rule	B_lin h_0	4	2	retained by p_gf	exact
5	765	minimal	trace-free metric fluctuation	h_0_(00)-(33)[P0^2*P2*P3^2]	765	0	0	0	5	(1,1) tensor Sym^5(1/2,1/2)	0	5	proven minimal raw chain	minimal master-action rule	B_lin h_0	5	2	retained by p_gf	exact
5	766	minimal	trace-free metric fluctuation	h_0_(00)-(33)[P0^2*P2^2*P3]	766	0	0	0	5	(1,1) tensor Sym^5(1/2,1/2)	0	5	proven minimal raw chain	minimal master-action rule	B_lin h_0	6	2	retained by p_gf	exact
5	767	minimal	trace-free metric fluctuation	h_0_(00)-(33)[P0^2*P2^3]	767	0	0	0	5	(1,1) tensor Sym^5(1/2,1/2)	0	5	proven minimal raw chain	minimal master-action rule	B_lin h_0	5	1	retained by p_gf	exact
5	768	minimal	trace-free metric fluctuation	h_0_(00)-(33)[P0^2*P1*P3^2]	768	0	0	0	5	(1,1) tensor Sym^5(1/2,1/2)	0	5	proven minimal raw chain	minimal master-action rule	B_lin h_0	5	2	retained by p_gf	exact
5	769	minimal	trace-free metric fluctuation	h_0_(00)-(33)[P0^2*P1*P2*P3]	769	0	0	0	5	(1,1) tensor Sym^5(1/2,1/2)	0	5	proven minimal raw chain	minimal master-action rule	B_lin h_0	5	2	retained by p_gf	exact
5	770	minimal	trace-free metric fluctuation	h_0_(00)-(33)[P0^2*P1*P2^2]	770	0	0	0	5	(1,1) tensor Sym^5(1/2,1/2)	0	5	proven minimal raw chain	minimal master-action rule	B_lin h_0	6	1	retained by p_gf	exact
5	771	minimal	trace-free metric fluctuation	h_0_(00)-(33)[P0^2*P1^2*P3]	771	0	0	0	5	(1,1) tensor Sym^5(1/2,1/2)	0	5	proven minimal raw chain	minimal master-action rule	B_lin h_0	6	2	retained by p_gf	exact
5	772	minimal	trace-free metric fluctuation	h_0_(00)-(33)[P0^2*P1^2*P2]	772	0	0	0	5	(1,1) tensor Sym^5(1/2,1/2)	0	5	proven minimal raw chain	minimal master-action rule	B_lin h_0	6	1	retained by p_gf	exact
5	773	minimal	trace-free metric fluctuation	h_0_(00)-(33)[P0^2*P1^3]	773	0	0	0	5	(1,1) tensor Sym^5(1/2,1/2)	0	5	proven minimal raw chain	minimal master-action rule	B_lin h_0	5	1	retained by p_gf	exact
5	774	minimal	trace-free metric fluctuation	h_0_(00)-(33)[P0^3*P3^2]	774	0	0	0	5	(1,1) tensor Sym^5(1/2,1/2)	0	5	proven minimal raw chain	minimal master-action rule	B_lin h_0	4	2	retained by p_gf	exact
5	775	minimal	trace-free metric fluctuation	h_0_(00)-(33)[P0^3*P2*P3]	775	0	0	0	5	(1,1) tensor Sym^5(1/2,1/2)	0	5	proven minimal raw chain	minimal master-action rule	B_lin h_0	5	2	retained by p_gf	exact
5	776	minimal	trace-free metric fluctuation	h_0_(00)-(33)[P0^3*P2^2]	776	0	0	0	5	(1,1) tensor Sym^5(1/2,1/2)	0	5	proven minimal raw chain	minimal master-action rule	B_lin h_0	5	1	retained by p_gf	exact
5	777	minimal	trace-free metric fluctuation	h_0_(00)-(33)[P0^3*P1*P3]	777	0	0	0	5	(1,1) tensor Sym^5(1/2,1/2)	0	5	proven minimal raw chain	minimal master-action rule	B_lin h_0	5	2	retained by p_gf	exact
5	778	minimal	trace-free metric fluctuation	h_0_(00)-(33)[P0^3*P1*P2]	778	0	0	0	5	(1,1) tensor Sym^5(1/2,1/2)	0	5	proven minimal raw chain	minimal master-action rule	B_lin h_0	4	1	retained by p_gf	exact
5	779	minimal	trace-free metric fluctuation	h_0_(00)-(33)[P0^3*P1^2]	779	0	0	0	5	(1,1) tensor Sym^5(1/2,1/2)	0	5	proven minimal raw chain	minimal master-action rule	B_lin h_0	5	1	retained by p_gf	exact
5	780	minimal	trace-free metric fluctuation	h_0_(00)-(33)[P0^4*P3]	780	0	0	0	5	(1,1) tensor Sym^5(1/2,1/2)	0	5	proven minimal raw chain	minimal master-action rule	B_lin h_0	5	2	retained by p_gf	exact
5	781	minimal	trace-free metric fluctuation	h_0_(00)-(33)[P0^4*P2]	781	0	0	0	5	(1,1) tensor Sym^5(1/2,1/2)	0	5	proven minimal raw chain	minimal master-action rule	B_lin h_0	4	1	retained by p_gf	exact
5	782	minimal	trace-free metric fluctuation	h_0_(00)-(33)[P0^4*P1]	782	0	0	0	5	(1,1) tensor Sym^5(1/2,1/2)	0	5	proven minimal raw chain	minimal master-action rule	B_lin h_0	4	1	retained by p_gf	exact
5	783	minimal	trace-free metric fluctuation	h_0_(00)-(33)[P0^5]	783	0	0	0	5	(1,1) tensor Sym^5(1/2,1/2)	0	5	proven minimal raw chain	minimal master-action rule	B_lin h_0	3	1	retained by p_gf	exact
5	784	minimal	trace-free metric fluctuation	h_0_(11)-(33)[P3^5]	784	0	0	0	5	(1,1) tensor Sym^5(1/2,1/2)	0	5	proven minimal raw chain	minimal master-action rule	B_lin h_0	4	1	retained by p_gf	exact
5	785	minimal	trace-free metric fluctuation	h_0_(11)-(33)[P2*P3^4]	785	0	0	0	5	(1,1) tensor Sym^5(1/2,1/2)	0	5	proven minimal raw chain	minimal master-action rule	B_lin h_0	5	1	retained by p_gf	exact
5	786	minimal	trace-free metric fluctuation	h_0_(11)-(33)[P2^2*P3^3]	786	0	0	0	5	(1,1) tensor Sym^5(1/2,1/2)	0	5	proven minimal raw chain	minimal master-action rule	B_lin h_0	5	1	retained by p_gf	exact
5	787	minimal	trace-free metric fluctuation	h_0_(11)-(33)[P2^3*P3^2]	787	0	0	0	5	(1,1) tensor Sym^5(1/2,1/2)	0	5	proven minimal raw chain	minimal master-action rule	B_lin h_0	5	1	retained by p_gf	exact
5	788	minimal	trace-free metric fluctuation	h_0_(11)-(33)[P2^4*P3]	788	0	0	0	5	(1,1) tensor Sym^5(1/2,1/2)	0	5	proven minimal raw chain	minimal master-action rule	B_lin h_0	3	1	retained by p_gf	exact
5	789	minimal	trace-free metric fluctuation	h_0_(11)-(33)[P2^5]	789	0	0	0	5	(1,1) tensor Sym^5(1/2,1/2)	0	5	proven minimal raw chain	minimal master-action rule	B_lin h_0	1	0	retained by p_gf	exact
5	790	minimal	trace-free metric fluctuation	h_0_(11)-(33)[P1*P3^4]	790	0	0	0	5	(1,1) tensor Sym^5(1/2,1/2)	0	5	proven minimal raw chain	minimal master-action rule	B_lin h_0	6	2	retained by p_gf	exact
5	791	minimal	trace-free metric fluctuation	h_0_(11)-(33)[P1*P2*P3^3]	791	0	0	0	5	(1,1) tensor Sym^5(1/2,1/2)	0	5	proven minimal raw chain	minimal master-action rule	B_lin h_0	5	2	retained by p_gf	exact
5	792	minimal	trace-free metric fluctuation	h_0_(11)-(33)[P1*P2^2*P3^2]	792	0	0	0	5	(1,1) tensor Sym^5(1/2,1/2)	0	5	proven minimal raw chain	minimal master-action rule	B_lin h_0	6	2	retained by p_gf	exact
5	793	minimal	trace-free metric fluctuation	h_0_(11)-(33)[P1*P2^3*P3]	793	0	0	0	5	(1,1) tensor Sym^5(1/2,1/2)	0	5	proven minimal raw chain	minimal master-action rule	B_lin h_0	4	2	retained by p_gf	exact
5	794	minimal	trace-free metric fluctuation	h_0_(11)-(33)[P1*P2^4]	794	0	0	0	5	(1,1) tensor Sym^5(1/2,1/2)	0	5	proven minimal raw chain	minimal master-action rule	B_lin h_0	3	1	retained by p_gf	exact
5	795	minimal	trace-free metric fluctuation	h_0_(11)-(33)[P1^2*P3^3]	795	0	0	0	5	(1,1) tensor Sym^5(1/2,1/2)	0	5	proven minimal raw chain	minimal master-action rule	B_lin h_0	4	2	retained by p_gf	exact
5	796	minimal	trace-free metric fluctuation	h_0_(11)-(33)[P1^2*P2*P3^2]	796	0	0	0	5	(1,1) tensor Sym^5(1/2,1/2)	0	5	proven minimal raw chain	minimal master-action rule	B_lin h_0	5	2	retained by p_gf	exact
5	797	minimal	trace-free metric fluctuation	h_0_(11)-(33)[P1^2*P2^2*P3]	797	0	0	0	5	(1,1) tensor Sym^5(1/2,1/2)	0	5	proven minimal raw chain	minimal master-action rule	B_lin h_0	6	2	retained by p_gf	exact
5	798	minimal	trace-free metric fluctuation	h_0_(11)-(33)[P1^2*P2^3]	798	0	0	0	5	(1,1) tensor Sym^5(1/2,1/2)	0	5	proven minimal raw chain	minimal master-action rule	B_lin h_0	5	1	retained by p_gf	exact
5	799	minimal	trace-free metric fluctuation	h_0_(11)-(33)[P1^3*P3^2]	799	0	0	0	5	(1,1) tensor Sym^5(1/2,1/2)	0	5	proven minimal raw chain	minimal master-action rule	B_lin h_0	4	2	retained by p_gf	exact
5	800	minimal	trace-free metric fluctuation	h_0_(11)-(33)[P1^3*P2*P3]	800	0	0	0	5	(1,1) tensor Sym^5(1/2,1/2)	0	5	proven minimal raw chain	minimal master-action rule	B_lin h_0	5	2	retained by p_gf	exact
5	801	minimal	trace-free metric fluctuation	h_0_(11)-(33)[P1^3*P2^2]	801	0	0	0	5	(1,1) tensor Sym^5(1/2,1/2)	0	5	proven minimal raw chain	minimal master-action rule	B_lin h_0	5	1	retained by p_gf	exact
5	802	minimal	trace-free metric fluctuation	h_0_(11)-(33)[P1^4*P3]	802	0	0	0	5	(1,1) tensor Sym^5(1/2,1/2)	0	5	proven minimal raw chain	minimal master-action rule	B_lin h_0	5	2	retained by p_gf	exact
5	803	minimal	trace-free metric fluctuation	h_0_(11)-(33)[P1^4*P2]	803	0	0	0	5	(1,1) tensor Sym^5(1/2,1/2)	0	5	proven minimal raw chain	minimal master-action rule	B_lin h_0	4	1	retained by p_gf	exact
5	804	minimal	trace-free metric fluctuation	h_0_(11)-(33)[P1^5]	804	0	0	0	5	(1,1) tensor Sym^5(1/2,1/2)	0	5	proven minimal raw chain	minimal master-action rule	B_lin h_0	3	1	retained by p_gf	exact
5	805	minimal	trace-free metric fluctuation	h_0_(11)-(33)[P0*P3^4]	805	0	0	0	5	(1,1) tensor Sym^5(1/2,1/2)	0	5	proven minimal raw chain	minimal master-action rule	B_lin h_0	5	1	retained by p_gf	exact
5	806	minimal	trace-free metric fluctuation	h_0_(11)-(33)[P0*P2*P3^3]	806	0	0	0	5	(1,1) tensor Sym^5(1/2,1/2)	0	5	proven minimal raw chain	minimal master-action rule	B_lin h_0	4	1	retained by p_gf	exact
5	807	minimal	trace-free metric fluctuation	h_0_(11)-(33)[P0*P2^2*P3^2]	807	0	0	0	5	(1,1) tensor Sym^5(1/2,1/2)	0	5	proven minimal raw chain	minimal master-action rule	B_lin h_0	6	1	retained by p_gf	exact
5	808	minimal	trace-free metric fluctuation	h_0_(11)-(33)[P0*P2^3*P3]	808	0	0	0	5	(1,1) tensor Sym^5(1/2,1/2)	0	5	proven minimal raw chain	minimal master-action rule	B_lin h_0	3	1	retained by p_gf	exact
5	809	minimal	trace-free metric fluctuation	h_0_(11)-(33)[P0*P2^4]	809	0	0	0	5	(1,1) tensor Sym^5(1/2,1/2)	0	5	proven minimal raw chain	minimal master-action rule	B_lin h_0	1	0	retained by p_gf	exact
5	810	minimal	trace-free metric fluctuation	h_0_(11)-(33)[P0*P1*P3^3]	810	0	0	0	5	(1,1) tensor Sym^5(1/2,1/2)	0	5	proven minimal raw chain	minimal master-action rule	B_lin h_0	5	2	retained by p_gf	exact
5	811	minimal	trace-free metric fluctuation	h_0_(11)-(33)[P0*P1*P2*P3^2]	811	0	0	0	5	(1,1) tensor Sym^5(1/2,1/2)	0	5	proven minimal raw chain	minimal master-action rule	B_lin h_0	5	2	retained by p_gf	exact
5	812	minimal	trace-free metric fluctuation	h_0_(11)-(33)[P0*P1*P2^2*P3]	812	0	0	0	5	(1,1) tensor Sym^5(1/2,1/2)	0	5	proven minimal raw chain	minimal master-action rule	B_lin h_0	4	2	retained by p_gf	exact
5	813	minimal	trace-free metric fluctuation	h_0_(11)-(33)[P0*P1*P2^3]	813	0	0	0	5	(1,1) tensor Sym^5(1/2,1/2)	0	5	proven minimal raw chain	minimal master-action rule	B_lin h_0	3	1	retained by p_gf	exact
5	814	minimal	trace-free metric fluctuation	h_0_(11)-(33)[P0*P1^2*P3^2]	814	0	0	0	5	(1,1) tensor Sym^5(1/2,1/2)	0	5	proven minimal raw chain	minimal master-action rule	B_lin h_0	5	2	retained by p_gf	exact
5	815	minimal	trace-free metric fluctuation	h_0_(11)-(33)[P0*P1^2*P2*P3]	815	0	0	0	5	(1,1) tensor Sym^5(1/2,1/2)	0	5	proven minimal raw chain	minimal master-action rule	B_lin h_0	5	2	retained by p_gf	exact
5	816	minimal	trace-free metric fluctuation	h_0_(11)-(33)[P0*P1^2*P2^2]	816	0	0	0	5	(1,1) tensor Sym^5(1/2,1/2)	0	5	proven minimal raw chain	minimal master-action rule	B_lin h_0	6	1	retained by p_gf	exact
5	817	minimal	trace-free metric fluctuation	h_0_(11)-(33)[P0*P1^3*P3]	817	0	0	0	5	(1,1) tensor Sym^5(1/2,1/2)	0	5	proven minimal raw chain	minimal master-action rule	B_lin h_0	5	2	retained by p_gf	exact
5	818	minimal	trace-free metric fluctuation	h_0_(11)-(33)[P0*P1^3*P2]	818	0	0	0	5	(1,1) tensor Sym^5(1/2,1/2)	0	5	proven minimal raw chain	minimal master-action rule	B_lin h_0	4	1	retained by p_gf	exact
5	819	minimal	trace-free metric fluctuation	h_0_(11)-(33)[P0*P1^4]	819	0	0	0	5	(1,1) tensor Sym^5(1/2,1/2)	0	5	proven minimal raw chain	minimal master-action rule	B_lin h_0	4	1	retained by p_gf	exact
5	820	minimal	trace-free metric fluctuation	h_0_(11)-(33)[P0^2*P3^3]	820	0	0	0	5	(1,1) tensor Sym^5(1/2,1/2)	0	5	proven minimal raw chain	minimal master-action rule	B_lin h_0	5	1	retained by p_gf	exact
5	821	minimal	trace-free metric fluctuation	h_0_(11)-(33)[P0^2*P2*P3^2]	821	0	0	0	5	(1,1) tensor Sym^5(1/2,1/2)	0	5	proven minimal raw chain	minimal master-action rule	B_lin h_0	6	1	retained by p_gf	exact
5	822	minimal	trace-free metric fluctuation	h_0_(11)-(33)[P0^2*P2^2*P3]	822	0	0	0	5	(1,1) tensor Sym^5(1/2,1/2)	0	5	proven minimal raw chain	minimal master-action rule	B_lin h_0	4	1	retained by p_gf	exact
5	823	minimal	trace-free metric fluctuation	h_0_(11)-(33)[P0^2*P2^3]	823	0	0	0	5	(1,1) tensor Sym^5(1/2,1/2)	0	5	proven minimal raw chain	minimal master-action rule	B_lin h_0	1	0	retained by p_gf	exact
5	824	minimal	trace-free metric fluctuation	h_0_(11)-(33)[P0^2*P1*P3^2]	824	0	0	0	5	(1,1) tensor Sym^5(1/2,1/2)	0	5	proven minimal raw chain	minimal master-action rule	B_lin h_0	6	2	retained by p_gf	exact
5	825	minimal	trace-free metric fluctuation	h_0_(11)-(33)[P0^2*P1*P2*P3]	825	0	0	0	5	(1,1) tensor Sym^5(1/2,1/2)	0	5	proven minimal raw chain	minimal master-action rule	B_lin h_0	4	2	retained by p_gf	exact
5	826	minimal	trace-free metric fluctuation	h_0_(11)-(33)[P0^2*P1*P2^2]	826	0	0	0	5	(1,1) tensor Sym^5(1/2,1/2)	0	5	proven minimal raw chain	minimal master-action rule	B_lin h_0	4	1	retained by p_gf	exact
5	827	minimal	trace-free metric fluctuation	h_0_(11)-(33)[P0^2*P1^2*P3]	827	0	0	0	5	(1,1) tensor Sym^5(1/2,1/2)	0	5	proven minimal raw chain	minimal master-action rule	B_lin h_0	6	2	retained by p_gf	exact
5	828	minimal	trace-free metric fluctuation	h_0_(11)-(33)[P0^2*P1^2*P2]	828	0	0	0	5	(1,1) tensor Sym^5(1/2,1/2)	0	5	proven minimal raw chain	minimal master-action rule	B_lin h_0	6	1	retained by p_gf	exact
5	829	minimal	trace-free metric fluctuation	h_0_(11)-(33)[P0^2*P1^3]	829	0	0	0	5	(1,1) tensor Sym^5(1/2,1/2)	0	5	proven minimal raw chain	minimal master-action rule	B_lin h_0	5	1	retained by p_gf	exact
5	830	minimal	trace-free metric fluctuation	h_0_(11)-(33)[P0^3*P3^2]	830	0	0	0	5	(1,1) tensor Sym^5(1/2,1/2)	0	5	proven minimal raw chain	minimal master-action rule	B_lin h_0	5	1	retained by p_gf	exact
5	831	minimal	trace-free metric fluctuation	h_0_(11)-(33)[P0^3*P2*P3]	831	0	0	0	5	(1,1) tensor Sym^5(1/2,1/2)	0	5	proven minimal raw chain	minimal master-action rule	B_lin h_0	3	1	retained by p_gf	exact
5	832	minimal	trace-free metric fluctuation	h_0_(11)-(33)[P0^3*P2^2]	832	0	0	0	5	(1,1) tensor Sym^5(1/2,1/2)	0	5	proven minimal raw chain	minimal master-action rule	B_lin h_0	1	0	retained by p_gf	exact
5	833	minimal	trace-free metric fluctuation	h_0_(11)-(33)[P0^3*P1*P3]	833	0	0	0	5	(1,1) tensor Sym^5(1/2,1/2)	0	5	proven minimal raw chain	minimal master-action rule	B_lin h_0	4	2	retained by p_gf	exact
5	834	minimal	trace-free metric fluctuation	h_0_(11)-(33)[P0^3*P1*P2]	834	0	0	0	5	(1,1) tensor Sym^5(1/2,1/2)	0	5	proven minimal raw chain	minimal master-action rule	B_lin h_0	3	1	retained by p_gf	exact
5	835	minimal	trace-free metric fluctuation	h_0_(11)-(33)[P0^3*P1^2]	835	0	0	0	5	(1,1) tensor Sym^5(1/2,1/2)	0	5	proven minimal raw chain	minimal master-action rule	B_lin h_0	5	1	retained by p_gf	exact
5	836	minimal	trace-free metric fluctuation	h_0_(11)-(33)[P0^4*P3]	836	0	0	0	5	(1,1) tensor Sym^5(1/2,1/2)	0	5	proven minimal raw chain	minimal master-action rule	B_lin h_0	3	1	retained by p_gf	exact
5	837	minimal	trace-free metric fluctuation	h_0_(11)-(33)[P0^4*P2]	837	0	0	0	5	(1,1) tensor Sym^5(1/2,1/2)	0	5	proven minimal raw chain	minimal master-action rule	B_lin h_0	1	0	retained by p_gf	exact
5	838	minimal	trace-free metric fluctuation	h_0_(11)-(33)[P0^4*P1]	838	0	0	0	5	(1,1) tensor Sym^5(1/2,1/2)	0	5	proven minimal raw chain	minimal master-action rule	B_lin h_0	3	1	retained by p_gf	exact
5	839	minimal	trace-free metric fluctuation	h_0_(11)-(33)[P0^5]	839	0	0	0	5	(1,1) tensor Sym^5(1/2,1/2)	0	5	proven minimal raw chain	minimal master-action rule	B_lin h_0	1	0	retained by p_gf	exact
5	840	minimal	trace-free metric fluctuation	h_0_(22)-(33)[P3^5]	840	0	0	0	5	(1,1) tensor Sym^5(1/2,1/2)	0	5	proven minimal raw chain	minimal master-action rule	B_lin h_0	4	1	retained by p_gf	exact
5	841	minimal	trace-free metric fluctuation	h_0_(22)-(33)[P2*P3^4]	841	0	0	0	5	(1,1) tensor Sym^5(1/2,1/2)	0	5	proven minimal raw chain	minimal master-action rule	B_lin h_0	6	2	retained by p_gf	exact
5	842	minimal	trace-free metric fluctuation	h_0_(22)-(33)[P2^2*P3^3]	842	0	0	0	5	(1,1) tensor Sym^5(1/2,1/2)	0	5	proven minimal raw chain	minimal master-action rule	B_lin h_0	4	2	retained by p_gf	exact
5	843	minimal	trace-free metric fluctuation	h_0_(22)-(33)[P2^3*P3^2]	843	0	0	0	5	(1,1) tensor Sym^5(1/2,1/2)	0	5	proven minimal raw chain	minimal master-action rule	B_lin h_0	4	2	retained by p_gf	exact
5	844	minimal	trace-free metric fluctuation	h_0_(22)-(33)[P2^4*P3]	844	0	0	0	5	(1,1) tensor Sym^5(1/2,1/2)	0	5	proven minimal raw chain	minimal master-action rule	B_lin h_0	5	2	retained by p_gf	exact
5	845	minimal	trace-free metric fluctuation	h_0_(22)-(33)[P2^5]	845	0	0	0	5	(1,1) tensor Sym^5(1/2,1/2)	0	5	proven minimal raw chain	minimal master-action rule	B_lin h_0	3	1	retained by p_gf	exact
5	846	minimal	trace-free metric fluctuation	h_0_(22)-(33)[P1*P3^4]	846	0	0	0	5	(1,1) tensor Sym^5(1/2,1/2)	0	5	proven minimal raw chain	minimal master-action rule	B_lin h_0	5	1	retained by p_gf	exact
5	847	minimal	trace-free metric fluctuation	h_0_(22)-(33)[P1*P2*P3^3]	847	0	0	0	5	(1,1) tensor Sym^5(1/2,1/2)	0	5	proven minimal raw chain	minimal master-action rule	B_lin h_0	5	2	retained by p_gf	exact
5	848	minimal	trace-free metric fluctuation	h_0_(22)-(33)[P1*P2^2*P3^2]	848	0	0	0	5	(1,1) tensor Sym^5(1/2,1/2)	0	5	proven minimal raw chain	minimal master-action rule	B_lin h_0	5	2	retained by p_gf	exact
5	849	minimal	trace-free metric fluctuation	h_0_(22)-(33)[P1*P2^3*P3]	849	0	0	0	5	(1,1) tensor Sym^5(1/2,1/2)	0	5	proven minimal raw chain	minimal master-action rule	B_lin h_0	5	2	retained by p_gf	exact
5	850	minimal	trace-free metric fluctuation	h_0_(22)-(33)[P1*P2^4]	850	0	0	0	5	(1,1) tensor Sym^5(1/2,1/2)	0	5	proven minimal raw chain	minimal master-action rule	B_lin h_0	4	1	retained by p_gf	exact
5	851	minimal	trace-free metric fluctuation	h_0_(22)-(33)[P1^2*P3^3]	851	0	0	0	5	(1,1) tensor Sym^5(1/2,1/2)	0	5	proven minimal raw chain	minimal master-action rule	B_lin h_0	5	1	retained by p_gf	exact
5	852	minimal	trace-free metric fluctuation	h_0_(22)-(33)[P1^2*P2*P3^2]	852	0	0	0	5	(1,1) tensor Sym^5(1/2,1/2)	0	5	proven minimal raw chain	minimal master-action rule	B_lin h_0	6	2	retained by p_gf	exact
5	853	minimal	trace-free metric fluctuation	h_0_(22)-(33)[P1^2*P2^2*P3]	853	0	0	0	5	(1,1) tensor Sym^5(1/2,1/2)	0	5	proven minimal raw chain	minimal master-action rule	B_lin h_0	6	2	retained by p_gf	exact
5	854	minimal	trace-free metric fluctuation	h_0_(22)-(33)[P1^2*P2^3]	854	0	0	0	5	(1,1) tensor Sym^5(1/2,1/2)	0	5	proven minimal raw chain	minimal master-action rule	B_lin h_0	5	1	retained by p_gf	exact
5	855	minimal	trace-free metric fluctuation	h_0_(22)-(33)[P1^3*P3^2]	855	0	0	0	5	(1,1) tensor Sym^5(1/2,1/2)	0	5	proven minimal raw chain	minimal master-action rule	B_lin h_0	5	1	retained by p_gf	exact
5	856	minimal	trace-free metric fluctuation	h_0_(22)-(33)[P1^3*P2*P3]	856	0	0	0	5	(1,1) tensor Sym^5(1/2,1/2)	0	5	proven minimal raw chain	minimal master-action rule	B_lin h_0	4	2	retained by p_gf	exact
5	857	minimal	trace-free metric fluctuation	h_0_(22)-(33)[P1^3*P2^2]	857	0	0	0	5	(1,1) tensor Sym^5(1/2,1/2)	0	5	proven minimal raw chain	minimal master-action rule	B_lin h_0	5	1	retained by p_gf	exact
5	858	minimal	trace-free metric fluctuation	h_0_(22)-(33)[P1^4*P3]	858	0	0	0	5	(1,1) tensor Sym^5(1/2,1/2)	0	5	proven minimal raw chain	minimal master-action rule	B_lin h_0	3	1	retained by p_gf	exact
5	859	minimal	trace-free metric fluctuation	h_0_(22)-(33)[P1^4*P2]	859	0	0	0	5	(1,1) tensor Sym^5(1/2,1/2)	0	5	proven minimal raw chain	minimal master-action rule	B_lin h_0	3	1	retained by p_gf	exact
5	860	minimal	trace-free metric fluctuation	h_0_(22)-(33)[P1^5]	860	0	0	0	5	(1,1) tensor Sym^5(1/2,1/2)	0	5	proven minimal raw chain	minimal master-action rule	B_lin h_0	1	0	retained by p_gf	exact
5	861	minimal	trace-free metric fluctuation	h_0_(22)-(33)[P0*P3^4]	861	0	0	0	5	(1,1) tensor Sym^5(1/2,1/2)	0	5	proven minimal raw chain	minimal master-action rule	B_lin h_0	5	1	retained by p_gf	exact
5	862	minimal	trace-free metric fluctuation	h_0_(22)-(33)[P0*P2*P3^3]	862	0	0	0	5	(1,1) tensor Sym^5(1/2,1/2)	0	5	proven minimal raw chain	minimal master-action rule	B_lin h_0	5	2	retained by p_gf	exact
5	863	minimal	trace-free metric fluctuation	h_0_(22)-(33)[P0*P2^2*P3^2]	863	0	0	0	5	(1,1) tensor Sym^5(1/2,1/2)	0	5	proven minimal raw chain	minimal master-action rule	B_lin h_0	5	2	retained by p_gf	exact
5	864	minimal	trace-free metric fluctuation	h_0_(22)-(33)[P0*P2^3*P3]	864	0	0	0	5	(1,1) tensor Sym^5(1/2,1/2)	0	5	proven minimal raw chain	minimal master-action rule	B_lin h_0	5	2	retained by p_gf	exact
5	865	minimal	trace-free metric fluctuation	h_0_(22)-(33)[P0*P2^4]	865	0	0	0	5	(1,1) tensor Sym^5(1/2,1/2)	0	5	proven minimal raw chain	minimal master-action rule	B_lin h_0	4	1	retained by p_gf	exact
5	866	minimal	trace-free metric fluctuation	h_0_(22)-(33)[P0*P1*P3^3]	866	0	0	0	5	(1,1) tensor Sym^5(1/2,1/2)	0	5	proven minimal raw chain	minimal master-action rule	B_lin h_0	4	1	retained by p_gf	exact
5	867	minimal	trace-free metric fluctuation	h_0_(22)-(33)[P0*P1*P2*P3^2]	867	0	0	0	5	(1,1) tensor Sym^5(1/2,1/2)	0	5	proven minimal raw chain	minimal master-action rule	B_lin h_0	5	2	retained by p_gf	exact
5	868	minimal	trace-free metric fluctuation	h_0_(22)-(33)[P0*P1*P2^2*P3]	868	0	0	0	5	(1,1) tensor Sym^5(1/2,1/2)	0	5	proven minimal raw chain	minimal master-action rule	B_lin h_0	5	2	retained by p_gf	exact
5	869	minimal	trace-free metric fluctuation	h_0_(22)-(33)[P0*P1*P2^3]	869	0	0	0	5	(1,1) tensor Sym^5(1/2,1/2)	0	5	proven minimal raw chain	minimal master-action rule	B_lin h_0	4	1	retained by p_gf	exact
5	870	minimal	trace-free metric fluctuation	h_0_(22)-(33)[P0*P1^2*P3^2]	870	0	0	0	5	(1,1) tensor Sym^5(1/2,1/2)	0	5	proven minimal raw chain	minimal master-action rule	B_lin h_0	6	1	retained by p_gf	exact
5	871	minimal	trace-free metric fluctuation	h_0_(22)-(33)[P0*P1^2*P2*P3]	871	0	0	0	5	(1,1) tensor Sym^5(1/2,1/2)	0	5	proven minimal raw chain	minimal master-action rule	B_lin h_0	4	2	retained by p_gf	exact
5	872	minimal	trace-free metric fluctuation	h_0_(22)-(33)[P0*P1^2*P2^2]	872	0	0	0	5	(1,1) tensor Sym^5(1/2,1/2)	0	5	proven minimal raw chain	minimal master-action rule	B_lin h_0	6	1	retained by p_gf	exact
5	873	minimal	trace-free metric fluctuation	h_0_(22)-(33)[P0*P1^3*P3]	873	0	0	0	5	(1,1) tensor Sym^5(1/2,1/2)	0	5	proven minimal raw chain	minimal master-action rule	B_lin h_0	3	1	retained by p_gf	exact
5	874	minimal	trace-free metric fluctuation	h_0_(22)-(33)[P0*P1^3*P2]	874	0	0	0	5	(1,1) tensor Sym^5(1/2,1/2)	0	5	proven minimal raw chain	minimal master-action rule	B_lin h_0	3	1	retained by p_gf	exact
5	875	minimal	trace-free metric fluctuation	h_0_(22)-(33)[P0*P1^4]	875	0	0	0	5	(1,1) tensor Sym^5(1/2,1/2)	0	5	proven minimal raw chain	minimal master-action rule	B_lin h_0	1	0	retained by p_gf	exact
5	876	minimal	trace-free metric fluctuation	h_0_(22)-(33)[P0^2*P3^3]	876	0	0	0	5	(1,1) tensor Sym^5(1/2,1/2)	0	5	proven minimal raw chain	minimal master-action rule	B_lin h_0	5	1	retained by p_gf	exact
5	877	minimal	trace-free metric fluctuation	h_0_(22)-(33)[P0^2*P2*P3^2]	877	0	0	0	5	(1,1) tensor Sym^5(1/2,1/2)	0	5	proven minimal raw chain	minimal master-action rule	B_lin h_0	6	2	retained by p_gf	exact
5	878	minimal	trace-free metric fluctuation	h_0_(22)-(33)[P0^2*P2^2*P3]	878	0	0	0	5	(1,1) tensor Sym^5(1/2,1/2)	0	5	proven minimal raw chain	minimal master-action rule	B_lin h_0	6	2	retained by p_gf	exact
5	879	minimal	trace-free metric fluctuation	h_0_(22)-(33)[P0^2*P2^3]	879	0	0	0	5	(1,1) tensor Sym^5(1/2,1/2)	0	5	proven minimal raw chain	minimal master-action rule	B_lin h_0	5	1	retained by p_gf	exact
5	880	minimal	trace-free metric fluctuation	h_0_(22)-(33)[P0^2*P1*P3^2]	880	0	0	0	5	(1,1) tensor Sym^5(1/2,1/2)	0	5	proven minimal raw chain	minimal master-action rule	B_lin h_0	6	1	retained by p_gf	exact
5	881	minimal	trace-free metric fluctuation	h_0_(22)-(33)[P0^2*P1*P2*P3]	881	0	0	0	5	(1,1) tensor Sym^5(1/2,1/2)	0	5	proven minimal raw chain	minimal master-action rule	B_lin h_0	4	2	retained by p_gf	exact
5	882	minimal	trace-free metric fluctuation	h_0_(22)-(33)[P0^2*P1*P2^2]	882	0	0	0	5	(1,1) tensor Sym^5(1/2,1/2)	0	5	proven minimal raw chain	minimal master-action rule	B_lin h_0	6	1	retained by p_gf	exact
5	883	minimal	trace-free metric fluctuation	h_0_(22)-(33)[P0^2*P1^2*P3]	883	0	0	0	5	(1,1) tensor Sym^5(1/2,1/2)	0	5	proven minimal raw chain	minimal master-action rule	B_lin h_0	4	1	retained by p_gf	exact
5	884	minimal	trace-free metric fluctuation	h_0_(22)-(33)[P0^2*P1^2*P2]	884	0	0	0	5	(1,1) tensor Sym^5(1/2,1/2)	0	5	proven minimal raw chain	minimal master-action rule	B_lin h_0	4	1	retained by p_gf	exact
5	885	minimal	trace-free metric fluctuation	h_0_(22)-(33)[P0^2*P1^3]	885	0	0	0	5	(1,1) tensor Sym^5(1/2,1/2)	0	5	proven minimal raw chain	minimal master-action rule	B_lin h_0	1	0	retained by p_gf	exact
5	886	minimal	trace-free metric fluctuation	h_0_(22)-(33)[P0^3*P3^2]	886	0	0	0	5	(1,1) tensor Sym^5(1/2,1/2)	0	5	proven minimal raw chain	minimal master-action rule	B_lin h_0	5	1	retained by p_gf	exact
5	887	minimal	trace-free metric fluctuation	h_0_(22)-(33)[P0^3*P2*P3]	887	0	0	0	5	(1,1) tensor Sym^5(1/2,1/2)	0	5	proven minimal raw chain	minimal master-action rule	B_lin h_0	4	2	retained by p_gf	exact
5	888	minimal	trace-free metric fluctuation	h_0_(22)-(33)[P0^3*P2^2]	888	0	0	0	5	(1,1) tensor Sym^5(1/2,1/2)	0	5	proven minimal raw chain	minimal master-action rule	B_lin h_0	5	1	retained by p_gf	exact
5	889	minimal	trace-free metric fluctuation	h_0_(22)-(33)[P0^3*P1*P3]	889	0	0	0	5	(1,1) tensor Sym^5(1/2,1/2)	0	5	proven minimal raw chain	minimal master-action rule	B_lin h_0	3	1	retained by p_gf	exact
5	890	minimal	trace-free metric fluctuation	h_0_(22)-(33)[P0^3*P1*P2]	890	0	0	0	5	(1,1) tensor Sym^5(1/2,1/2)	0	5	proven minimal raw chain	minimal master-action rule	B_lin h_0	3	1	retained by p_gf	exact
5	891	minimal	trace-free metric fluctuation	h_0_(22)-(33)[P0^3*P1^2]	891	0	0	0	5	(1,1) tensor Sym^5(1/2,1/2)	0	5	proven minimal raw chain	minimal master-action rule	B_lin h_0	1	0	retained by p_gf	exact
5	892	minimal	trace-free metric fluctuation	h_0_(22)-(33)[P0^4*P3]	892	0	0	0	5	(1,1) tensor Sym^5(1/2,1/2)	0	5	proven minimal raw chain	minimal master-action rule	B_lin h_0	3	1	retained by p_gf	exact
5	893	minimal	trace-free metric fluctuation	h_0_(22)-(33)[P0^4*P2]	893	0	0	0	5	(1,1) tensor Sym^5(1/2,1/2)	0	5	proven minimal raw chain	minimal master-action rule	B_lin h_0	3	1	retained by p_gf	exact
5	894	minimal	trace-free metric fluctuation	h_0_(22)-(33)[P0^4*P1]	894	0	0	0	5	(1,1) tensor Sym^5(1/2,1/2)	0	5	proven minimal raw chain	minimal master-action rule	B_lin h_0	1	0	retained by p_gf	exact
5	895	minimal	trace-free metric fluctuation	h_0_(22)-(33)[P0^5]	895	0	0	0	5	(1,1) tensor Sym^5(1/2,1/2)	0	5	proven minimal raw chain	minimal master-action rule	B_lin h_0	1	0	retained by p_gf	exact
5	896	minimal	metric trace	tau[P3^5]	896	0	0	0	5	(0,0) tensor Sym^5(1/2,1/2)	0	5	proven minimal raw chain	minimal master-action rule	0	1	1	retained by p_gf	exact
5	897	minimal	metric trace	tau[P2*P3^4]	897	0	0	0	5	(0,0) tensor Sym^5(1/2,1/2)	0	5	proven minimal raw chain	minimal master-action rule	0	1	1	retained by p_gf	exact
5	898	minimal	metric trace	tau[P2^2*P3^3]	898	0	0	0	5	(0,0) tensor Sym^5(1/2,1/2)	0	5	proven minimal raw chain	minimal master-action rule	0	1	1	retained by p_gf	exact
5	899	minimal	metric trace	tau[P2^3*P3^2]	899	0	0	0	5	(0,0) tensor Sym^5(1/2,1/2)	0	5	proven minimal raw chain	minimal master-action rule	0	1	1	retained by p_gf	exact
5	900	minimal	metric trace	tau[P2^4*P3]	900	0	0	0	5	(0,0) tensor Sym^5(1/2,1/2)	0	5	proven minimal raw chain	minimal master-action rule	0	1	1	retained by p_gf	exact
5	901	minimal	metric trace	tau[P2^5]	901	0	0	0	5	(0,0) tensor Sym^5(1/2,1/2)	0	5	proven minimal raw chain	minimal master-action rule	0	1	1	retained by p_gf	exact
5	902	minimal	metric trace	tau[P1*P3^4]	902	0	0	0	5	(0,0) tensor Sym^5(1/2,1/2)	0	5	proven minimal raw chain	minimal master-action rule	0	1	1	retained by p_gf	exact
5	903	minimal	metric trace	tau[P1*P2*P3^3]	903	0	0	0	5	(0,0) tensor Sym^5(1/2,1/2)	0	5	proven minimal raw chain	minimal master-action rule	0	1	1	retained by p_gf	exact
5	904	minimal	metric trace	tau[P1*P2^2*P3^2]	904	0	0	0	5	(0,0) tensor Sym^5(1/2,1/2)	0	5	proven minimal raw chain	minimal master-action rule	0	1	1	retained by p_gf	exact
5	905	minimal	metric trace	tau[P1*P2^3*P3]	905	0	0	0	5	(0,0) tensor Sym^5(1/2,1/2)	0	5	proven minimal raw chain	minimal master-action rule	0	1	1	retained by p_gf	exact
5	906	minimal	metric trace	tau[P1*P2^4]	906	0	0	0	5	(0,0) tensor Sym^5(1/2,1/2)	0	5	proven minimal raw chain	minimal master-action rule	0	1	1	retained by p_gf	exact
5	907	minimal	metric trace	tau[P1^2*P3^3]	907	0	0	0	5	(0,0) tensor Sym^5(1/2,1/2)	0	5	proven minimal raw chain	minimal master-action rule	0	1	1	retained by p_gf	exact
5	908	minimal	metric trace	tau[P1^2*P2*P3^2]	908	0	0	0	5	(0,0) tensor Sym^5(1/2,1/2)	0	5	proven minimal raw chain	minimal master-action rule	0	1	1	retained by p_gf	exact
5	909	minimal	metric trace	tau[P1^2*P2^2*P3]	909	0	0	0	5	(0,0) tensor Sym^5(1/2,1/2)	0	5	proven minimal raw chain	minimal master-action rule	0	1	1	retained by p_gf	exact
5	910	minimal	metric trace	tau[P1^2*P2^3]	910	0	0	0	5	(0,0) tensor Sym^5(1/2,1/2)	0	5	proven minimal raw chain	minimal master-action rule	0	1	1	retained by p_gf	exact
5	911	minimal	metric trace	tau[P1^3*P3^2]	911	0	0	0	5	(0,0) tensor Sym^5(1/2,1/2)	0	5	proven minimal raw chain	minimal master-action rule	0	1	1	retained by p_gf	exact
5	912	minimal	metric trace	tau[P1^3*P2*P3]	912	0	0	0	5	(0,0) tensor Sym^5(1/2,1/2)	0	5	proven minimal raw chain	minimal master-action rule	0	1	1	retained by p_gf	exact
5	913	minimal	metric trace	tau[P1^3*P2^2]	913	0	0	0	5	(0,0) tensor Sym^5(1/2,1/2)	0	5	proven minimal raw chain	minimal master-action rule	0	1	1	retained by p_gf	exact
5	914	minimal	metric trace	tau[P1^4*P3]	914	0	0	0	5	(0,0) tensor Sym^5(1/2,1/2)	0	5	proven minimal raw chain	minimal master-action rule	0	1	1	retained by p_gf	exact
5	915	minimal	metric trace	tau[P1^4*P2]	915	0	0	0	5	(0,0) tensor Sym^5(1/2,1/2)	0	5	proven minimal raw chain	minimal master-action rule	0	1	1	retained by p_gf	exact
5	916	minimal	metric trace	tau[P1^5]	916	0	0	0	5	(0,0) tensor Sym^5(1/2,1/2)	0	5	proven minimal raw chain	minimal master-action rule	0	1	1	retained by p_gf	exact
5	917	minimal	metric trace	tau[P0*P3^4]	917	0	0	0	5	(0,0) tensor Sym^5(1/2,1/2)	0	5	proven minimal raw chain	minimal master-action rule	0	1	1	retained by p_gf	exact
5	918	minimal	metric trace	tau[P0*P2*P3^3]	918	0	0	0	5	(0,0) tensor Sym^5(1/2,1/2)	0	5	proven minimal raw chain	minimal master-action rule	0	1	1	retained by p_gf	exact
5	919	minimal	metric trace	tau[P0*P2^2*P3^2]	919	0	0	0	5	(0,0) tensor Sym^5(1/2,1/2)	0	5	proven minimal raw chain	minimal master-action rule	0	1	1	retained by p_gf	exact
5	920	minimal	metric trace	tau[P0*P2^3*P3]	920	0	0	0	5	(0,0) tensor Sym^5(1/2,1/2)	0	5	proven minimal raw chain	minimal master-action rule	0	1	1	retained by p_gf	exact
5	921	minimal	metric trace	tau[P0*P2^4]	921	0	0	0	5	(0,0) tensor Sym^5(1/2,1/2)	0	5	proven minimal raw chain	minimal master-action rule	0	1	1	retained by p_gf	exact
5	922	minimal	metric trace	tau[P0*P1*P3^3]	922	0	0	0	5	(0,0) tensor Sym^5(1/2,1/2)	0	5	proven minimal raw chain	minimal master-action rule	0	1	1	retained by p_gf	exact
5	923	minimal	metric trace	tau[P0*P1*P2*P3^2]	923	0	0	0	5	(0,0) tensor Sym^5(1/2,1/2)	0	5	proven minimal raw chain	minimal master-action rule	0	1	1	retained by p_gf	exact
5	924	minimal	metric trace	tau[P0*P1*P2^2*P3]	924	0	0	0	5	(0,0) tensor Sym^5(1/2,1/2)	0	5	proven minimal raw chain	minimal master-action rule	0	1	1	retained by p_gf	exact
5	925	minimal	metric trace	tau[P0*P1*P2^3]	925	0	0	0	5	(0,0) tensor Sym^5(1/2,1/2)	0	5	proven minimal raw chain	minimal master-action rule	0	1	1	retained by p_gf	exact
5	926	minimal	metric trace	tau[P0*P1^2*P3^2]	926	0	0	0	5	(0,0) tensor Sym^5(1/2,1/2)	0	5	proven minimal raw chain	minimal master-action rule	0	1	1	retained by p_gf	exact
5	927	minimal	metric trace	tau[P0*P1^2*P2*P3]	927	0	0	0	5	(0,0) tensor Sym^5(1/2,1/2)	0	5	proven minimal raw chain	minimal master-action rule	0	1	1	retained by p_gf	exact
5	928	minimal	metric trace	tau[P0*P1^2*P2^2]	928	0	0	0	5	(0,0) tensor Sym^5(1/2,1/2)	0	5	proven minimal raw chain	minimal master-action rule	0	1	1	retained by p_gf	exact
5	929	minimal	metric trace	tau[P0*P1^3*P3]	929	0	0	0	5	(0,0) tensor Sym^5(1/2,1/2)	0	5	proven minimal raw chain	minimal master-action rule	0	1	1	retained by p_gf	exact
5	930	minimal	metric trace	tau[P0*P1^3*P2]	930	0	0	0	5	(0,0) tensor Sym^5(1/2,1/2)	0	5	proven minimal raw chain	minimal master-action rule	0	1	1	retained by p_gf	exact
5	931	minimal	metric trace	tau[P0*P1^4]	931	0	0	0	5	(0,0) tensor Sym^5(1/2,1/2)	0	5	proven minimal raw chain	minimal master-action rule	0	1	1	retained by p_gf	exact
5	932	minimal	metric trace	tau[P0^2*P3^3]	932	0	0	0	5	(0,0) tensor Sym^5(1/2,1/2)	0	5	proven minimal raw chain	minimal master-action rule	0	1	1	retained by p_gf	exact
5	933	minimal	metric trace	tau[P0^2*P2*P3^2]	933	0	0	0	5	(0,0) tensor Sym^5(1/2,1/2)	0	5	proven minimal raw chain	minimal master-action rule	0	1	1	retained by p_gf	exact
5	934	minimal	metric trace	tau[P0^2*P2^2*P3]	934	0	0	0	5	(0,0) tensor Sym^5(1/2,1/2)	0	5	proven minimal raw chain	minimal master-action rule	0	1	1	retained by p_gf	exact
5	935	minimal	metric trace	tau[P0^2*P2^3]	935	0	0	0	5	(0,0) tensor Sym^5(1/2,1/2)	0	5	proven minimal raw chain	minimal master-action rule	0	1	1	retained by p_gf	exact
5	936	minimal	metric trace	tau[P0^2*P1*P3^2]	936	0	0	0	5	(0,0) tensor Sym^5(1/2,1/2)	0	5	proven minimal raw chain	minimal master-action rule	0	1	1	retained by p_gf	exact
5	937	minimal	metric trace	tau[P0^2*P1*P2*P3]	937	0	0	0	5	(0,0) tensor Sym^5(1/2,1/2)	0	5	proven minimal raw chain	minimal master-action rule	0	1	1	retained by p_gf	exact
5	938	minimal	metric trace	tau[P0^2*P1*P2^2]	938	0	0	0	5	(0,0) tensor Sym^5(1/2,1/2)	0	5	proven minimal raw chain	minimal master-action rule	0	1	1	retained by p_gf	exact
5	939	minimal	metric trace	tau[P0^2*P1^2*P3]	939	0	0	0	5	(0,0) tensor Sym^5(1/2,1/2)	0	5	proven minimal raw chain	minimal master-action rule	0	1	1	retained by p_gf	exact
5	940	minimal	metric trace	tau[P0^2*P1^2*P2]	940	0	0	0	5	(0,0) tensor Sym^5(1/2,1/2)	0	5	proven minimal raw chain	minimal master-action rule	0	1	1	retained by p_gf	exact
5	941	minimal	metric trace	tau[P0^2*P1^3]	941	0	0	0	5	(0,0) tensor Sym^5(1/2,1/2)	0	5	proven minimal raw chain	minimal master-action rule	0	1	1	retained by p_gf	exact
5	942	minimal	metric trace	tau[P0^3*P3^2]	942	0	0	0	5	(0,0) tensor Sym^5(1/2,1/2)	0	5	proven minimal raw chain	minimal master-action rule	0	1	1	retained by p_gf	exact
5	943	minimal	metric trace	tau[P0^3*P2*P3]	943	0	0	0	5	(0,0) tensor Sym^5(1/2,1/2)	0	5	proven minimal raw chain	minimal master-action rule	0	1	1	retained by p_gf	exact
5	944	minimal	metric trace	tau[P0^3*P2^2]	944	0	0	0	5	(0,0) tensor Sym^5(1/2,1/2)	0	5	proven minimal raw chain	minimal master-action rule	0	1	1	retained by p_gf	exact
5	945	minimal	metric trace	tau[P0^3*P1*P3]	945	0	0	0	5	(0,0) tensor Sym^5(1/2,1/2)	0	5	proven minimal raw chain	minimal master-action rule	0	1	1	retained by p_gf	exact
5	946	minimal	metric trace	tau[P0^3*P1*P2]	946	0	0	0	5	(0,0) tensor Sym^5(1/2,1/2)	0	5	proven minimal raw chain	minimal master-action rule	0	1	1	retained by p_gf	exact
5	947	minimal	metric trace	tau[P0^3*P1^2]	947	0	0	0	5	(0,0) tensor Sym^5(1/2,1/2)	0	5	proven minimal raw chain	minimal master-action rule	0	1	1	retained by p_gf	exact
5	948	minimal	metric trace	tau[P0^4*P3]	948	0	0	0	5	(0,0) tensor Sym^5(1/2,1/2)	0	5	proven minimal raw chain	minimal master-action rule	0	1	1	retained by p_gf	exact
5	949	minimal	metric trace	tau[P0^4*P2]	949	0	0	0	5	(0,0) tensor Sym^5(1/2,1/2)	0	5	proven minimal raw chain	minimal master-action rule	0	1	1	retained by p_gf	exact
5	950	minimal	metric trace	tau[P0^4*P1]	950	0	0	0	5	(0,0) tensor Sym^5(1/2,1/2)	0	5	proven minimal raw chain	minimal master-action rule	0	1	1	retained by p_gf	exact
5	951	minimal	metric trace	tau[P0^5]	951	0	0	0	5	(0,0) tensor Sym^5(1/2,1/2)	0	5	proven minimal raw chain	minimal master-action rule	0	1	1	retained by p_gf	exact
5	952	minimal	trace-free metric antifield	hstar_0_(01)[P3]	952	-1	1	1	5	(1,1) tensor Sym^1(1/2,1/2)	4	1	proven minimal raw chain	minimal master-action rule	partial^mu hstar_0(mu nu)	0	0	retained by p_gf	exact
5	953	minimal	trace-free metric antifield	hstar_0_(01)[P2]	953	-1	1	1	5	(1,1) tensor Sym^1(1/2,1/2)	4	1	proven minimal raw chain	minimal master-action rule	partial^mu hstar_0(mu nu)	0	0	retained by p_gf	exact
5	954	minimal	trace-free metric antifield	hstar_0_(01)[P1]	954	-1	1	1	5	(1,1) tensor Sym^1(1/2,1/2)	4	1	proven minimal raw chain	minimal master-action rule	partial^mu hstar_0(mu nu)	1	0	retained by p_gf	exact
5	955	minimal	trace-free metric antifield	hstar_0_(01)[P0]	955	-1	1	1	5	(1,1) tensor Sym^1(1/2,1/2)	4	1	proven minimal raw chain	minimal master-action rule	partial^mu hstar_0(mu nu)	1	0	retained by p_gf	exact
5	956	minimal	trace-free metric antifield	hstar_0_(02)[P3]	956	-1	1	1	5	(1,1) tensor Sym^1(1/2,1/2)	4	1	proven minimal raw chain	minimal master-action rule	partial^mu hstar_0(mu nu)	0	0	retained by p_gf	exact
5	957	minimal	trace-free metric antifield	hstar_0_(02)[P2]	957	-1	1	1	5	(1,1) tensor Sym^1(1/2,1/2)	4	1	proven minimal raw chain	minimal master-action rule	partial^mu hstar_0(mu nu)	1	0	retained by p_gf	exact
5	958	minimal	trace-free metric antifield	hstar_0_(02)[P1]	958	-1	1	1	5	(1,1) tensor Sym^1(1/2,1/2)	4	1	proven minimal raw chain	minimal master-action rule	partial^mu hstar_0(mu nu)	0	0	retained by p_gf	exact
5	959	minimal	trace-free metric antifield	hstar_0_(02)[P0]	959	-1	1	1	5	(1,1) tensor Sym^1(1/2,1/2)	4	1	proven minimal raw chain	minimal master-action rule	partial^mu hstar_0(mu nu)	1	0	retained by p_gf	exact
5	960	minimal	trace-free metric antifield	hstar_0_(03)[P3]	960	-1	1	1	5	(1,1) tensor Sym^1(1/2,1/2)	4	1	proven minimal raw chain	minimal master-action rule	partial^mu hstar_0(mu nu)	1	0	retained by p_gf	exact
5	961	minimal	trace-free metric antifield	hstar_0_(03)[P2]	961	-1	1	1	5	(1,1) tensor Sym^1(1/2,1/2)	4	1	proven minimal raw chain	minimal master-action rule	partial^mu hstar_0(mu nu)	0	0	retained by p_gf	exact
5	962	minimal	trace-free metric antifield	hstar_0_(03)[P1]	962	-1	1	1	5	(1,1) tensor Sym^1(1/2,1/2)	4	1	proven minimal raw chain	minimal master-action rule	partial^mu hstar_0(mu nu)	0	0	retained by p_gf	exact
5	963	minimal	trace-free metric antifield	hstar_0_(03)[P0]	963	-1	1	1	5	(1,1) tensor Sym^1(1/2,1/2)	4	1	proven minimal raw chain	minimal master-action rule	partial^mu hstar_0(mu nu)	1	0	retained by p_gf	exact
5	964	minimal	trace-free metric antifield	hstar_0_(12)[P3]	964	-1	1	1	5	(1,1) tensor Sym^1(1/2,1/2)	4	1	proven minimal raw chain	minimal master-action rule	partial^mu hstar_0(mu nu)	0	0	retained by p_gf	exact
5	965	minimal	trace-free metric antifield	hstar_0_(12)[P2]	965	-1	1	1	5	(1,1) tensor Sym^1(1/2,1/2)	4	1	proven minimal raw chain	minimal master-action rule	partial^mu hstar_0(mu nu)	1	0	retained by p_gf	exact
5	966	minimal	trace-free metric antifield	hstar_0_(12)[P1]	966	-1	1	1	5	(1,1) tensor Sym^1(1/2,1/2)	4	1	proven minimal raw chain	minimal master-action rule	partial^mu hstar_0(mu nu)	1	0	retained by p_gf	exact
5	967	minimal	trace-free metric antifield	hstar_0_(12)[P0]	967	-1	1	1	5	(1,1) tensor Sym^1(1/2,1/2)	4	1	proven minimal raw chain	minimal master-action rule	partial^mu hstar_0(mu nu)	0	0	retained by p_gf	exact
5	968	minimal	trace-free metric antifield	hstar_0_(13)[P3]	968	-1	1	1	5	(1,1) tensor Sym^1(1/2,1/2)	4	1	proven minimal raw chain	minimal master-action rule	partial^mu hstar_0(mu nu)	1	0	retained by p_gf	exact
5	969	minimal	trace-free metric antifield	hstar_0_(13)[P2]	969	-1	1	1	5	(1,1) tensor Sym^1(1/2,1/2)	4	1	proven minimal raw chain	minimal master-action rule	partial^mu hstar_0(mu nu)	0	0	retained by p_gf	exact
5	970	minimal	trace-free metric antifield	hstar_0_(13)[P1]	970	-1	1	1	5	(1,1) tensor Sym^1(1/2,1/2)	4	1	proven minimal raw chain	minimal master-action rule	partial^mu hstar_0(mu nu)	1	0	retained by p_gf	exact
5	971	minimal	trace-free metric antifield	hstar_0_(13)[P0]	971	-1	1	1	5	(1,1) tensor Sym^1(1/2,1/2)	4	1	proven minimal raw chain	minimal master-action rule	partial^mu hstar_0(mu nu)	0	0	retained by p_gf	exact
5	972	minimal	trace-free metric antifield	hstar_0_(23)[P3]	972	-1	1	1	5	(1,1) tensor Sym^1(1/2,1/2)	4	1	proven minimal raw chain	minimal master-action rule	partial^mu hstar_0(mu nu)	1	0	retained by p_gf	exact
5	973	minimal	trace-free metric antifield	hstar_0_(23)[P2]	973	-1	1	1	5	(1,1) tensor Sym^1(1/2,1/2)	4	1	proven minimal raw chain	minimal master-action rule	partial^mu hstar_0(mu nu)	1	0	retained by p_gf	exact
5	974	minimal	trace-free metric antifield	hstar_0_(23)[P1]	974	-1	1	1	5	(1,1) tensor Sym^1(1/2,1/2)	4	1	proven minimal raw chain	minimal master-action rule	partial^mu hstar_0(mu nu)	0	0	retained by p_gf	exact
5	975	minimal	trace-free metric antifield	hstar_0_(23)[P0]	975	-1	1	1	5	(1,1) tensor Sym^1(1/2,1/2)	4	1	proven minimal raw chain	minimal master-action rule	partial^mu hstar_0(mu nu)	0	0	retained by p_gf	exact
5	976	minimal	trace-free metric antifield	hstar_0_(00)-(33)[P3]	976	-1	1	1	5	(1,1) tensor Sym^1(1/2,1/2)	4	1	proven minimal raw chain	minimal master-action rule	partial^mu hstar_0(mu nu)	1	0	retained by p_gf	exact
5	977	minimal	trace-free metric antifield	hstar_0_(00)-(33)[P2]	977	-1	1	1	5	(1,1) tensor Sym^1(1/2,1/2)	4	1	proven minimal raw chain	minimal master-action rule	partial^mu hstar_0(mu nu)	0	0	retained by p_gf	exact
5	978	minimal	trace-free metric antifield	hstar_0_(00)-(33)[P1]	978	-1	1	1	5	(1,1) tensor Sym^1(1/2,1/2)	4	1	proven minimal raw chain	minimal master-action rule	partial^mu hstar_0(mu nu)	0	0	retained by p_gf	exact
5	979	minimal	trace-free metric antifield	hstar_0_(00)-(33)[P0]	979	-1	1	1	5	(1,1) tensor Sym^1(1/2,1/2)	4	1	proven minimal raw chain	minimal master-action rule	partial^mu hstar_0(mu nu)	1	0	retained by p_gf	exact
5	980	minimal	trace-free metric antifield	hstar_0_(11)-(33)[P3]	980	-1	1	1	5	(1,1) tensor Sym^1(1/2,1/2)	4	1	proven minimal raw chain	minimal master-action rule	partial^mu hstar_0(mu nu)	1	0	retained by p_gf	exact
5	981	minimal	trace-free metric antifield	hstar_0_(11)-(33)[P2]	981	-1	1	1	5	(1,1) tensor Sym^1(1/2,1/2)	4	1	proven minimal raw chain	minimal master-action rule	partial^mu hstar_0(mu nu)	0	0	retained by p_gf	exact
5	982	minimal	trace-free metric antifield	hstar_0_(11)-(33)[P1]	982	-1	1	1	5	(1,1) tensor Sym^1(1/2,1/2)	4	1	proven minimal raw chain	minimal master-action rule	partial^mu hstar_0(mu nu)	1	0	retained by p_gf	exact
5	983	minimal	trace-free metric antifield	hstar_0_(11)-(33)[P0]	983	-1	1	1	5	(1,1) tensor Sym^1(1/2,1/2)	4	1	proven minimal raw chain	minimal master-action rule	partial^mu hstar_0(mu nu)	0	0	retained by p_gf	exact
5	984	minimal	trace-free metric antifield	hstar_0_(22)-(33)[P3]	984	-1	1	1	5	(1,1) tensor Sym^1(1/2,1/2)	4	1	proven minimal raw chain	minimal master-action rule	partial^mu hstar_0(mu nu)	1	0	retained by p_gf	exact
5	985	minimal	trace-free metric antifield	hstar_0_(22)-(33)[P2]	985	-1	1	1	5	(1,1) tensor Sym^1(1/2,1/2)	4	1	proven minimal raw chain	minimal master-action rule	partial^mu hstar_0(mu nu)	1	0	retained by p_gf	exact
5	986	minimal	trace-free metric antifield	hstar_0_(22)-(33)[P1]	986	-1	1	1	5	(1,1) tensor Sym^1(1/2,1/2)	4	1	proven minimal raw chain	minimal master-action rule	partial^mu hstar_0(mu nu)	0	0	retained by p_gf	exact
5	987	minimal	trace-free metric antifield	hstar_0_(22)-(33)[P0]	987	-1	1	1	5	(1,1) tensor Sym^1(1/2,1/2)	4	1	proven minimal raw chain	minimal master-action rule	partial^mu hstar_0(mu nu)	0	0	retained by p_gf	exact
5	988	minimal	trace metric antifield	tau_star[P3]	988	-1	1	1	5	(0,0) tensor Sym^1(1/2,1/2)	4	1	proven minimal raw chain	minimal master-action rule	Omega_star	1	0	retained by p_gf	exact
5	989	minimal	trace metric antifield	tau_star[P2]	989	-1	1	1	5	(0,0) tensor Sym^1(1/2,1/2)	4	1	proven minimal raw chain	minimal master-action rule	Omega_star	1	0	retained by p_gf	exact
5	990	minimal	trace metric antifield	tau_star[P1]	990	-1	1	1	5	(0,0) tensor Sym^1(1/2,1/2)	4	1	proven minimal raw chain	minimal master-action rule	Omega_star	1	0	retained by p_gf	exact
5	991	minimal	trace metric antifield	tau_star[P0]	991	-1	1	1	5	(0,0) tensor Sym^1(1/2,1/2)	4	1	proven minimal raw chain	minimal master-action rule	Omega_star	1	0	retained by p_gf	exact
5	992	minimal	diffeomorphism-ghost antifield	i_star_mu_0[1]	992	-2	2	2	5	(1/2,1/2) tensor Sym^0(1/2,1/2)	5	0	proven minimal raw chain	minimal master-action rule	0	0	0	retained by p_gf	exact
5	993	minimal	diffeomorphism-ghost antifield	i_star_mu_1[1]	993	-2	2	2	5	(1/2,1/2) tensor Sym^0(1/2,1/2)	5	0	proven minimal raw chain	minimal master-action rule	0	0	0	retained by p_gf	exact
5	994	minimal	diffeomorphism-ghost antifield	i_star_mu_2[1]	994	-2	2	2	5	(1/2,1/2) tensor Sym^0(1/2,1/2)	5	0	proven minimal raw chain	minimal master-action rule	0	0	0	retained by p_gf	exact
5	995	minimal	diffeomorphism-ghost antifield	i_star_mu_3[1]	995	-2	2	2	5	(1/2,1/2) tensor Sym^0(1/2,1/2)	5	0	proven minimal raw chain	minimal master-action rule	0	0	0	retained by p_gf	exact
5	996	minimal	Weyl-ghost antifield	Omega_star[P3]	996	-2	2	2	5	(0,0) tensor Sym^1(1/2,1/2)	4	1	proven minimal raw chain	minimal master-action rule	0	0	0	retained by p_gf	exact
5	997	minimal	Weyl-ghost antifield	Omega_star[P2]	997	-2	2	2	5	(0,0) tensor Sym^1(1/2,1/2)	4	1	proven minimal raw chain	minimal master-action rule	0	0	0	retained by p_gf	exact
5	998	minimal	Weyl-ghost antifield	Omega_star[P1]	998	-2	2	2	5	(0,0) tensor Sym^1(1/2,1/2)	4	1	proven minimal raw chain	minimal master-action rule	0	0	0	retained by p_gf	exact
5	999	minimal	Weyl-ghost antifield	Omega_star[P0]	999	-2	2	2	5	(0,0) tensor Sym^1(1/2,1/2)	4	1	proven minimal raw chain	minimal master-action rule	0	0	0	retained by p_gf	exact
5	1000	nonminimal	vector_antighost	vector_antighost[0]	0	-1	0	1	5	vector	3	2	nonminimal doublet	vector_multiplier	0	1	1	explicit tangent homotopy	exact
5	1001	nonminimal	vector_antighost	vector_antighost[1]	1	-1	0	1	5	vector	3	2	nonminimal doublet	vector_multiplier	0	0	2	explicit tangent homotopy	exact
5	1002	nonminimal	vector_antighost	vector_antighost[2]	2	-1	0	1	5	vector	3	2	nonminimal doublet	vector_multiplier	0	1	1	explicit tangent homotopy	exact
5	1003	nonminimal	vector_antighost	vector_antighost[3]	3	-1	0	1	5	vector	3	2	nonminimal doublet	vector_multiplier	0	0	2	explicit tangent homotopy	exact
5	1004	nonminimal	vector_antighost	vector_antighost[4]	4	-1	0	1	5	vector	3	2	nonminimal doublet	vector_multiplier	0	0	2	explicit tangent homotopy	exact
5	1005	nonminimal	vector_antighost	vector_antighost[5]	5	-1	0	1	5	vector	3	2	nonminimal doublet	vector_multiplier	0	1	1	explicit tangent homotopy	exact
5	1006	nonminimal	vector_antighost	vector_antighost[6]	6	-1	0	1	5	vector	3	2	nonminimal doublet	vector_multiplier	0	1	4	explicit tangent homotopy	exact
5	1007	nonminimal	vector_antighost	vector_antighost[7]	7	-1	0	1	5	vector	3	2	nonminimal doublet	vector_multiplier	0	1	4	explicit tangent homotopy	exact
5	1008	nonminimal	vector_antighost	vector_antighost[8]	8	-1	0	1	5	vector	3	2	nonminimal doublet	vector_multiplier	0	1	4	explicit tangent homotopy	exact
5	1009	nonminimal	vector_antighost	vector_antighost[9]	9	-1	0	1	5	vector	3	2	nonminimal doublet	vector_multiplier	0	1	3	explicit tangent homotopy	exact
5	1010	nonminimal	vector_antighost	vector_antighost[10]	10	-1	0	1	5	vector	3	2	nonminimal doublet	vector_multiplier	0	1	1	explicit tangent homotopy	exact
5	1011	nonminimal	vector_antighost	vector_antighost[11]	11	-1	0	1	5	vector	3	2	nonminimal doublet	vector_multiplier	0	0	2	explicit tangent homotopy	exact
5	1012	nonminimal	vector_antighost	vector_antighost[12]	12	-1	0	1	5	vector	3	2	nonminimal doublet	vector_multiplier	0	1	1	explicit tangent homotopy	exact
5	1013	nonminimal	vector_antighost	vector_antighost[13]	13	-1	0	1	5	vector	3	2	nonminimal doublet	vector_multiplier	0	1	4	explicit tangent homotopy	exact
5	1014	nonminimal	vector_antighost	vector_antighost[14]	14	-1	0	1	5	vector	3	2	nonminimal doublet	vector_multiplier	0	1	4	explicit tangent homotopy	exact
5	1015	nonminimal	vector_antighost	vector_antighost[15]	15	-1	0	1	5	vector	3	2	nonminimal doublet	vector_multiplier	0	1	3	explicit tangent homotopy	exact
5	1016	nonminimal	vector_antighost	vector_antighost[16]	16	-1	0	1	5	vector	3	2	nonminimal doublet	vector_multiplier	0	0	2	explicit tangent homotopy	exact
5	1017	nonminimal	vector_antighost	vector_antighost[17]	17	-1	0	1	5	vector	3	2	nonminimal doublet	vector_multiplier	0	0	2	explicit tangent homotopy	exact
5	1018	nonminimal	vector_antighost	vector_antighost[18]	18	-1	0	1	5	vector	3	2	nonminimal doublet	vector_multiplier	0	1	4	explicit tangent homotopy	exact
5	1019	nonminimal	vector_antighost	vector_antighost[19]	19	-1	0	1	5	vector	3	2	nonminimal doublet	vector_multiplier	0	1	1	explicit tangent homotopy	exact
5	1020	nonminimal	vector_antighost	vector_antighost[20]	20	-1	0	1	5	vector	3	2	nonminimal doublet	vector_multiplier	0	1	1	explicit tangent homotopy	exact
5	1021	nonminimal	vector_antighost	vector_antighost[21]	21	-1	0	1	5	vector	3	2	nonminimal doublet	vector_multiplier	0	1	4	explicit tangent homotopy	exact
5	1022	nonminimal	vector_antighost	vector_antighost[22]	22	-1	0	1	5	vector	3	2	nonminimal doublet	vector_multiplier	0	1	3	explicit tangent homotopy	exact
5	1023	nonminimal	vector_antighost	vector_antighost[23]	23	-1	0	1	5	vector	3	2	nonminimal doublet	vector_multiplier	0	0	2	explicit tangent homotopy	exact
5	1024	nonminimal	vector_antighost	vector_antighost[24]	24	-1	0	1	5	vector	3	2	nonminimal doublet	vector_multiplier	0	1	4	explicit tangent homotopy	exact
5	1025	nonminimal	vector_antighost	vector_antighost[25]	25	-1	0	1	5	vector	3	2	nonminimal doublet	vector_multiplier	0	1	1	explicit tangent homotopy	exact
5	1026	nonminimal	vector_antighost	vector_antighost[26]	26	-1	0	1	5	vector	3	2	nonminimal doublet	vector_multiplier	0	0	2	explicit tangent homotopy	exact
5	1027	nonminimal	vector_antighost	vector_antighost[27]	27	-1	0	1	5	vector	3	2	nonminimal doublet	vector_multiplier	0	1	4	explicit tangent homotopy	exact
5	1028	nonminimal	vector_antighost	vector_antighost[28]	28	-1	0	1	5	vector	3	2	nonminimal doublet	vector_multiplier	0	0	2	explicit tangent homotopy	exact
5	1029	nonminimal	vector_antighost	vector_antighost[29]	29	-1	0	1	5	vector	3	2	nonminimal doublet	vector_multiplier	0	1	1	explicit tangent homotopy	exact
5	1030	nonminimal	vector_antighost	vector_antighost[30]	30	-1	0	1	5	vector	3	2	nonminimal doublet	vector_multiplier	0	1	3	explicit tangent homotopy	exact
5	1031	nonminimal	vector_antighost	vector_antighost[31]	31	-1	0	1	5	vector	3	2	nonminimal doublet	vector_multiplier	0	1	4	explicit tangent homotopy	exact
5	1032	nonminimal	vector_antighost	vector_antighost[32]	32	-1	0	1	5	vector	3	2	nonminimal doublet	vector_multiplier	0	1	1	explicit tangent homotopy	exact
5	1033	nonminimal	vector_antighost	vector_antighost[33]	33	-1	0	1	5	vector	3	2	nonminimal doublet	vector_multiplier	0	1	4	explicit tangent homotopy	exact
5	1034	nonminimal	vector_antighost	vector_antighost[34]	34	-1	0	1	5	vector	3	2	nonminimal doublet	vector_multiplier	0	0	2	explicit tangent homotopy	exact
5	1035	nonminimal	vector_antighost	vector_antighost[35]	35	-1	0	1	5	vector	3	2	nonminimal doublet	vector_multiplier	0	1	1	explicit tangent homotopy	exact
5	1036	nonminimal	vector_antighost	vector_antighost[36]	36	-1	0	1	5	vector	3	2	nonminimal doublet	vector_multiplier	0	1	4	explicit tangent homotopy	exact
5	1037	nonminimal	vector_antighost	vector_antighost[37]	37	-1	0	1	5	vector	3	2	nonminimal doublet	vector_multiplier	0	0	2	explicit tangent homotopy	exact
5	1038	nonminimal	vector_antighost	vector_antighost[38]	38	-1	0	1	5	vector	3	2	nonminimal doublet	vector_multiplier	0	0	2	explicit tangent homotopy	exact
5	1039	nonminimal	vector_antighost	vector_antighost[39]	39	-1	0	1	5	vector	3	2	nonminimal doublet	vector_multiplier	0	1	1	explicit tangent homotopy	exact
5	1040	nonminimal	vector_multiplier	vector_multiplier[0]	0	0	0	0	5	vector	3	2	nonminimal doublet	0	vector_antighost	2	0	explicit tangent homotopy	exact
5	1041	nonminimal	vector_multiplier	vector_multiplier[1]	1	0	0	0	5	vector	3	2	nonminimal doublet	0	vector_antighost	3	0	explicit tangent homotopy	exact
5	1042	nonminimal	vector_multiplier	vector_multiplier[2]	2	0	0	0	5	vector	3	2	nonminimal doublet	0	vector_antighost	2	0	explicit tangent homotopy	exact
5	1043	nonminimal	vector_multiplier	vector_multiplier[3]	3	0	0	0	5	vector	3	2	nonminimal doublet	0	vector_antighost	3	0	explicit tangent homotopy	exact
5	1044	nonminimal	vector_multiplier	vector_multiplier[4]	4	0	0	0	5	vector	3	2	nonminimal doublet	0	vector_antighost	3	0	explicit tangent homotopy	exact
5	1045	nonminimal	vector_multiplier	vector_multiplier[5]	5	0	0	0	5	vector	3	2	nonminimal doublet	0	vector_antighost	2	0	explicit tangent homotopy	exact
5	1046	nonminimal	vector_multiplier	vector_multiplier[6]	6	0	0	0	5	vector	3	2	nonminimal doublet	0	vector_antighost	5	0	explicit tangent homotopy	exact
5	1047	nonminimal	vector_multiplier	vector_multiplier[7]	7	0	0	0	5	vector	3	2	nonminimal doublet	0	vector_antighost	5	0	explicit tangent homotopy	exact
5	1048	nonminimal	vector_multiplier	vector_multiplier[8]	8	0	0	0	5	vector	3	2	nonminimal doublet	0	vector_antighost	5	0	explicit tangent homotopy	exact
5	1049	nonminimal	vector_multiplier	vector_multiplier[9]	9	0	0	0	5	vector	3	2	nonminimal doublet	0	vector_antighost	4	0	explicit tangent homotopy	exact
5	1050	nonminimal	vector_multiplier	vector_multiplier[10]	10	0	0	0	5	vector	3	2	nonminimal doublet	0	vector_antighost	2	0	explicit tangent homotopy	exact
5	1051	nonminimal	vector_multiplier	vector_multiplier[11]	11	0	0	0	5	vector	3	2	nonminimal doublet	0	vector_antighost	3	0	explicit tangent homotopy	exact
5	1052	nonminimal	vector_multiplier	vector_multiplier[12]	12	0	0	0	5	vector	3	2	nonminimal doublet	0	vector_antighost	2	0	explicit tangent homotopy	exact
5	1053	nonminimal	vector_multiplier	vector_multiplier[13]	13	0	0	0	5	vector	3	2	nonminimal doublet	0	vector_antighost	5	0	explicit tangent homotopy	exact
5	1054	nonminimal	vector_multiplier	vector_multiplier[14]	14	0	0	0	5	vector	3	2	nonminimal doublet	0	vector_antighost	5	0	explicit tangent homotopy	exact
5	1055	nonminimal	vector_multiplier	vector_multiplier[15]	15	0	0	0	5	vector	3	2	nonminimal doublet	0	vector_antighost	4	0	explicit tangent homotopy	exact
5	1056	nonminimal	vector_multiplier	vector_multiplier[16]	16	0	0	0	5	vector	3	2	nonminimal doublet	0	vector_antighost	3	0	explicit tangent homotopy	exact
5	1057	nonminimal	vector_multiplier	vector_multiplier[17]	17	0	0	0	5	vector	3	2	nonminimal doublet	0	vector_antighost	3	0	explicit tangent homotopy	exact
5	1058	nonminimal	vector_multiplier	vector_multiplier[18]	18	0	0	0	5	vector	3	2	nonminimal doublet	0	vector_antighost	5	0	explicit tangent homotopy	exact
5	1059	nonminimal	vector_multiplier	vector_multiplier[19]	19	0	0	0	5	vector	3	2	nonminimal doublet	0	vector_antighost	2	0	explicit tangent homotopy	exact
5	1060	nonminimal	vector_multiplier	vector_multiplier[20]	20	0	0	0	5	vector	3	2	nonminimal doublet	0	vector_antighost	2	0	explicit tangent homotopy	exact
5	1061	nonminimal	vector_multiplier	vector_multiplier[21]	21	0	0	0	5	vector	3	2	nonminimal doublet	0	vector_antighost	5	0	explicit tangent homotopy	exact
5	1062	nonminimal	vector_multiplier	vector_multiplier[22]	22	0	0	0	5	vector	3	2	nonminimal doublet	0	vector_antighost	4	0	explicit tangent homotopy	exact
5	1063	nonminimal	vector_multiplier	vector_multiplier[23]	23	0	0	0	5	vector	3	2	nonminimal doublet	0	vector_antighost	3	0	explicit tangent homotopy	exact
5	1064	nonminimal	vector_multiplier	vector_multiplier[24]	24	0	0	0	5	vector	3	2	nonminimal doublet	0	vector_antighost	5	0	explicit tangent homotopy	exact
5	1065	nonminimal	vector_multiplier	vector_multiplier[25]	25	0	0	0	5	vector	3	2	nonminimal doublet	0	vector_antighost	2	0	explicit tangent homotopy	exact
5	1066	nonminimal	vector_multiplier	vector_multiplier[26]	26	0	0	0	5	vector	3	2	nonminimal doublet	0	vector_antighost	3	0	explicit tangent homotopy	exact
5	1067	nonminimal	vector_multiplier	vector_multiplier[27]	27	0	0	0	5	vector	3	2	nonminimal doublet	0	vector_antighost	5	0	explicit tangent homotopy	exact
5	1068	nonminimal	vector_multiplier	vector_multiplier[28]	28	0	0	0	5	vector	3	2	nonminimal doublet	0	vector_antighost	3	0	explicit tangent homotopy	exact
5	1069	nonminimal	vector_multiplier	vector_multiplier[29]	29	0	0	0	5	vector	3	2	nonminimal doublet	0	vector_antighost	2	0	explicit tangent homotopy	exact
5	1070	nonminimal	vector_multiplier	vector_multiplier[30]	30	0	0	0	5	vector	3	2	nonminimal doublet	0	vector_antighost	4	0	explicit tangent homotopy	exact
5	1071	nonminimal	vector_multiplier	vector_multiplier[31]	31	0	0	0	5	vector	3	2	nonminimal doublet	0	vector_antighost	5	0	explicit tangent homotopy	exact
5	1072	nonminimal	vector_multiplier	vector_multiplier[32]	32	0	0	0	5	vector	3	2	nonminimal doublet	0	vector_antighost	2	0	explicit tangent homotopy	exact
5	1073	nonminimal	vector_multiplier	vector_multiplier[33]	33	0	0	0	5	vector	3	2	nonminimal doublet	0	vector_antighost	5	0	explicit tangent homotopy	exact
5	1074	nonminimal	vector_multiplier	vector_multiplier[34]	34	0	0	0	5	vector	3	2	nonminimal doublet	0	vector_antighost	3	0	explicit tangent homotopy	exact
5	1075	nonminimal	vector_multiplier	vector_multiplier[35]	35	0	0	0	5	vector	3	2	nonminimal doublet	0	vector_antighost	2	0	explicit tangent homotopy	exact
5	1076	nonminimal	vector_multiplier	vector_multiplier[36]	36	0	0	0	5	vector	3	2	nonminimal doublet	0	vector_antighost	5	0	explicit tangent homotopy	exact
5	1077	nonminimal	vector_multiplier	vector_multiplier[37]	37	0	0	0	5	vector	3	2	nonminimal doublet	0	vector_antighost	3	0	explicit tangent homotopy	exact
5	1078	nonminimal	vector_multiplier	vector_multiplier[38]	38	0	0	0	5	vector	3	2	nonminimal doublet	0	vector_antighost	3	0	explicit tangent homotopy	exact
5	1079	nonminimal	vector_multiplier	vector_multiplier[39]	39	0	0	0	5	vector	3	2	nonminimal doublet	0	vector_antighost	2	0	explicit tangent homotopy	exact
5	1080	nonminimal	scalar_antighost	scalar_antighost[0]	0	-1	0	1	5	scalar	4	1	nonminimal doublet	scalar_multiplier	0	1	1	explicit tangent homotopy	exact
5	1081	nonminimal	scalar_antighost	scalar_antighost[1]	1	-1	0	1	5	scalar	4	1	nonminimal doublet	scalar_multiplier	0	1	1	explicit tangent homotopy	exact
5	1082	nonminimal	scalar_antighost	scalar_antighost[2]	2	-1	0	1	5	scalar	4	1	nonminimal doublet	scalar_multiplier	0	1	1	explicit tangent homotopy	exact
5	1083	nonminimal	scalar_antighost	scalar_antighost[3]	3	-1	0	1	5	scalar	4	1	nonminimal doublet	scalar_multiplier	0	1	1	explicit tangent homotopy	exact
5	1084	nonminimal	scalar_multiplier	scalar_multiplier[0]	0	0	0	0	5	scalar	4	1	nonminimal doublet	0	scalar_antighost	2	0	explicit tangent homotopy	exact
5	1085	nonminimal	scalar_multiplier	scalar_multiplier[1]	1	0	0	0	5	scalar	4	1	nonminimal doublet	0	scalar_antighost	2	0	explicit tangent homotopy	exact
5	1086	nonminimal	scalar_multiplier	scalar_multiplier[2]	2	0	0	0	5	scalar	4	1	nonminimal doublet	0	scalar_antighost	2	0	explicit tangent homotopy	exact
5	1087	nonminimal	scalar_multiplier	scalar_multiplier[3]	3	0	0	0	5	scalar	4	1	nonminimal doublet	0	scalar_antighost	2	0	explicit tangent homotopy	exact
5	1088	nonminimal	vector_antighost_antifield	vector_antighost_antifield[0]	0	0	1	0	5	covector density	1	4	nonminimal doublet	0	vector_multiplier_antifield	1	0	explicit tangent homotopy	exact
5	1089	nonminimal	vector_antighost_antifield	vector_antighost_antifield[1]	1	0	1	0	5	covector density	1	4	nonminimal doublet	0	vector_multiplier_antifield	1	0	explicit tangent homotopy	exact
5	1090	nonminimal	vector_antighost_antifield	vector_antighost_antifield[2]	2	0	1	0	5	covector density	1	4	nonminimal doublet	0	vector_multiplier_antifield	1	0	explicit tangent homotopy	exact
5	1091	nonminimal	vector_antighost_antifield	vector_antighost_antifield[3]	3	0	1	0	5	covector density	1	4	nonminimal doublet	0	vector_multiplier_antifield	1	0	explicit tangent homotopy	exact
5	1092	nonminimal	vector_antighost_antifield	vector_antighost_antifield[4]	4	0	1	0	5	covector density	1	4	nonminimal doublet	0	vector_multiplier_antifield	1	0	explicit tangent homotopy	exact
5	1093	nonminimal	vector_antighost_antifield	vector_antighost_antifield[5]	5	0	1	0	5	covector density	1	4	nonminimal doublet	0	vector_multiplier_antifield	1	0	explicit tangent homotopy	exact
5	1094	nonminimal	vector_antighost_antifield	vector_antighost_antifield[6]	6	0	1	0	5	covector density	1	4	nonminimal doublet	0	vector_multiplier_antifield	1	0	explicit tangent homotopy	exact
5	1095	nonminimal	vector_antighost_antifield	vector_antighost_antifield[7]	7	0	1	0	5	covector density	1	4	nonminimal doublet	0	vector_multiplier_antifield	1	0	explicit tangent homotopy	exact
5	1096	nonminimal	vector_antighost_antifield	vector_antighost_antifield[8]	8	0	1	0	5	covector density	1	4	nonminimal doublet	0	vector_multiplier_antifield	1	0	explicit tangent homotopy	exact
5	1097	nonminimal	vector_antighost_antifield	vector_antighost_antifield[9]	9	0	1	0	5	covector density	1	4	nonminimal doublet	0	vector_multiplier_antifield	1	0	explicit tangent homotopy	exact
5	1098	nonminimal	vector_antighost_antifield	vector_antighost_antifield[10]	10	0	1	0	5	covector density	1	4	nonminimal doublet	0	vector_multiplier_antifield	1	0	explicit tangent homotopy	exact
5	1099	nonminimal	vector_antighost_antifield	vector_antighost_antifield[11]	11	0	1	0	5	covector density	1	4	nonminimal doublet	0	vector_multiplier_antifield	1	0	explicit tangent homotopy	exact
5	1100	nonminimal	vector_antighost_antifield	vector_antighost_antifield[12]	12	0	1	0	5	covector density	1	4	nonminimal doublet	0	vector_multiplier_antifield	1	0	explicit tangent homotopy	exact
5	1101	nonminimal	vector_antighost_antifield	vector_antighost_antifield[13]	13	0	1	0	5	covector density	1	4	nonminimal doublet	0	vector_multiplier_antifield	1	0	explicit tangent homotopy	exact
5	1102	nonminimal	vector_antighost_antifield	vector_antighost_antifield[14]	14	0	1	0	5	covector density	1	4	nonminimal doublet	0	vector_multiplier_antifield	1	0	explicit tangent homotopy	exact
5	1103	nonminimal	vector_antighost_antifield	vector_antighost_antifield[15]	15	0	1	0	5	covector density	1	4	nonminimal doublet	0	vector_multiplier_antifield	1	0	explicit tangent homotopy	exact
5	1104	nonminimal	vector_antighost_antifield	vector_antighost_antifield[16]	16	0	1	0	5	covector density	1	4	nonminimal doublet	0	vector_multiplier_antifield	1	0	explicit tangent homotopy	exact
5	1105	nonminimal	vector_antighost_antifield	vector_antighost_antifield[17]	17	0	1	0	5	covector density	1	4	nonminimal doublet	0	vector_multiplier_antifield	1	0	explicit tangent homotopy	exact
5	1106	nonminimal	vector_antighost_antifield	vector_antighost_antifield[18]	18	0	1	0	5	covector density	1	4	nonminimal doublet	0	vector_multiplier_antifield	1	0	explicit tangent homotopy	exact
5	1107	nonminimal	vector_antighost_antifield	vector_antighost_antifield[19]	19	0	1	0	5	covector density	1	4	nonminimal doublet	0	vector_multiplier_antifield	1	0	explicit tangent homotopy	exact
5	1108	nonminimal	vector_antighost_antifield	vector_antighost_antifield[20]	20	0	1	0	5	covector density	1	4	nonminimal doublet	0	vector_multiplier_antifield	1	0	explicit tangent homotopy	exact
5	1109	nonminimal	vector_antighost_antifield	vector_antighost_antifield[21]	21	0	1	0	5	covector density	1	4	nonminimal doublet	0	vector_multiplier_antifield	1	0	explicit tangent homotopy	exact
5	1110	nonminimal	vector_antighost_antifield	vector_antighost_antifield[22]	22	0	1	0	5	covector density	1	4	nonminimal doublet	0	vector_multiplier_antifield	1	0	explicit tangent homotopy	exact
5	1111	nonminimal	vector_antighost_antifield	vector_antighost_antifield[23]	23	0	1	0	5	covector density	1	4	nonminimal doublet	0	vector_multiplier_antifield	1	0	explicit tangent homotopy	exact
5	1112	nonminimal	vector_antighost_antifield	vector_antighost_antifield[24]	24	0	1	0	5	covector density	1	4	nonminimal doublet	0	vector_multiplier_antifield	1	0	explicit tangent homotopy	exact
5	1113	nonminimal	vector_antighost_antifield	vector_antighost_antifield[25]	25	0	1	0	5	covector density	1	4	nonminimal doublet	0	vector_multiplier_antifield	1	0	explicit tangent homotopy	exact
5	1114	nonminimal	vector_antighost_antifield	vector_antighost_antifield[26]	26	0	1	0	5	covector density	1	4	nonminimal doublet	0	vector_multiplier_antifield	1	0	explicit tangent homotopy	exact
5	1115	nonminimal	vector_antighost_antifield	vector_antighost_antifield[27]	27	0	1	0	5	covector density	1	4	nonminimal doublet	0	vector_multiplier_antifield	1	0	explicit tangent homotopy	exact
5	1116	nonminimal	vector_antighost_antifield	vector_antighost_antifield[28]	28	0	1	0	5	covector density	1	4	nonminimal doublet	0	vector_multiplier_antifield	1	0	explicit tangent homotopy	exact
5	1117	nonminimal	vector_antighost_antifield	vector_antighost_antifield[29]	29	0	1	0	5	covector density	1	4	nonminimal doublet	0	vector_multiplier_antifield	1	0	explicit tangent homotopy	exact
5	1118	nonminimal	vector_antighost_antifield	vector_antighost_antifield[30]	30	0	1	0	5	covector density	1	4	nonminimal doublet	0	vector_multiplier_antifield	1	0	explicit tangent homotopy	exact
5	1119	nonminimal	vector_antighost_antifield	vector_antighost_antifield[31]	31	0	1	0	5	covector density	1	4	nonminimal doublet	0	vector_multiplier_antifield	1	0	explicit tangent homotopy	exact
5	1120	nonminimal	vector_antighost_antifield	vector_antighost_antifield[32]	32	0	1	0	5	covector density	1	4	nonminimal doublet	0	vector_multiplier_antifield	1	0	explicit tangent homotopy	exact
5	1121	nonminimal	vector_antighost_antifield	vector_antighost_antifield[33]	33	0	1	0	5	covector density	1	4	nonminimal doublet	0	vector_multiplier_antifield	1	0	explicit tangent homotopy	exact
5	1122	nonminimal	vector_antighost_antifield	vector_antighost_antifield[34]	34	0	1	0	5	covector density	1	4	nonminimal doublet	0	vector_multiplier_antifield	1	0	explicit tangent homotopy	exact
5	1123	nonminimal	vector_antighost_antifield	vector_antighost_antifield[35]	35	0	1	0	5	covector density	1	4	nonminimal doublet	0	vector_multiplier_antifield	1	0	explicit tangent homotopy	exact
5	1124	nonminimal	vector_antighost_antifield	vector_antighost_antifield[36]	36	0	1	0	5	covector density	1	4	nonminimal doublet	0	vector_multiplier_antifield	1	0	explicit tangent homotopy	exact
5	1125	nonminimal	vector_antighost_antifield	vector_antighost_antifield[37]	37	0	1	0	5	covector density	1	4	nonminimal doublet	0	vector_multiplier_antifield	1	0	explicit tangent homotopy	exact
5	1126	nonminimal	vector_antighost_antifield	vector_antighost_antifield[38]	38	0	1	0	5	covector density	1	4	nonminimal doublet	0	vector_multiplier_antifield	1	0	explicit tangent homotopy	exact
5	1127	nonminimal	vector_antighost_antifield	vector_antighost_antifield[39]	39	0	1	0	5	covector density	1	4	nonminimal doublet	0	vector_multiplier_antifield	1	0	explicit tangent homotopy	exact
5	1128	nonminimal	vector_antighost_antifield	vector_antighost_antifield[40]	40	0	1	0	5	covector density	1	4	nonminimal doublet	0	vector_multiplier_antifield	1	0	explicit tangent homotopy	exact
5	1129	nonminimal	vector_antighost_antifield	vector_antighost_antifield[41]	41	0	1	0	5	covector density	1	4	nonminimal doublet	0	vector_multiplier_antifield	1	0	explicit tangent homotopy	exact
5	1130	nonminimal	vector_antighost_antifield	vector_antighost_antifield[42]	42	0	1	0	5	covector density	1	4	nonminimal doublet	0	vector_multiplier_antifield	1	0	explicit tangent homotopy	exact
5	1131	nonminimal	vector_antighost_antifield	vector_antighost_antifield[43]	43	0	1	0	5	covector density	1	4	nonminimal doublet	0	vector_multiplier_antifield	1	0	explicit tangent homotopy	exact
5	1132	nonminimal	vector_antighost_antifield	vector_antighost_antifield[44]	44	0	1	0	5	covector density	1	4	nonminimal doublet	0	vector_multiplier_antifield	1	0	explicit tangent homotopy	exact
5	1133	nonminimal	vector_antighost_antifield	vector_antighost_antifield[45]	45	0	1	0	5	covector density	1	4	nonminimal doublet	0	vector_multiplier_antifield	1	0	explicit tangent homotopy	exact
5	1134	nonminimal	vector_antighost_antifield	vector_antighost_antifield[46]	46	0	1	0	5	covector density	1	4	nonminimal doublet	0	vector_multiplier_antifield	1	0	explicit tangent homotopy	exact
5	1135	nonminimal	vector_antighost_antifield	vector_antighost_antifield[47]	47	0	1	0	5	covector density	1	4	nonminimal doublet	0	vector_multiplier_antifield	1	0	explicit tangent homotopy	exact
5	1136	nonminimal	vector_antighost_antifield	vector_antighost_antifield[48]	48	0	1	0	5	covector density	1	4	nonminimal doublet	0	vector_multiplier_antifield	1	0	explicit tangent homotopy	exact
5	1137	nonminimal	vector_antighost_antifield	vector_antighost_antifield[49]	49	0	1	0	5	covector density	1	4	nonminimal doublet	0	vector_multiplier_antifield	1	0	explicit tangent homotopy	exact
5	1138	nonminimal	vector_antighost_antifield	vector_antighost_antifield[50]	50	0	1	0	5	covector density	1	4	nonminimal doublet	0	vector_multiplier_antifield	1	0	explicit tangent homotopy	exact
5	1139	nonminimal	vector_antighost_antifield	vector_antighost_antifield[51]	51	0	1	0	5	covector density	1	4	nonminimal doublet	0	vector_multiplier_antifield	1	0	explicit tangent homotopy	exact
5	1140	nonminimal	vector_antighost_antifield	vector_antighost_antifield[52]	52	0	1	0	5	covector density	1	4	nonminimal doublet	0	vector_multiplier_antifield	1	0	explicit tangent homotopy	exact
5	1141	nonminimal	vector_antighost_antifield	vector_antighost_antifield[53]	53	0	1	0	5	covector density	1	4	nonminimal doublet	0	vector_multiplier_antifield	1	0	explicit tangent homotopy	exact
5	1142	nonminimal	vector_antighost_antifield	vector_antighost_antifield[54]	54	0	1	0	5	covector density	1	4	nonminimal doublet	0	vector_multiplier_antifield	1	0	explicit tangent homotopy	exact
5	1143	nonminimal	vector_antighost_antifield	vector_antighost_antifield[55]	55	0	1	0	5	covector density	1	4	nonminimal doublet	0	vector_multiplier_antifield	1	0	explicit tangent homotopy	exact
5	1144	nonminimal	vector_antighost_antifield	vector_antighost_antifield[56]	56	0	1	0	5	covector density	1	4	nonminimal doublet	0	vector_multiplier_antifield	1	0	explicit tangent homotopy	exact
5	1145	nonminimal	vector_antighost_antifield	vector_antighost_antifield[57]	57	0	1	0	5	covector density	1	4	nonminimal doublet	0	vector_multiplier_antifield	1	0	explicit tangent homotopy	exact
5	1146	nonminimal	vector_antighost_antifield	vector_antighost_antifield[58]	58	0	1	0	5	covector density	1	4	nonminimal doublet	0	vector_multiplier_antifield	1	0	explicit tangent homotopy	exact
5	1147	nonminimal	vector_antighost_antifield	vector_antighost_antifield[59]	59	0	1	0	5	covector density	1	4	nonminimal doublet	0	vector_multiplier_antifield	1	0	explicit tangent homotopy	exact
5	1148	nonminimal	vector_antighost_antifield	vector_antighost_antifield[60]	60	0	1	0	5	covector density	1	4	nonminimal doublet	0	vector_multiplier_antifield	1	0	explicit tangent homotopy	exact
5	1149	nonminimal	vector_antighost_antifield	vector_antighost_antifield[61]	61	0	1	0	5	covector density	1	4	nonminimal doublet	0	vector_multiplier_antifield	1	0	explicit tangent homotopy	exact
5	1150	nonminimal	vector_antighost_antifield	vector_antighost_antifield[62]	62	0	1	0	5	covector density	1	4	nonminimal doublet	0	vector_multiplier_antifield	1	0	explicit tangent homotopy	exact
5	1151	nonminimal	vector_antighost_antifield	vector_antighost_antifield[63]	63	0	1	0	5	covector density	1	4	nonminimal doublet	0	vector_multiplier_antifield	1	0	explicit tangent homotopy	exact
5	1152	nonminimal	vector_antighost_antifield	vector_antighost_antifield[64]	64	0	1	0	5	covector density	1	4	nonminimal doublet	0	vector_multiplier_antifield	1	0	explicit tangent homotopy	exact
5	1153	nonminimal	vector_antighost_antifield	vector_antighost_antifield[65]	65	0	1	0	5	covector density	1	4	nonminimal doublet	0	vector_multiplier_antifield	1	0	explicit tangent homotopy	exact
5	1154	nonminimal	vector_antighost_antifield	vector_antighost_antifield[66]	66	0	1	0	5	covector density	1	4	nonminimal doublet	0	vector_multiplier_antifield	1	0	explicit tangent homotopy	exact
5	1155	nonminimal	vector_antighost_antifield	vector_antighost_antifield[67]	67	0	1	0	5	covector density	1	4	nonminimal doublet	0	vector_multiplier_antifield	1	0	explicit tangent homotopy	exact
5	1156	nonminimal	vector_antighost_antifield	vector_antighost_antifield[68]	68	0	1	0	5	covector density	1	4	nonminimal doublet	0	vector_multiplier_antifield	1	0	explicit tangent homotopy	exact
5	1157	nonminimal	vector_antighost_antifield	vector_antighost_antifield[69]	69	0	1	0	5	covector density	1	4	nonminimal doublet	0	vector_multiplier_antifield	1	0	explicit tangent homotopy	exact
5	1158	nonminimal	vector_antighost_antifield	vector_antighost_antifield[70]	70	0	1	0	5	covector density	1	4	nonminimal doublet	0	vector_multiplier_antifield	1	0	explicit tangent homotopy	exact
5	1159	nonminimal	vector_antighost_antifield	vector_antighost_antifield[71]	71	0	1	0	5	covector density	1	4	nonminimal doublet	0	vector_multiplier_antifield	1	0	explicit tangent homotopy	exact
5	1160	nonminimal	vector_antighost_antifield	vector_antighost_antifield[72]	72	0	1	0	5	covector density	1	4	nonminimal doublet	0	vector_multiplier_antifield	1	0	explicit tangent homotopy	exact
5	1161	nonminimal	vector_antighost_antifield	vector_antighost_antifield[73]	73	0	1	0	5	covector density	1	4	nonminimal doublet	0	vector_multiplier_antifield	1	0	explicit tangent homotopy	exact
5	1162	nonminimal	vector_antighost_antifield	vector_antighost_antifield[74]	74	0	1	0	5	covector density	1	4	nonminimal doublet	0	vector_multiplier_antifield	1	0	explicit tangent homotopy	exact
5	1163	nonminimal	vector_antighost_antifield	vector_antighost_antifield[75]	75	0	1	0	5	covector density	1	4	nonminimal doublet	0	vector_multiplier_antifield	1	0	explicit tangent homotopy	exact
5	1164	nonminimal	vector_antighost_antifield	vector_antighost_antifield[76]	76	0	1	0	5	covector density	1	4	nonminimal doublet	0	vector_multiplier_antifield	1	0	explicit tangent homotopy	exact
5	1165	nonminimal	vector_antighost_antifield	vector_antighost_antifield[77]	77	0	1	0	5	covector density	1	4	nonminimal doublet	0	vector_multiplier_antifield	1	0	explicit tangent homotopy	exact
5	1166	nonminimal	vector_antighost_antifield	vector_antighost_antifield[78]	78	0	1	0	5	covector density	1	4	nonminimal doublet	0	vector_multiplier_antifield	1	0	explicit tangent homotopy	exact
5	1167	nonminimal	vector_antighost_antifield	vector_antighost_antifield[79]	79	0	1	0	5	covector density	1	4	nonminimal doublet	0	vector_multiplier_antifield	1	0	explicit tangent homotopy	exact
5	1168	nonminimal	vector_antighost_antifield	vector_antighost_antifield[80]	80	0	1	0	5	covector density	1	4	nonminimal doublet	0	vector_multiplier_antifield	1	0	explicit tangent homotopy	exact
5	1169	nonminimal	vector_antighost_antifield	vector_antighost_antifield[81]	81	0	1	0	5	covector density	1	4	nonminimal doublet	0	vector_multiplier_antifield	1	0	explicit tangent homotopy	exact
5	1170	nonminimal	vector_antighost_antifield	vector_antighost_antifield[82]	82	0	1	0	5	covector density	1	4	nonminimal doublet	0	vector_multiplier_antifield	1	0	explicit tangent homotopy	exact
5	1171	nonminimal	vector_antighost_antifield	vector_antighost_antifield[83]	83	0	1	0	5	covector density	1	4	nonminimal doublet	0	vector_multiplier_antifield	1	0	explicit tangent homotopy	exact
5	1172	nonminimal	vector_antighost_antifield	vector_antighost_antifield[84]	84	0	1	0	5	covector density	1	4	nonminimal doublet	0	vector_multiplier_antifield	1	0	explicit tangent homotopy	exact
5	1173	nonminimal	vector_antighost_antifield	vector_antighost_antifield[85]	85	0	1	0	5	covector density	1	4	nonminimal doublet	0	vector_multiplier_antifield	1	0	explicit tangent homotopy	exact
5	1174	nonminimal	vector_antighost_antifield	vector_antighost_antifield[86]	86	0	1	0	5	covector density	1	4	nonminimal doublet	0	vector_multiplier_antifield	1	0	explicit tangent homotopy	exact
5	1175	nonminimal	vector_antighost_antifield	vector_antighost_antifield[87]	87	0	1	0	5	covector density	1	4	nonminimal doublet	0	vector_multiplier_antifield	1	0	explicit tangent homotopy	exact
5	1176	nonminimal	vector_antighost_antifield	vector_antighost_antifield[88]	88	0	1	0	5	covector density	1	4	nonminimal doublet	0	vector_multiplier_antifield	1	0	explicit tangent homotopy	exact
5	1177	nonminimal	vector_antighost_antifield	vector_antighost_antifield[89]	89	0	1	0	5	covector density	1	4	nonminimal doublet	0	vector_multiplier_antifield	1	0	explicit tangent homotopy	exact
5	1178	nonminimal	vector_antighost_antifield	vector_antighost_antifield[90]	90	0	1	0	5	covector density	1	4	nonminimal doublet	0	vector_multiplier_antifield	1	0	explicit tangent homotopy	exact
5	1179	nonminimal	vector_antighost_antifield	vector_antighost_antifield[91]	91	0	1	0	5	covector density	1	4	nonminimal doublet	0	vector_multiplier_antifield	1	0	explicit tangent homotopy	exact
5	1180	nonminimal	vector_antighost_antifield	vector_antighost_antifield[92]	92	0	1	0	5	covector density	1	4	nonminimal doublet	0	vector_multiplier_antifield	1	0	explicit tangent homotopy	exact
5	1181	nonminimal	vector_antighost_antifield	vector_antighost_antifield[93]	93	0	1	0	5	covector density	1	4	nonminimal doublet	0	vector_multiplier_antifield	1	0	explicit tangent homotopy	exact
5	1182	nonminimal	vector_antighost_antifield	vector_antighost_antifield[94]	94	0	1	0	5	covector density	1	4	nonminimal doublet	0	vector_multiplier_antifield	1	0	explicit tangent homotopy	exact
5	1183	nonminimal	vector_antighost_antifield	vector_antighost_antifield[95]	95	0	1	0	5	covector density	1	4	nonminimal doublet	0	vector_multiplier_antifield	1	0	explicit tangent homotopy	exact
5	1184	nonminimal	vector_antighost_antifield	vector_antighost_antifield[96]	96	0	1	0	5	covector density	1	4	nonminimal doublet	0	vector_multiplier_antifield	1	0	explicit tangent homotopy	exact
5	1185	nonminimal	vector_antighost_antifield	vector_antighost_antifield[97]	97	0	1	0	5	covector density	1	4	nonminimal doublet	0	vector_multiplier_antifield	1	0	explicit tangent homotopy	exact
5	1186	nonminimal	vector_antighost_antifield	vector_antighost_antifield[98]	98	0	1	0	5	covector density	1	4	nonminimal doublet	0	vector_multiplier_antifield	1	0	explicit tangent homotopy	exact
5	1187	nonminimal	vector_antighost_antifield	vector_antighost_antifield[99]	99	0	1	0	5	covector density	1	4	nonminimal doublet	0	vector_multiplier_antifield	1	0	explicit tangent homotopy	exact
5	1188	nonminimal	vector_antighost_antifield	vector_antighost_antifield[100]	100	0	1	0	5	covector density	1	4	nonminimal doublet	0	vector_multiplier_antifield	1	0	explicit tangent homotopy	exact
5	1189	nonminimal	vector_antighost_antifield	vector_antighost_antifield[101]	101	0	1	0	5	covector density	1	4	nonminimal doublet	0	vector_multiplier_antifield	1	0	explicit tangent homotopy	exact
5	1190	nonminimal	vector_antighost_antifield	vector_antighost_antifield[102]	102	0	1	0	5	covector density	1	4	nonminimal doublet	0	vector_multiplier_antifield	1	0	explicit tangent homotopy	exact
5	1191	nonminimal	vector_antighost_antifield	vector_antighost_antifield[103]	103	0	1	0	5	covector density	1	4	nonminimal doublet	0	vector_multiplier_antifield	1	0	explicit tangent homotopy	exact
5	1192	nonminimal	vector_antighost_antifield	vector_antighost_antifield[104]	104	0	1	0	5	covector density	1	4	nonminimal doublet	0	vector_multiplier_antifield	1	0	explicit tangent homotopy	exact
5	1193	nonminimal	vector_antighost_antifield	vector_antighost_antifield[105]	105	0	1	0	5	covector density	1	4	nonminimal doublet	0	vector_multiplier_antifield	1	0	explicit tangent homotopy	exact
5	1194	nonminimal	vector_antighost_antifield	vector_antighost_antifield[106]	106	0	1	0	5	covector density	1	4	nonminimal doublet	0	vector_multiplier_antifield	1	0	explicit tangent homotopy	exact
5	1195	nonminimal	vector_antighost_antifield	vector_antighost_antifield[107]	107	0	1	0	5	covector density	1	4	nonminimal doublet	0	vector_multiplier_antifield	1	0	explicit tangent homotopy	exact
5	1196	nonminimal	vector_antighost_antifield	vector_antighost_antifield[108]	108	0	1	0	5	covector density	1	4	nonminimal doublet	0	vector_multiplier_antifield	1	0	explicit tangent homotopy	exact
5	1197	nonminimal	vector_antighost_antifield	vector_antighost_antifield[109]	109	0	1	0	5	covector density	1	4	nonminimal doublet	0	vector_multiplier_antifield	1	0	explicit tangent homotopy	exact
5	1198	nonminimal	vector_antighost_antifield	vector_antighost_antifield[110]	110	0	1	0	5	covector density	1	4	nonminimal doublet	0	vector_multiplier_antifield	1	0	explicit tangent homotopy	exact
5	1199	nonminimal	vector_antighost_antifield	vector_antighost_antifield[111]	111	0	1	0	5	covector density	1	4	nonminimal doublet	0	vector_multiplier_antifield	1	0	explicit tangent homotopy	exact
5	1200	nonminimal	vector_antighost_antifield	vector_antighost_antifield[112]	112	0	1	0	5	covector density	1	4	nonminimal doublet	0	vector_multiplier_antifield	1	0	explicit tangent homotopy	exact
5	1201	nonminimal	vector_antighost_antifield	vector_antighost_antifield[113]	113	0	1	0	5	covector density	1	4	nonminimal doublet	0	vector_multiplier_antifield	1	0	explicit tangent homotopy	exact
5	1202	nonminimal	vector_antighost_antifield	vector_antighost_antifield[114]	114	0	1	0	5	covector density	1	4	nonminimal doublet	0	vector_multiplier_antifield	1	0	explicit tangent homotopy	exact
5	1203	nonminimal	vector_antighost_antifield	vector_antighost_antifield[115]	115	0	1	0	5	covector density	1	4	nonminimal doublet	0	vector_multiplier_antifield	1	0	explicit tangent homotopy	exact
5	1204	nonminimal	vector_antighost_antifield	vector_antighost_antifield[116]	116	0	1	0	5	covector density	1	4	nonminimal doublet	0	vector_multiplier_antifield	1	0	explicit tangent homotopy	exact
5	1205	nonminimal	vector_antighost_antifield	vector_antighost_antifield[117]	117	0	1	0	5	covector density	1	4	nonminimal doublet	0	vector_multiplier_antifield	1	0	explicit tangent homotopy	exact
5	1206	nonminimal	vector_antighost_antifield	vector_antighost_antifield[118]	118	0	1	0	5	covector density	1	4	nonminimal doublet	0	vector_multiplier_antifield	1	0	explicit tangent homotopy	exact
5	1207	nonminimal	vector_antighost_antifield	vector_antighost_antifield[119]	119	0	1	0	5	covector density	1	4	nonminimal doublet	0	vector_multiplier_antifield	1	0	explicit tangent homotopy	exact
5	1208	nonminimal	vector_antighost_antifield	vector_antighost_antifield[120]	120	0	1	0	5	covector density	1	4	nonminimal doublet	0	vector_multiplier_antifield	1	0	explicit tangent homotopy	exact
5	1209	nonminimal	vector_antighost_antifield	vector_antighost_antifield[121]	121	0	1	0	5	covector density	1	4	nonminimal doublet	0	vector_multiplier_antifield	1	0	explicit tangent homotopy	exact
5	1210	nonminimal	vector_antighost_antifield	vector_antighost_antifield[122]	122	0	1	0	5	covector density	1	4	nonminimal doublet	0	vector_multiplier_antifield	1	0	explicit tangent homotopy	exact
5	1211	nonminimal	vector_antighost_antifield	vector_antighost_antifield[123]	123	0	1	0	5	covector density	1	4	nonminimal doublet	0	vector_multiplier_antifield	1	0	explicit tangent homotopy	exact
5	1212	nonminimal	vector_antighost_antifield	vector_antighost_antifield[124]	124	0	1	0	5	covector density	1	4	nonminimal doublet	0	vector_multiplier_antifield	1	0	explicit tangent homotopy	exact
5	1213	nonminimal	vector_antighost_antifield	vector_antighost_antifield[125]	125	0	1	0	5	covector density	1	4	nonminimal doublet	0	vector_multiplier_antifield	1	0	explicit tangent homotopy	exact
5	1214	nonminimal	vector_antighost_antifield	vector_antighost_antifield[126]	126	0	1	0	5	covector density	1	4	nonminimal doublet	0	vector_multiplier_antifield	1	0	explicit tangent homotopy	exact
5	1215	nonminimal	vector_antighost_antifield	vector_antighost_antifield[127]	127	0	1	0	5	covector density	1	4	nonminimal doublet	0	vector_multiplier_antifield	1	0	explicit tangent homotopy	exact
5	1216	nonminimal	vector_antighost_antifield	vector_antighost_antifield[128]	128	0	1	0	5	covector density	1	4	nonminimal doublet	0	vector_multiplier_antifield	1	0	explicit tangent homotopy	exact
5	1217	nonminimal	vector_antighost_antifield	vector_antighost_antifield[129]	129	0	1	0	5	covector density	1	4	nonminimal doublet	0	vector_multiplier_antifield	1	0	explicit tangent homotopy	exact
5	1218	nonminimal	vector_antighost_antifield	vector_antighost_antifield[130]	130	0	1	0	5	covector density	1	4	nonminimal doublet	0	vector_multiplier_antifield	1	0	explicit tangent homotopy	exact
5	1219	nonminimal	vector_antighost_antifield	vector_antighost_antifield[131]	131	0	1	0	5	covector density	1	4	nonminimal doublet	0	vector_multiplier_antifield	1	0	explicit tangent homotopy	exact
5	1220	nonminimal	vector_antighost_antifield	vector_antighost_antifield[132]	132	0	1	0	5	covector density	1	4	nonminimal doublet	0	vector_multiplier_antifield	1	0	explicit tangent homotopy	exact
5	1221	nonminimal	vector_antighost_antifield	vector_antighost_antifield[133]	133	0	1	0	5	covector density	1	4	nonminimal doublet	0	vector_multiplier_antifield	1	0	explicit tangent homotopy	exact
5	1222	nonminimal	vector_antighost_antifield	vector_antighost_antifield[134]	134	0	1	0	5	covector density	1	4	nonminimal doublet	0	vector_multiplier_antifield	1	0	explicit tangent homotopy	exact
5	1223	nonminimal	vector_antighost_antifield	vector_antighost_antifield[135]	135	0	1	0	5	covector density	1	4	nonminimal doublet	0	vector_multiplier_antifield	1	0	explicit tangent homotopy	exact
5	1224	nonminimal	vector_antighost_antifield	vector_antighost_antifield[136]	136	0	1	0	5	covector density	1	4	nonminimal doublet	0	vector_multiplier_antifield	1	0	explicit tangent homotopy	exact
5	1225	nonminimal	vector_antighost_antifield	vector_antighost_antifield[137]	137	0	1	0	5	covector density	1	4	nonminimal doublet	0	vector_multiplier_antifield	1	0	explicit tangent homotopy	exact
5	1226	nonminimal	vector_antighost_antifield	vector_antighost_antifield[138]	138	0	1	0	5	covector density	1	4	nonminimal doublet	0	vector_multiplier_antifield	1	0	explicit tangent homotopy	exact
5	1227	nonminimal	vector_antighost_antifield	vector_antighost_antifield[139]	139	0	1	0	5	covector density	1	4	nonminimal doublet	0	vector_multiplier_antifield	1	0	explicit tangent homotopy	exact
5	1228	nonminimal	vector_multiplier_antifield	vector_multiplier_antifield[0]	0	-1	1	1	5	covector density	1	4	nonminimal doublet	vector_antighost_antifield	0	0	0	explicit tangent homotopy	exact
5	1229	nonminimal	vector_multiplier_antifield	vector_multiplier_antifield[1]	1	-1	1	1	5	covector density	1	4	nonminimal doublet	vector_antighost_antifield	0	0	0	explicit tangent homotopy	exact
5	1230	nonminimal	vector_multiplier_antifield	vector_multiplier_antifield[2]	2	-1	1	1	5	covector density	1	4	nonminimal doublet	vector_antighost_antifield	0	0	0	explicit tangent homotopy	exact
5	1231	nonminimal	vector_multiplier_antifield	vector_multiplier_antifield[3]	3	-1	1	1	5	covector density	1	4	nonminimal doublet	vector_antighost_antifield	0	0	0	explicit tangent homotopy	exact
5	1232	nonminimal	vector_multiplier_antifield	vector_multiplier_antifield[4]	4	-1	1	1	5	covector density	1	4	nonminimal doublet	vector_antighost_antifield	0	0	0	explicit tangent homotopy	exact
5	1233	nonminimal	vector_multiplier_antifield	vector_multiplier_antifield[5]	5	-1	1	1	5	covector density	1	4	nonminimal doublet	vector_antighost_antifield	0	0	0	explicit tangent homotopy	exact
5	1234	nonminimal	vector_multiplier_antifield	vector_multiplier_antifield[6]	6	-1	1	1	5	covector density	1	4	nonminimal doublet	vector_antighost_antifield	0	0	0	explicit tangent homotopy	exact
5	1235	nonminimal	vector_multiplier_antifield	vector_multiplier_antifield[7]	7	-1	1	1	5	covector density	1	4	nonminimal doublet	vector_antighost_antifield	0	0	0	explicit tangent homotopy	exact
5	1236	nonminimal	vector_multiplier_antifield	vector_multiplier_antifield[8]	8	-1	1	1	5	covector density	1	4	nonminimal doublet	vector_antighost_antifield	0	0	0	explicit tangent homotopy	exact
5	1237	nonminimal	vector_multiplier_antifield	vector_multiplier_antifield[9]	9	-1	1	1	5	covector density	1	4	nonminimal doublet	vector_antighost_antifield	0	0	0	explicit tangent homotopy	exact
5	1238	nonminimal	vector_multiplier_antifield	vector_multiplier_antifield[10]	10	-1	1	1	5	covector density	1	4	nonminimal doublet	vector_antighost_antifield	0	0	0	explicit tangent homotopy	exact
5	1239	nonminimal	vector_multiplier_antifield	vector_multiplier_antifield[11]	11	-1	1	1	5	covector density	1	4	nonminimal doublet	vector_antighost_antifield	0	0	0	explicit tangent homotopy	exact
5	1240	nonminimal	vector_multiplier_antifield	vector_multiplier_antifield[12]	12	-1	1	1	5	covector density	1	4	nonminimal doublet	vector_antighost_antifield	0	0	0	explicit tangent homotopy	exact
5	1241	nonminimal	vector_multiplier_antifield	vector_multiplier_antifield[13]	13	-1	1	1	5	covector density	1	4	nonminimal doublet	vector_antighost_antifield	0	0	0	explicit tangent homotopy	exact
5	1242	nonminimal	vector_multiplier_antifield	vector_multiplier_antifield[14]	14	-1	1	1	5	covector density	1	4	nonminimal doublet	vector_antighost_antifield	0	0	0	explicit tangent homotopy	exact
5	1243	nonminimal	vector_multiplier_antifield	vector_multiplier_antifield[15]	15	-1	1	1	5	covector density	1	4	nonminimal doublet	vector_antighost_antifield	0	0	0	explicit tangent homotopy	exact
5	1244	nonminimal	vector_multiplier_antifield	vector_multiplier_antifield[16]	16	-1	1	1	5	covector density	1	4	nonminimal doublet	vector_antighost_antifield	0	0	0	explicit tangent homotopy	exact
5	1245	nonminimal	vector_multiplier_antifield	vector_multiplier_antifield[17]	17	-1	1	1	5	covector density	1	4	nonminimal doublet	vector_antighost_antifield	0	0	0	explicit tangent homotopy	exact
5	1246	nonminimal	vector_multiplier_antifield	vector_multiplier_antifield[18]	18	-1	1	1	5	covector density	1	4	nonminimal doublet	vector_antighost_antifield	0	0	0	explicit tangent homotopy	exact
5	1247	nonminimal	vector_multiplier_antifield	vector_multiplier_antifield[19]	19	-1	1	1	5	covector density	1	4	nonminimal doublet	vector_antighost_antifield	0	0	0	explicit tangent homotopy	exact
5	1248	nonminimal	vector_multiplier_antifield	vector_multiplier_antifield[20]	20	-1	1	1	5	covector density	1	4	nonminimal doublet	vector_antighost_antifield	0	0	0	explicit tangent homotopy	exact
5	1249	nonminimal	vector_multiplier_antifield	vector_multiplier_antifield[21]	21	-1	1	1	5	covector density	1	4	nonminimal doublet	vector_antighost_antifield	0	0	0	explicit tangent homotopy	exact
5	1250	nonminimal	vector_multiplier_antifield	vector_multiplier_antifield[22]	22	-1	1	1	5	covector density	1	4	nonminimal doublet	vector_antighost_antifield	0	0	0	explicit tangent homotopy	exact
5	1251	nonminimal	vector_multiplier_antifield	vector_multiplier_antifield[23]	23	-1	1	1	5	covector density	1	4	nonminimal doublet	vector_antighost_antifield	0	0	0	explicit tangent homotopy	exact
5	1252	nonminimal	vector_multiplier_antifield	vector_multiplier_antifield[24]	24	-1	1	1	5	covector density	1	4	nonminimal doublet	vector_antighost_antifield	0	0	0	explicit tangent homotopy	exact
5	1253	nonminimal	vector_multiplier_antifield	vector_multiplier_antifield[25]	25	-1	1	1	5	covector density	1	4	nonminimal doublet	vector_antighost_antifield	0	0	0	explicit tangent homotopy	exact
5	1254	nonminimal	vector_multiplier_antifield	vector_multiplier_antifield[26]	26	-1	1	1	5	covector density	1	4	nonminimal doublet	vector_antighost_antifield	0	0	0	explicit tangent homotopy	exact
5	1255	nonminimal	vector_multiplier_antifield	vector_multiplier_antifield[27]	27	-1	1	1	5	covector density	1	4	nonminimal doublet	vector_antighost_antifield	0	0	0	explicit tangent homotopy	exact
5	1256	nonminimal	vector_multiplier_antifield	vector_multiplier_antifield[28]	28	-1	1	1	5	covector density	1	4	nonminimal doublet	vector_antighost_antifield	0	0	0	explicit tangent homotopy	exact
5	1257	nonminimal	vector_multiplier_antifield	vector_multiplier_antifield[29]	29	-1	1	1	5	covector density	1	4	nonminimal doublet	vector_antighost_antifield	0	0	0	explicit tangent homotopy	exact
5	1258	nonminimal	vector_multiplier_antifield	vector_multiplier_antifield[30]	30	-1	1	1	5	covector density	1	4	nonminimal doublet	vector_antighost_antifield	0	0	0	explicit tangent homotopy	exact
5	1259	nonminimal	vector_multiplier_antifield	vector_multiplier_antifield[31]	31	-1	1	1	5	covector density	1	4	nonminimal doublet	vector_antighost_antifield	0	0	0	explicit tangent homotopy	exact
5	1260	nonminimal	vector_multiplier_antifield	vector_multiplier_antifield[32]	32	-1	1	1	5	covector density	1	4	nonminimal doublet	vector_antighost_antifield	0	0	0	explicit tangent homotopy	exact
5	1261	nonminimal	vector_multiplier_antifield	vector_multiplier_antifield[33]	33	-1	1	1	5	covector density	1	4	nonminimal doublet	vector_antighost_antifield	0	0	0	explicit tangent homotopy	exact
5	1262	nonminimal	vector_multiplier_antifield	vector_multiplier_antifield[34]	34	-1	1	1	5	covector density	1	4	nonminimal doublet	vector_antighost_antifield	0	0	0	explicit tangent homotopy	exact
5	1263	nonminimal	vector_multiplier_antifield	vector_multiplier_antifield[35]	35	-1	1	1	5	covector density	1	4	nonminimal doublet	vector_antighost_antifield	0	0	0	explicit tangent homotopy	exact
5	1264	nonminimal	vector_multiplier_antifield	vector_multiplier_antifield[36]	36	-1	1	1	5	covector density	1	4	nonminimal doublet	vector_antighost_antifield	0	0	0	explicit tangent homotopy	exact
5	1265	nonminimal	vector_multiplier_antifield	vector_multiplier_antifield[37]	37	-1	1	1	5	covector density	1	4	nonminimal doublet	vector_antighost_antifield	0	0	0	explicit tangent homotopy	exact
5	1266	nonminimal	vector_multiplier_antifield	vector_multiplier_antifield[38]	38	-1	1	1	5	covector density	1	4	nonminimal doublet	vector_antighost_antifield	0	0	0	explicit tangent homotopy	exact
5	1267	nonminimal	vector_multiplier_antifield	vector_multiplier_antifield[39]	39	-1	1	1	5	covector density	1	4	nonminimal doublet	vector_antighost_antifield	0	0	0	explicit tangent homotopy	exact
5	1268	nonminimal	vector_multiplier_antifield	vector_multiplier_antifield[40]	40	-1	1	1	5	covector density	1	4	nonminimal doublet	vector_antighost_antifield	0	0	0	explicit tangent homotopy	exact
5	1269	nonminimal	vector_multiplier_antifield	vector_multiplier_antifield[41]	41	-1	1	1	5	covector density	1	4	nonminimal doublet	vector_antighost_antifield	0	0	0	explicit tangent homotopy	exact
5	1270	nonminimal	vector_multiplier_antifield	vector_multiplier_antifield[42]	42	-1	1	1	5	covector density	1	4	nonminimal doublet	vector_antighost_antifield	0	0	0	explicit tangent homotopy	exact
5	1271	nonminimal	vector_multiplier_antifield	vector_multiplier_antifield[43]	43	-1	1	1	5	covector density	1	4	nonminimal doublet	vector_antighost_antifield	0	0	0	explicit tangent homotopy	exact
5	1272	nonminimal	vector_multiplier_antifield	vector_multiplier_antifield[44]	44	-1	1	1	5	covector density	1	4	nonminimal doublet	vector_antighost_antifield	0	0	0	explicit tangent homotopy	exact
5	1273	nonminimal	vector_multiplier_antifield	vector_multiplier_antifield[45]	45	-1	1	1	5	covector density	1	4	nonminimal doublet	vector_antighost_antifield	0	0	0	explicit tangent homotopy	exact
5	1274	nonminimal	vector_multiplier_antifield	vector_multiplier_antifield[46]	46	-1	1	1	5	covector density	1	4	nonminimal doublet	vector_antighost_antifield	0	0	0	explicit tangent homotopy	exact
5	1275	nonminimal	vector_multiplier_antifield	vector_multiplier_antifield[47]	47	-1	1	1	5	covector density	1	4	nonminimal doublet	vector_antighost_antifield	0	0	0	explicit tangent homotopy	exact
5	1276	nonminimal	vector_multiplier_antifield	vector_multiplier_antifield[48]	48	-1	1	1	5	covector density	1	4	nonminimal doublet	vector_antighost_antifield	0	0	0	explicit tangent homotopy	exact
5	1277	nonminimal	vector_multiplier_antifield	vector_multiplier_antifield[49]	49	-1	1	1	5	covector density	1	4	nonminimal doublet	vector_antighost_antifield	0	0	0	explicit tangent homotopy	exact
5	1278	nonminimal	vector_multiplier_antifield	vector_multiplier_antifield[50]	50	-1	1	1	5	covector density	1	4	nonminimal doublet	vector_antighost_antifield	0	0	0	explicit tangent homotopy	exact
5	1279	nonminimal	vector_multiplier_antifield	vector_multiplier_antifield[51]	51	-1	1	1	5	covector density	1	4	nonminimal doublet	vector_antighost_antifield	0	0	0	explicit tangent homotopy	exact
5	1280	nonminimal	vector_multiplier_antifield	vector_multiplier_antifield[52]	52	-1	1	1	5	covector density	1	4	nonminimal doublet	vector_antighost_antifield	0	0	0	explicit tangent homotopy	exact
5	1281	nonminimal	vector_multiplier_antifield	vector_multiplier_antifield[53]	53	-1	1	1	5	covector density	1	4	nonminimal doublet	vector_antighost_antifield	0	0	0	explicit tangent homotopy	exact
5	1282	nonminimal	vector_multiplier_antifield	vector_multiplier_antifield[54]	54	-1	1	1	5	covector density	1	4	nonminimal doublet	vector_antighost_antifield	0	0	0	explicit tangent homotopy	exact
5	1283	nonminimal	vector_multiplier_antifield	vector_multiplier_antifield[55]	55	-1	1	1	5	covector density	1	4	nonminimal doublet	vector_antighost_antifield	0	0	0	explicit tangent homotopy	exact
5	1284	nonminimal	vector_multiplier_antifield	vector_multiplier_antifield[56]	56	-1	1	1	5	covector density	1	4	nonminimal doublet	vector_antighost_antifield	0	0	0	explicit tangent homotopy	exact
5	1285	nonminimal	vector_multiplier_antifield	vector_multiplier_antifield[57]	57	-1	1	1	5	covector density	1	4	nonminimal doublet	vector_antighost_antifield	0	0	0	explicit tangent homotopy	exact
5	1286	nonminimal	vector_multiplier_antifield	vector_multiplier_antifield[58]	58	-1	1	1	5	covector density	1	4	nonminimal doublet	vector_antighost_antifield	0	0	0	explicit tangent homotopy	exact
5	1287	nonminimal	vector_multiplier_antifield	vector_multiplier_antifield[59]	59	-1	1	1	5	covector density	1	4	nonminimal doublet	vector_antighost_antifield	0	0	0	explicit tangent homotopy	exact
5	1288	nonminimal	vector_multiplier_antifield	vector_multiplier_antifield[60]	60	-1	1	1	5	covector density	1	4	nonminimal doublet	vector_antighost_antifield	0	0	0	explicit tangent homotopy	exact
5	1289	nonminimal	vector_multiplier_antifield	vector_multiplier_antifield[61]	61	-1	1	1	5	covector density	1	4	nonminimal doublet	vector_antighost_antifield	0	0	0	explicit tangent homotopy	exact
5	1290	nonminimal	vector_multiplier_antifield	vector_multiplier_antifield[62]	62	-1	1	1	5	covector density	1	4	nonminimal doublet	vector_antighost_antifield	0	0	0	explicit tangent homotopy	exact
5	1291	nonminimal	vector_multiplier_antifield	vector_multiplier_antifield[63]	63	-1	1	1	5	covector density	1	4	nonminimal doublet	vector_antighost_antifield	0	0	0	explicit tangent homotopy	exact
5	1292	nonminimal	vector_multiplier_antifield	vector_multiplier_antifield[64]	64	-1	1	1	5	covector density	1	4	nonminimal doublet	vector_antighost_antifield	0	0	0	explicit tangent homotopy	exact
5	1293	nonminimal	vector_multiplier_antifield	vector_multiplier_antifield[65]	65	-1	1	1	5	covector density	1	4	nonminimal doublet	vector_antighost_antifield	0	0	0	explicit tangent homotopy	exact
5	1294	nonminimal	vector_multiplier_antifield	vector_multiplier_antifield[66]	66	-1	1	1	5	covector density	1	4	nonminimal doublet	vector_antighost_antifield	0	0	0	explicit tangent homotopy	exact
5	1295	nonminimal	vector_multiplier_antifield	vector_multiplier_antifield[67]	67	-1	1	1	5	covector density	1	4	nonminimal doublet	vector_antighost_antifield	0	0	0	explicit tangent homotopy	exact
5	1296	nonminimal	vector_multiplier_antifield	vector_multiplier_antifield[68]	68	-1	1	1	5	covector density	1	4	nonminimal doublet	vector_antighost_antifield	0	0	0	explicit tangent homotopy	exact
5	1297	nonminimal	vector_multiplier_antifield	vector_multiplier_antifield[69]	69	-1	1	1	5	covector density	1	4	nonminimal doublet	vector_antighost_antifield	0	0	0	explicit tangent homotopy	exact
5	1298	nonminimal	vector_multiplier_antifield	vector_multiplier_antifield[70]	70	-1	1	1	5	covector density	1	4	nonminimal doublet	vector_antighost_antifield	0	0	0	explicit tangent homotopy	exact
5	1299	nonminimal	vector_multiplier_antifield	vector_multiplier_antifield[71]	71	-1	1	1	5	covector density	1	4	nonminimal doublet	vector_antighost_antifield	0	0	0	explicit tangent homotopy	exact
5	1300	nonminimal	vector_multiplier_antifield	vector_multiplier_antifield[72]	72	-1	1	1	5	covector density	1	4	nonminimal doublet	vector_antighost_antifield	0	0	0	explicit tangent homotopy	exact
5	1301	nonminimal	vector_multiplier_antifield	vector_multiplier_antifield[73]	73	-1	1	1	5	covector density	1	4	nonminimal doublet	vector_antighost_antifield	0	0	0	explicit tangent homotopy	exact
5	1302	nonminimal	vector_multiplier_antifield	vector_multiplier_antifield[74]	74	-1	1	1	5	covector density	1	4	nonminimal doublet	vector_antighost_antifield	0	0	0	explicit tangent homotopy	exact
5	1303	nonminimal	vector_multiplier_antifield	vector_multiplier_antifield[75]	75	-1	1	1	5	covector density	1	4	nonminimal doublet	vector_antighost_antifield	0	0	0	explicit tangent homotopy	exact
5	1304	nonminimal	vector_multiplier_antifield	vector_multiplier_antifield[76]	76	-1	1	1	5	covector density	1	4	nonminimal doublet	vector_antighost_antifield	0	0	0	explicit tangent homotopy	exact
5	1305	nonminimal	vector_multiplier_antifield	vector_multiplier_antifield[77]	77	-1	1	1	5	covector density	1	4	nonminimal doublet	vector_antighost_antifield	0	0	0	explicit tangent homotopy	exact
5	1306	nonminimal	vector_multiplier_antifield	vector_multiplier_antifield[78]	78	-1	1	1	5	covector density	1	4	nonminimal doublet	vector_antighost_antifield	0	0	0	explicit tangent homotopy	exact
5	1307	nonminimal	vector_multiplier_antifield	vector_multiplier_antifield[79]	79	-1	1	1	5	covector density	1	4	nonminimal doublet	vector_antighost_antifield	0	0	0	explicit tangent homotopy	exact
5	1308	nonminimal	vector_multiplier_antifield	vector_multiplier_antifield[80]	80	-1	1	1	5	covector density	1	4	nonminimal doublet	vector_antighost_antifield	0	0	0	explicit tangent homotopy	exact
5	1309	nonminimal	vector_multiplier_antifield	vector_multiplier_antifield[81]	81	-1	1	1	5	covector density	1	4	nonminimal doublet	vector_antighost_antifield	0	0	0	explicit tangent homotopy	exact
5	1310	nonminimal	vector_multiplier_antifield	vector_multiplier_antifield[82]	82	-1	1	1	5	covector density	1	4	nonminimal doublet	vector_antighost_antifield	0	0	0	explicit tangent homotopy	exact
5	1311	nonminimal	vector_multiplier_antifield	vector_multiplier_antifield[83]	83	-1	1	1	5	covector density	1	4	nonminimal doublet	vector_antighost_antifield	0	0	0	explicit tangent homotopy	exact
5	1312	nonminimal	vector_multiplier_antifield	vector_multiplier_antifield[84]	84	-1	1	1	5	covector density	1	4	nonminimal doublet	vector_antighost_antifield	0	0	0	explicit tangent homotopy	exact
5	1313	nonminimal	vector_multiplier_antifield	vector_multiplier_antifield[85]	85	-1	1	1	5	covector density	1	4	nonminimal doublet	vector_antighost_antifield	0	0	0	explicit tangent homotopy	exact
5	1314	nonminimal	vector_multiplier_antifield	vector_multiplier_antifield[86]	86	-1	1	1	5	covector density	1	4	nonminimal doublet	vector_antighost_antifield	0	0	0	explicit tangent homotopy	exact
5	1315	nonminimal	vector_multiplier_antifield	vector_multiplier_antifield[87]	87	-1	1	1	5	covector density	1	4	nonminimal doublet	vector_antighost_antifield	0	0	0	explicit tangent homotopy	exact
5	1316	nonminimal	vector_multiplier_antifield	vector_multiplier_antifield[88]	88	-1	1	1	5	covector density	1	4	nonminimal doublet	vector_antighost_antifield	0	0	0	explicit tangent homotopy	exact
5	1317	nonminimal	vector_multiplier_antifield	vector_multiplier_antifield[89]	89	-1	1	1	5	covector density	1	4	nonminimal doublet	vector_antighost_antifield	0	0	0	explicit tangent homotopy	exact
5	1318	nonminimal	vector_multiplier_antifield	vector_multiplier_antifield[90]	90	-1	1	1	5	covector density	1	4	nonminimal doublet	vector_antighost_antifield	0	0	0	explicit tangent homotopy	exact
5	1319	nonminimal	vector_multiplier_antifield	vector_multiplier_antifield[91]	91	-1	1	1	5	covector density	1	4	nonminimal doublet	vector_antighost_antifield	0	0	0	explicit tangent homotopy	exact
5	1320	nonminimal	vector_multiplier_antifield	vector_multiplier_antifield[92]	92	-1	1	1	5	covector density	1	4	nonminimal doublet	vector_antighost_antifield	0	0	0	explicit tangent homotopy	exact
5	1321	nonminimal	vector_multiplier_antifield	vector_multiplier_antifield[93]	93	-1	1	1	5	covector density	1	4	nonminimal doublet	vector_antighost_antifield	0	0	0	explicit tangent homotopy	exact
5	1322	nonminimal	vector_multiplier_antifield	vector_multiplier_antifield[94]	94	-1	1	1	5	covector density	1	4	nonminimal doublet	vector_antighost_antifield	0	0	0	explicit tangent homotopy	exact
5	1323	nonminimal	vector_multiplier_antifield	vector_multiplier_antifield[95]	95	-1	1	1	5	covector density	1	4	nonminimal doublet	vector_antighost_antifield	0	0	0	explicit tangent homotopy	exact
5	1324	nonminimal	vector_multiplier_antifield	vector_multiplier_antifield[96]	96	-1	1	1	5	covector density	1	4	nonminimal doublet	vector_antighost_antifield	0	0	0	explicit tangent homotopy	exact
5	1325	nonminimal	vector_multiplier_antifield	vector_multiplier_antifield[97]	97	-1	1	1	5	covector density	1	4	nonminimal doublet	vector_antighost_antifield	0	0	0	explicit tangent homotopy	exact
5	1326	nonminimal	vector_multiplier_antifield	vector_multiplier_antifield[98]	98	-1	1	1	5	covector density	1	4	nonminimal doublet	vector_antighost_antifield	0	0	0	explicit tangent homotopy	exact
5	1327	nonminimal	vector_multiplier_antifield	vector_multiplier_antifield[99]	99	-1	1	1	5	covector density	1	4	nonminimal doublet	vector_antighost_antifield	0	0	0	explicit tangent homotopy	exact
5	1328	nonminimal	vector_multiplier_antifield	vector_multiplier_antifield[100]	100	-1	1	1	5	covector density	1	4	nonminimal doublet	vector_antighost_antifield	0	0	0	explicit tangent homotopy	exact
5	1329	nonminimal	vector_multiplier_antifield	vector_multiplier_antifield[101]	101	-1	1	1	5	covector density	1	4	nonminimal doublet	vector_antighost_antifield	0	0	0	explicit tangent homotopy	exact
5	1330	nonminimal	vector_multiplier_antifield	vector_multiplier_antifield[102]	102	-1	1	1	5	covector density	1	4	nonminimal doublet	vector_antighost_antifield	0	0	0	explicit tangent homotopy	exact
5	1331	nonminimal	vector_multiplier_antifield	vector_multiplier_antifield[103]	103	-1	1	1	5	covector density	1	4	nonminimal doublet	vector_antighost_antifield	0	0	0	explicit tangent homotopy	exact
5	1332	nonminimal	vector_multiplier_antifield	vector_multiplier_antifield[104]	104	-1	1	1	5	covector density	1	4	nonminimal doublet	vector_antighost_antifield	0	0	0	explicit tangent homotopy	exact
5	1333	nonminimal	vector_multiplier_antifield	vector_multiplier_antifield[105]	105	-1	1	1	5	covector density	1	4	nonminimal doublet	vector_antighost_antifield	0	0	0	explicit tangent homotopy	exact
5	1334	nonminimal	vector_multiplier_antifield	vector_multiplier_antifield[106]	106	-1	1	1	5	covector density	1	4	nonminimal doublet	vector_antighost_antifield	0	0	0	explicit tangent homotopy	exact
5	1335	nonminimal	vector_multiplier_antifield	vector_multiplier_antifield[107]	107	-1	1	1	5	covector density	1	4	nonminimal doublet	vector_antighost_antifield	0	0	0	explicit tangent homotopy	exact
5	1336	nonminimal	vector_multiplier_antifield	vector_multiplier_antifield[108]	108	-1	1	1	5	covector density	1	4	nonminimal doublet	vector_antighost_antifield	0	0	0	explicit tangent homotopy	exact
5	1337	nonminimal	vector_multiplier_antifield	vector_multiplier_antifield[109]	109	-1	1	1	5	covector density	1	4	nonminimal doublet	vector_antighost_antifield	0	0	0	explicit tangent homotopy	exact
5	1338	nonminimal	vector_multiplier_antifield	vector_multiplier_antifield[110]	110	-1	1	1	5	covector density	1	4	nonminimal doublet	vector_antighost_antifield	0	0	0	explicit tangent homotopy	exact
5	1339	nonminimal	vector_multiplier_antifield	vector_multiplier_antifield[111]	111	-1	1	1	5	covector density	1	4	nonminimal doublet	vector_antighost_antifield	0	0	0	explicit tangent homotopy	exact
5	1340	nonminimal	vector_multiplier_antifield	vector_multiplier_antifield[112]	112	-1	1	1	5	covector density	1	4	nonminimal doublet	vector_antighost_antifield	0	0	0	explicit tangent homotopy	exact
5	1341	nonminimal	vector_multiplier_antifield	vector_multiplier_antifield[113]	113	-1	1	1	5	covector density	1	4	nonminimal doublet	vector_antighost_antifield	0	0	0	explicit tangent homotopy	exact
5	1342	nonminimal	vector_multiplier_antifield	vector_multiplier_antifield[114]	114	-1	1	1	5	covector density	1	4	nonminimal doublet	vector_antighost_antifield	0	0	0	explicit tangent homotopy	exact
5	1343	nonminimal	vector_multiplier_antifield	vector_multiplier_antifield[115]	115	-1	1	1	5	covector density	1	4	nonminimal doublet	vector_antighost_antifield	0	0	0	explicit tangent homotopy	exact
5	1344	nonminimal	vector_multiplier_antifield	vector_multiplier_antifield[116]	116	-1	1	1	5	covector density	1	4	nonminimal doublet	vector_antighost_antifield	0	0	0	explicit tangent homotopy	exact
5	1345	nonminimal	vector_multiplier_antifield	vector_multiplier_antifield[117]	117	-1	1	1	5	covector density	1	4	nonminimal doublet	vector_antighost_antifield	0	0	0	explicit tangent homotopy	exact
5	1346	nonminimal	vector_multiplier_antifield	vector_multiplier_antifield[118]	118	-1	1	1	5	covector density	1	4	nonminimal doublet	vector_antighost_antifield	0	0	0	explicit tangent homotopy	exact
5	1347	nonminimal	vector_multiplier_antifield	vector_multiplier_antifield[119]	119	-1	1	1	5	covector density	1	4	nonminimal doublet	vector_antighost_antifield	0	0	0	explicit tangent homotopy	exact
5	1348	nonminimal	vector_multiplier_antifield	vector_multiplier_antifield[120]	120	-1	1	1	5	covector density	1	4	nonminimal doublet	vector_antighost_antifield	0	0	0	explicit tangent homotopy	exact
5	1349	nonminimal	vector_multiplier_antifield	vector_multiplier_antifield[121]	121	-1	1	1	5	covector density	1	4	nonminimal doublet	vector_antighost_antifield	0	0	0	explicit tangent homotopy	exact
5	1350	nonminimal	vector_multiplier_antifield	vector_multiplier_antifield[122]	122	-1	1	1	5	covector density	1	4	nonminimal doublet	vector_antighost_antifield	0	0	0	explicit tangent homotopy	exact
5	1351	nonminimal	vector_multiplier_antifield	vector_multiplier_antifield[123]	123	-1	1	1	5	covector density	1	4	nonminimal doublet	vector_antighost_antifield	0	0	0	explicit tangent homotopy	exact
5	1352	nonminimal	vector_multiplier_antifield	vector_multiplier_antifield[124]	124	-1	1	1	5	covector density	1	4	nonminimal doublet	vector_antighost_antifield	0	0	0	explicit tangent homotopy	exact
5	1353	nonminimal	vector_multiplier_antifield	vector_multiplier_antifield[125]	125	-1	1	1	5	covector density	1	4	nonminimal doublet	vector_antighost_antifield	0	0	0	explicit tangent homotopy	exact
5	1354	nonminimal	vector_multiplier_antifield	vector_multiplier_antifield[126]	126	-1	1	1	5	covector density	1	4	nonminimal doublet	vector_antighost_antifield	0	0	0	explicit tangent homotopy	exact
5	1355	nonminimal	vector_multiplier_antifield	vector_multiplier_antifield[127]	127	-1	1	1	5	covector density	1	4	nonminimal doublet	vector_antighost_antifield	0	0	0	explicit tangent homotopy	exact
5	1356	nonminimal	vector_multiplier_antifield	vector_multiplier_antifield[128]	128	-1	1	1	5	covector density	1	4	nonminimal doublet	vector_antighost_antifield	0	0	0	explicit tangent homotopy	exact
5	1357	nonminimal	vector_multiplier_antifield	vector_multiplier_antifield[129]	129	-1	1	1	5	covector density	1	4	nonminimal doublet	vector_antighost_antifield	0	0	0	explicit tangent homotopy	exact
5	1358	nonminimal	vector_multiplier_antifield	vector_multiplier_antifield[130]	130	-1	1	1	5	covector density	1	4	nonminimal doublet	vector_antighost_antifield	0	0	0	explicit tangent homotopy	exact
5	1359	nonminimal	vector_multiplier_antifield	vector_multiplier_antifield[131]	131	-1	1	1	5	covector density	1	4	nonminimal doublet	vector_antighost_antifield	0	0	0	explicit tangent homotopy	exact
5	1360	nonminimal	vector_multiplier_antifield	vector_multiplier_antifield[132]	132	-1	1	1	5	covector density	1	4	nonminimal doublet	vector_antighost_antifield	0	0	0	explicit tangent homotopy	exact
5	1361	nonminimal	vector_multiplier_antifield	vector_multiplier_antifield[133]	133	-1	1	1	5	covector density	1	4	nonminimal doublet	vector_antighost_antifield	0	0	0	explicit tangent homotopy	exact
5	1362	nonminimal	vector_multiplier_antifield	vector_multiplier_antifield[134]	134	-1	1	1	5	covector density	1	4	nonminimal doublet	vector_antighost_antifield	0	0	0	explicit tangent homotopy	exact
5	1363	nonminimal	vector_multiplier_antifield	vector_multiplier_antifield[135]	135	-1	1	1	5	covector density	1	4	nonminimal doublet	vector_antighost_antifield	0	0	0	explicit tangent homotopy	exact
5	1364	nonminimal	vector_multiplier_antifield	vector_multiplier_antifield[136]	136	-1	1	1	5	covector density	1	4	nonminimal doublet	vector_antighost_antifield	0	0	0	explicit tangent homotopy	exact
5	1365	nonminimal	vector_multiplier_antifield	vector_multiplier_antifield[137]	137	-1	1	1	5	covector density	1	4	nonminimal doublet	vector_antighost_antifield	0	0	0	explicit tangent homotopy	exact
5	1366	nonminimal	vector_multiplier_antifield	vector_multiplier_antifield[138]	138	-1	1	1	5	covector density	1	4	nonminimal doublet	vector_antighost_antifield	0	0	0	explicit tangent homotopy	exact
5	1367	nonminimal	vector_multiplier_antifield	vector_multiplier_antifield[139]	139	-1	1	1	5	covector density	1	4	nonminimal doublet	vector_antighost_antifield	0	0	0	explicit tangent homotopy	exact
5	1368	nonminimal	scalar_antighost_antifield	scalar_antighost_antifield[0]	0	0	1	0	5	scalar density	0	5	nonminimal doublet	0	scalar_multiplier_antifield	1	0	explicit tangent homotopy	exact
5	1369	nonminimal	scalar_antighost_antifield	scalar_antighost_antifield[1]	1	0	1	0	5	scalar density	0	5	nonminimal doublet	0	scalar_multiplier_antifield	1	0	explicit tangent homotopy	exact
5	1370	nonminimal	scalar_antighost_antifield	scalar_antighost_antifield[2]	2	0	1	0	5	scalar density	0	5	nonminimal doublet	0	scalar_multiplier_antifield	1	0	explicit tangent homotopy	exact
5	1371	nonminimal	scalar_antighost_antifield	scalar_antighost_antifield[3]	3	0	1	0	5	scalar density	0	5	nonminimal doublet	0	scalar_multiplier_antifield	1	0	explicit tangent homotopy	exact
5	1372	nonminimal	scalar_antighost_antifield	scalar_antighost_antifield[4]	4	0	1	0	5	scalar density	0	5	nonminimal doublet	0	scalar_multiplier_antifield	1	0	explicit tangent homotopy	exact
5	1373	nonminimal	scalar_antighost_antifield	scalar_antighost_antifield[5]	5	0	1	0	5	scalar density	0	5	nonminimal doublet	0	scalar_multiplier_antifield	1	0	explicit tangent homotopy	exact
5	1374	nonminimal	scalar_antighost_antifield	scalar_antighost_antifield[6]	6	0	1	0	5	scalar density	0	5	nonminimal doublet	0	scalar_multiplier_antifield	1	0	explicit tangent homotopy	exact
5	1375	nonminimal	scalar_antighost_antifield	scalar_antighost_antifield[7]	7	0	1	0	5	scalar density	0	5	nonminimal doublet	0	scalar_multiplier_antifield	1	0	explicit tangent homotopy	exact
5	1376	nonminimal	scalar_antighost_antifield	scalar_antighost_antifield[8]	8	0	1	0	5	scalar density	0	5	nonminimal doublet	0	scalar_multiplier_antifield	1	0	explicit tangent homotopy	exact
5	1377	nonminimal	scalar_antighost_antifield	scalar_antighost_antifield[9]	9	0	1	0	5	scalar density	0	5	nonminimal doublet	0	scalar_multiplier_antifield	1	0	explicit tangent homotopy	exact
5	1378	nonminimal	scalar_antighost_antifield	scalar_antighost_antifield[10]	10	0	1	0	5	scalar density	0	5	nonminimal doublet	0	scalar_multiplier_antifield	1	0	explicit tangent homotopy	exact
5	1379	nonminimal	scalar_antighost_antifield	scalar_antighost_antifield[11]	11	0	1	0	5	scalar density	0	5	nonminimal doublet	0	scalar_multiplier_antifield	1	0	explicit tangent homotopy	exact
5	1380	nonminimal	scalar_antighost_antifield	scalar_antighost_antifield[12]	12	0	1	0	5	scalar density	0	5	nonminimal doublet	0	scalar_multiplier_antifield	1	0	explicit tangent homotopy	exact
5	1381	nonminimal	scalar_antighost_antifield	scalar_antighost_antifield[13]	13	0	1	0	5	scalar density	0	5	nonminimal doublet	0	scalar_multiplier_antifield	1	0	explicit tangent homotopy	exact
5	1382	nonminimal	scalar_antighost_antifield	scalar_antighost_antifield[14]	14	0	1	0	5	scalar density	0	5	nonminimal doublet	0	scalar_multiplier_antifield	1	0	explicit tangent homotopy	exact
5	1383	nonminimal	scalar_antighost_antifield	scalar_antighost_antifield[15]	15	0	1	0	5	scalar density	0	5	nonminimal doublet	0	scalar_multiplier_antifield	1	0	explicit tangent homotopy	exact
5	1384	nonminimal	scalar_antighost_antifield	scalar_antighost_antifield[16]	16	0	1	0	5	scalar density	0	5	nonminimal doublet	0	scalar_multiplier_antifield	1	0	explicit tangent homotopy	exact
5	1385	nonminimal	scalar_antighost_antifield	scalar_antighost_antifield[17]	17	0	1	0	5	scalar density	0	5	nonminimal doublet	0	scalar_multiplier_antifield	1	0	explicit tangent homotopy	exact
5	1386	nonminimal	scalar_antighost_antifield	scalar_antighost_antifield[18]	18	0	1	0	5	scalar density	0	5	nonminimal doublet	0	scalar_multiplier_antifield	1	0	explicit tangent homotopy	exact
5	1387	nonminimal	scalar_antighost_antifield	scalar_antighost_antifield[19]	19	0	1	0	5	scalar density	0	5	nonminimal doublet	0	scalar_multiplier_antifield	1	0	explicit tangent homotopy	exact
5	1388	nonminimal	scalar_antighost_antifield	scalar_antighost_antifield[20]	20	0	1	0	5	scalar density	0	5	nonminimal doublet	0	scalar_multiplier_antifield	1	0	explicit tangent homotopy	exact
5	1389	nonminimal	scalar_antighost_antifield	scalar_antighost_antifield[21]	21	0	1	0	5	scalar density	0	5	nonminimal doublet	0	scalar_multiplier_antifield	1	0	explicit tangent homotopy	exact
5	1390	nonminimal	scalar_antighost_antifield	scalar_antighost_antifield[22]	22	0	1	0	5	scalar density	0	5	nonminimal doublet	0	scalar_multiplier_antifield	1	0	explicit tangent homotopy	exact
5	1391	nonminimal	scalar_antighost_antifield	scalar_antighost_antifield[23]	23	0	1	0	5	scalar density	0	5	nonminimal doublet	0	scalar_multiplier_antifield	1	0	explicit tangent homotopy	exact
5	1392	nonminimal	scalar_antighost_antifield	scalar_antighost_antifield[24]	24	0	1	0	5	scalar density	0	5	nonminimal doublet	0	scalar_multiplier_antifield	1	0	explicit tangent homotopy	exact
5	1393	nonminimal	scalar_antighost_antifield	scalar_antighost_antifield[25]	25	0	1	0	5	scalar density	0	5	nonminimal doublet	0	scalar_multiplier_antifield	1	0	explicit tangent homotopy	exact
5	1394	nonminimal	scalar_antighost_antifield	scalar_antighost_antifield[26]	26	0	1	0	5	scalar density	0	5	nonminimal doublet	0	scalar_multiplier_antifield	1	0	explicit tangent homotopy	exact
5	1395	nonminimal	scalar_antighost_antifield	scalar_antighost_antifield[27]	27	0	1	0	5	scalar density	0	5	nonminimal doublet	0	scalar_multiplier_antifield	1	0	explicit tangent homotopy	exact
5	1396	nonminimal	scalar_antighost_antifield	scalar_antighost_antifield[28]	28	0	1	0	5	scalar density	0	5	nonminimal doublet	0	scalar_multiplier_antifield	1	0	explicit tangent homotopy	exact
5	1397	nonminimal	scalar_antighost_antifield	scalar_antighost_antifield[29]	29	0	1	0	5	scalar density	0	5	nonminimal doublet	0	scalar_multiplier_antifield	1	0	explicit tangent homotopy	exact
5	1398	nonminimal	scalar_antighost_antifield	scalar_antighost_antifield[30]	30	0	1	0	5	scalar density	0	5	nonminimal doublet	0	scalar_multiplier_antifield	1	0	explicit tangent homotopy	exact
5	1399	nonminimal	scalar_antighost_antifield	scalar_antighost_antifield[31]	31	0	1	0	5	scalar density	0	5	nonminimal doublet	0	scalar_multiplier_antifield	1	0	explicit tangent homotopy	exact
5	1400	nonminimal	scalar_antighost_antifield	scalar_antighost_antifield[32]	32	0	1	0	5	scalar density	0	5	nonminimal doublet	0	scalar_multiplier_antifield	1	0	explicit tangent homotopy	exact
5	1401	nonminimal	scalar_antighost_antifield	scalar_antighost_antifield[33]	33	0	1	0	5	scalar density	0	5	nonminimal doublet	0	scalar_multiplier_antifield	1	0	explicit tangent homotopy	exact
5	1402	nonminimal	scalar_antighost_antifield	scalar_antighost_antifield[34]	34	0	1	0	5	scalar density	0	5	nonminimal doublet	0	scalar_multiplier_antifield	1	0	explicit tangent homotopy	exact
5	1403	nonminimal	scalar_antighost_antifield	scalar_antighost_antifield[35]	35	0	1	0	5	scalar density	0	5	nonminimal doublet	0	scalar_multiplier_antifield	1	0	explicit tangent homotopy	exact
5	1404	nonminimal	scalar_antighost_antifield	scalar_antighost_antifield[36]	36	0	1	0	5	scalar density	0	5	nonminimal doublet	0	scalar_multiplier_antifield	1	0	explicit tangent homotopy	exact
5	1405	nonminimal	scalar_antighost_antifield	scalar_antighost_antifield[37]	37	0	1	0	5	scalar density	0	5	nonminimal doublet	0	scalar_multiplier_antifield	1	0	explicit tangent homotopy	exact
5	1406	nonminimal	scalar_antighost_antifield	scalar_antighost_antifield[38]	38	0	1	0	5	scalar density	0	5	nonminimal doublet	0	scalar_multiplier_antifield	1	0	explicit tangent homotopy	exact
5	1407	nonminimal	scalar_antighost_antifield	scalar_antighost_antifield[39]	39	0	1	0	5	scalar density	0	5	nonminimal doublet	0	scalar_multiplier_antifield	1	0	explicit tangent homotopy	exact
5	1408	nonminimal	scalar_antighost_antifield	scalar_antighost_antifield[40]	40	0	1	0	5	scalar density	0	5	nonminimal doublet	0	scalar_multiplier_antifield	1	0	explicit tangent homotopy	exact
5	1409	nonminimal	scalar_antighost_antifield	scalar_antighost_antifield[41]	41	0	1	0	5	scalar density	0	5	nonminimal doublet	0	scalar_multiplier_antifield	1	0	explicit tangent homotopy	exact
5	1410	nonminimal	scalar_antighost_antifield	scalar_antighost_antifield[42]	42	0	1	0	5	scalar density	0	5	nonminimal doublet	0	scalar_multiplier_antifield	1	0	explicit tangent homotopy	exact
5	1411	nonminimal	scalar_antighost_antifield	scalar_antighost_antifield[43]	43	0	1	0	5	scalar density	0	5	nonminimal doublet	0	scalar_multiplier_antifield	1	0	explicit tangent homotopy	exact
5	1412	nonminimal	scalar_antighost_antifield	scalar_antighost_antifield[44]	44	0	1	0	5	scalar density	0	5	nonminimal doublet	0	scalar_multiplier_antifield	1	0	explicit tangent homotopy	exact
5	1413	nonminimal	scalar_antighost_antifield	scalar_antighost_antifield[45]	45	0	1	0	5	scalar density	0	5	nonminimal doublet	0	scalar_multiplier_antifield	1	0	explicit tangent homotopy	exact
5	1414	nonminimal	scalar_antighost_antifield	scalar_antighost_antifield[46]	46	0	1	0	5	scalar density	0	5	nonminimal doublet	0	scalar_multiplier_antifield	1	0	explicit tangent homotopy	exact
5	1415	nonminimal	scalar_antighost_antifield	scalar_antighost_antifield[47]	47	0	1	0	5	scalar density	0	5	nonminimal doublet	0	scalar_multiplier_antifield	1	0	explicit tangent homotopy	exact
5	1416	nonminimal	scalar_antighost_antifield	scalar_antighost_antifield[48]	48	0	1	0	5	scalar density	0	5	nonminimal doublet	0	scalar_multiplier_antifield	1	0	explicit tangent homotopy	exact
5	1417	nonminimal	scalar_antighost_antifield	scalar_antighost_antifield[49]	49	0	1	0	5	scalar density	0	5	nonminimal doublet	0	scalar_multiplier_antifield	1	0	explicit tangent homotopy	exact
5	1418	nonminimal	scalar_antighost_antifield	scalar_antighost_antifield[50]	50	0	1	0	5	scalar density	0	5	nonminimal doublet	0	scalar_multiplier_antifield	1	0	explicit tangent homotopy	exact
5	1419	nonminimal	scalar_antighost_antifield	scalar_antighost_antifield[51]	51	0	1	0	5	scalar density	0	5	nonminimal doublet	0	scalar_multiplier_antifield	1	0	explicit tangent homotopy	exact
5	1420	nonminimal	scalar_antighost_antifield	scalar_antighost_antifield[52]	52	0	1	0	5	scalar density	0	5	nonminimal doublet	0	scalar_multiplier_antifield	1	0	explicit tangent homotopy	exact
5	1421	nonminimal	scalar_antighost_antifield	scalar_antighost_antifield[53]	53	0	1	0	5	scalar density	0	5	nonminimal doublet	0	scalar_multiplier_antifield	1	0	explicit tangent homotopy	exact
5	1422	nonminimal	scalar_antighost_antifield	scalar_antighost_antifield[54]	54	0	1	0	5	scalar density	0	5	nonminimal doublet	0	scalar_multiplier_antifield	1	0	explicit tangent homotopy	exact
5	1423	nonminimal	scalar_antighost_antifield	scalar_antighost_antifield[55]	55	0	1	0	5	scalar density	0	5	nonminimal doublet	0	scalar_multiplier_antifield	1	0	explicit tangent homotopy	exact
5	1424	nonminimal	scalar_multiplier_antifield	scalar_multiplier_antifield[0]	0	-1	1	1	5	scalar density	0	5	nonminimal doublet	scalar_antighost_antifield	0	0	0	explicit tangent homotopy	exact
5	1425	nonminimal	scalar_multiplier_antifield	scalar_multiplier_antifield[1]	1	-1	1	1	5	scalar density	0	5	nonminimal doublet	scalar_antighost_antifield	0	0	0	explicit tangent homotopy	exact
5	1426	nonminimal	scalar_multiplier_antifield	scalar_multiplier_antifield[2]	2	-1	1	1	5	scalar density	0	5	nonminimal doublet	scalar_antighost_antifield	0	0	0	explicit tangent homotopy	exact
5	1427	nonminimal	scalar_multiplier_antifield	scalar_multiplier_antifield[3]	3	-1	1	1	5	scalar density	0	5	nonminimal doublet	scalar_antighost_antifield	0	0	0	explicit tangent homotopy	exact
5	1428	nonminimal	scalar_multiplier_antifield	scalar_multiplier_antifield[4]	4	-1	1	1	5	scalar density	0	5	nonminimal doublet	scalar_antighost_antifield	0	0	0	explicit tangent homotopy	exact
5	1429	nonminimal	scalar_multiplier_antifield	scalar_multiplier_antifield[5]	5	-1	1	1	5	scalar density	0	5	nonminimal doublet	scalar_antighost_antifield	0	0	0	explicit tangent homotopy	exact
5	1430	nonminimal	scalar_multiplier_antifield	scalar_multiplier_antifield[6]	6	-1	1	1	5	scalar density	0	5	nonminimal doublet	scalar_antighost_antifield	0	0	0	explicit tangent homotopy	exact
5	1431	nonminimal	scalar_multiplier_antifield	scalar_multiplier_antifield[7]	7	-1	1	1	5	scalar density	0	5	nonminimal doublet	scalar_antighost_antifield	0	0	0	explicit tangent homotopy	exact
5	1432	nonminimal	scalar_multiplier_antifield	scalar_multiplier_antifield[8]	8	-1	1	1	5	scalar density	0	5	nonminimal doublet	scalar_antighost_antifield	0	0	0	explicit tangent homotopy	exact
5	1433	nonminimal	scalar_multiplier_antifield	scalar_multiplier_antifield[9]	9	-1	1	1	5	scalar density	0	5	nonminimal doublet	scalar_antighost_antifield	0	0	0	explicit tangent homotopy	exact
5	1434	nonminimal	scalar_multiplier_antifield	scalar_multiplier_antifield[10]	10	-1	1	1	5	scalar density	0	5	nonminimal doublet	scalar_antighost_antifield	0	0	0	explicit tangent homotopy	exact
5	1435	nonminimal	scalar_multiplier_antifield	scalar_multiplier_antifield[11]	11	-1	1	1	5	scalar density	0	5	nonminimal doublet	scalar_antighost_antifield	0	0	0	explicit tangent homotopy	exact
5	1436	nonminimal	scalar_multiplier_antifield	scalar_multiplier_antifield[12]	12	-1	1	1	5	scalar density	0	5	nonminimal doublet	scalar_antighost_antifield	0	0	0	explicit tangent homotopy	exact
5	1437	nonminimal	scalar_multiplier_antifield	scalar_multiplier_antifield[13]	13	-1	1	1	5	scalar density	0	5	nonminimal doublet	scalar_antighost_antifield	0	0	0	explicit tangent homotopy	exact
5	1438	nonminimal	scalar_multiplier_antifield	scalar_multiplier_antifield[14]	14	-1	1	1	5	scalar density	0	5	nonminimal doublet	scalar_antighost_antifield	0	0	0	explicit tangent homotopy	exact
5	1439	nonminimal	scalar_multiplier_antifield	scalar_multiplier_antifield[15]	15	-1	1	1	5	scalar density	0	5	nonminimal doublet	scalar_antighost_antifield	0	0	0	explicit tangent homotopy	exact
5	1440	nonminimal	scalar_multiplier_antifield	scalar_multiplier_antifield[16]	16	-1	1	1	5	scalar density	0	5	nonminimal doublet	scalar_antighost_antifield	0	0	0	explicit tangent homotopy	exact
5	1441	nonminimal	scalar_multiplier_antifield	scalar_multiplier_antifield[17]	17	-1	1	1	5	scalar density	0	5	nonminimal doublet	scalar_antighost_antifield	0	0	0	explicit tangent homotopy	exact
5	1442	nonminimal	scalar_multiplier_antifield	scalar_multiplier_antifield[18]	18	-1	1	1	5	scalar density	0	5	nonminimal doublet	scalar_antighost_antifield	0	0	0	explicit tangent homotopy	exact
5	1443	nonminimal	scalar_multiplier_antifield	scalar_multiplier_antifield[19]	19	-1	1	1	5	scalar density	0	5	nonminimal doublet	scalar_antighost_antifield	0	0	0	explicit tangent homotopy	exact
5	1444	nonminimal	scalar_multiplier_antifield	scalar_multiplier_antifield[20]	20	-1	1	1	5	scalar density	0	5	nonminimal doublet	scalar_antighost_antifield	0	0	0	explicit tangent homotopy	exact
5	1445	nonminimal	scalar_multiplier_antifield	scalar_multiplier_antifield[21]	21	-1	1	1	5	scalar density	0	5	nonminimal doublet	scalar_antighost_antifield	0	0	0	explicit tangent homotopy	exact
5	1446	nonminimal	scalar_multiplier_antifield	scalar_multiplier_antifield[22]	22	-1	1	1	5	scalar density	0	5	nonminimal doublet	scalar_antighost_antifield	0	0	0	explicit tangent homotopy	exact
5	1447	nonminimal	scalar_multiplier_antifield	scalar_multiplier_antifield[23]	23	-1	1	1	5	scalar density	0	5	nonminimal doublet	scalar_antighost_antifield	0	0	0	explicit tangent homotopy	exact
5	1448	nonminimal	scalar_multiplier_antifield	scalar_multiplier_antifield[24]	24	-1	1	1	5	scalar density	0	5	nonminimal doublet	scalar_antighost_antifield	0	0	0	explicit tangent homotopy	exact
5	1449	nonminimal	scalar_multiplier_antifield	scalar_multiplier_antifield[25]	25	-1	1	1	5	scalar density	0	5	nonminimal doublet	scalar_antighost_antifield	0	0	0	explicit tangent homotopy	exact
5	1450	nonminimal	scalar_multiplier_antifield	scalar_multiplier_antifield[26]	26	-1	1	1	5	scalar density	0	5	nonminimal doublet	scalar_antighost_antifield	0	0	0	explicit tangent homotopy	exact
5	1451	nonminimal	scalar_multiplier_antifield	scalar_multiplier_antifield[27]	27	-1	1	1	5	scalar density	0	5	nonminimal doublet	scalar_antighost_antifield	0	0	0	explicit tangent homotopy	exact
5	1452	nonminimal	scalar_multiplier_antifield	scalar_multiplier_antifield[28]	28	-1	1	1	5	scalar density	0	5	nonminimal doublet	scalar_antighost_antifield	0	0	0	explicit tangent homotopy	exact
5	1453	nonminimal	scalar_multiplier_antifield	scalar_multiplier_antifield[29]	29	-1	1	1	5	scalar density	0	5	nonminimal doublet	scalar_antighost_antifield	0	0	0	explicit tangent homotopy	exact
5	1454	nonminimal	scalar_multiplier_antifield	scalar_multiplier_antifield[30]	30	-1	1	1	5	scalar density	0	5	nonminimal doublet	scalar_antighost_antifield	0	0	0	explicit tangent homotopy	exact
5	1455	nonminimal	scalar_multiplier_antifield	scalar_multiplier_antifield[31]	31	-1	1	1	5	scalar density	0	5	nonminimal doublet	scalar_antighost_antifield	0	0	0	explicit tangent homotopy	exact
5	1456	nonminimal	scalar_multiplier_antifield	scalar_multiplier_antifield[32]	32	-1	1	1	5	scalar density	0	5	nonminimal doublet	scalar_antighost_antifield	0	0	0	explicit tangent homotopy	exact
5	1457	nonminimal	scalar_multiplier_antifield	scalar_multiplier_antifield[33]	33	-1	1	1	5	scalar density	0	5	nonminimal doublet	scalar_antighost_antifield	0	0	0	explicit tangent homotopy	exact
5	1458	nonminimal	scalar_multiplier_antifield	scalar_multiplier_antifield[34]	34	-1	1	1	5	scalar density	0	5	nonminimal doublet	scalar_antighost_antifield	0	0	0	explicit tangent homotopy	exact
5	1459	nonminimal	scalar_multiplier_antifield	scalar_multiplier_antifield[35]	35	-1	1	1	5	scalar density	0	5	nonminimal doublet	scalar_antighost_antifield	0	0	0	explicit tangent homotopy	exact
5	1460	nonminimal	scalar_multiplier_antifield	scalar_multiplier_antifield[36]	36	-1	1	1	5	scalar density	0	5	nonminimal doublet	scalar_antighost_antifield	0	0	0	explicit tangent homotopy	exact
5	1461	nonminimal	scalar_multiplier_antifield	scalar_multiplier_antifield[37]	37	-1	1	1	5	scalar density	0	5	nonminimal doublet	scalar_antighost_antifield	0	0	0	explicit tangent homotopy	exact
5	1462	nonminimal	scalar_multiplier_antifield	scalar_multiplier_antifield[38]	38	-1	1	1	5	scalar density	0	5	nonminimal doublet	scalar_antighost_antifield	0	0	0	explicit tangent homotopy	exact
5	1463	nonminimal	scalar_multiplier_antifield	scalar_multiplier_antifield[39]	39	-1	1	1	5	scalar density	0	5	nonminimal doublet	scalar_antighost_antifield	0	0	0	explicit tangent homotopy	exact
5	1464	nonminimal	scalar_multiplier_antifield	scalar_multiplier_antifield[40]	40	-1	1	1	5	scalar density	0	5	nonminimal doublet	scalar_antighost_antifield	0	0	0	explicit tangent homotopy	exact
5	1465	nonminimal	scalar_multiplier_antifield	scalar_multiplier_antifield[41]	41	-1	1	1	5	scalar density	0	5	nonminimal doublet	scalar_antighost_antifield	0	0	0	explicit tangent homotopy	exact
5	1466	nonminimal	scalar_multiplier_antifield	scalar_multiplier_antifield[42]	42	-1	1	1	5	scalar density	0	5	nonminimal doublet	scalar_antighost_antifield	0	0	0	explicit tangent homotopy	exact
5	1467	nonminimal	scalar_multiplier_antifield	scalar_multiplier_antifield[43]	43	-1	1	1	5	scalar density	0	5	nonminimal doublet	scalar_antighost_antifield	0	0	0	explicit tangent homotopy	exact
5	1468	nonminimal	scalar_multiplier_antifield	scalar_multiplier_antifield[44]	44	-1	1	1	5	scalar density	0	5	nonminimal doublet	scalar_antighost_antifield	0	0	0	explicit tangent homotopy	exact
5	1469	nonminimal	scalar_multiplier_antifield	scalar_multiplier_antifield[45]	45	-1	1	1	5	scalar density	0	5	nonminimal doublet	scalar_antighost_antifield	0	0	0	explicit tangent homotopy	exact
5	1470	nonminimal	scalar_multiplier_antifield	scalar_multiplier_antifield[46]	46	-1	1	1	5	scalar density	0	5	nonminimal doublet	scalar_antighost_antifield	0	0	0	explicit tangent homotopy	exact
5	1471	nonminimal	scalar_multiplier_antifield	scalar_multiplier_antifield[47]	47	-1	1	1	5	scalar density	0	5	nonminimal doublet	scalar_antighost_antifield	0	0	0	explicit tangent homotopy	exact
5	1472	nonminimal	scalar_multiplier_antifield	scalar_multiplier_antifield[48]	48	-1	1	1	5	scalar density	0	5	nonminimal doublet	scalar_antighost_antifield	0	0	0	explicit tangent homotopy	exact
5	1473	nonminimal	scalar_multiplier_antifield	scalar_multiplier_antifield[49]	49	-1	1	1	5	scalar density	0	5	nonminimal doublet	scalar_antighost_antifield	0	0	0	explicit tangent homotopy	exact
5	1474	nonminimal	scalar_multiplier_antifield	scalar_multiplier_antifield[50]	50	-1	1	1	5	scalar density	0	5	nonminimal doublet	scalar_antighost_antifield	0	0	0	explicit tangent homotopy	exact
5	1475	nonminimal	scalar_multiplier_antifield	scalar_multiplier_antifield[51]	51	-1	1	1	5	scalar density	0	5	nonminimal doublet	scalar_antighost_antifield	0	0	0	explicit tangent homotopy	exact
5	1476	nonminimal	scalar_multiplier_antifield	scalar_multiplier_antifield[52]	52	-1	1	1	5	scalar density	0	5	nonminimal doublet	scalar_antighost_antifield	0	0	0	explicit tangent homotopy	exact
5	1477	nonminimal	scalar_multiplier_antifield	scalar_multiplier_antifield[53]	53	-1	1	1	5	scalar density	0	5	nonminimal doublet	scalar_antighost_antifield	0	0	0	explicit tangent homotopy	exact
5	1478	nonminimal	scalar_multiplier_antifield	scalar_multiplier_antifield[54]	54	-1	1	1	5	scalar density	0	5	nonminimal doublet	scalar_antighost_antifield	0	0	0	explicit tangent homotopy	exact
5	1479	nonminimal	scalar_multiplier_antifield	scalar_multiplier_antifield[55]	55	-1	1	1	5	scalar density	0	5	nonminimal doublet	scalar_antighost_antifield	0	0	0	explicit tangent homotopy	exact
